pH,EC,Organic_Carbon,Nitrogen,Phosphorus,Potassium,Rainfall_mm,Temperature_C,Soil_Type,District,Season,Crop
7.33,0.11,0.55,208,43,438,552,30.4,Medium Black,Banaskantha,Kharif,Groundnut
7.05,0.11,0.53,244,36,393,601,30.7,Black,Surat,Kharif,Groundnut
7.08,0.24,0.75,200,62,337,642,26.2,Black,Rajkot,Kharif,Groundnut
6.62,0.15,0.75,257,51,261,873,28.7,Medium Black,Surendranagar,Kharif,Groundnut
6.99,0.38,0.74,259,58,397,598,30.6,Medium Black,Kutch,Kharif,Groundnut
6.8,0.24,0.48,209,41,347,642,28.6,Black,Amreli,Kharif,Groundnut
6.98,0.2,0.54,189,45,386,873,27,Black,Ahmedabad,Kharif,Groundnut
6.85,0.56,0.69,208,55,446,897,25.4,Medium Black,Bharuch,Kharif,Groundnut
6.91,0.23,0.52,252,55,304,835,29,Black,Amreli,Kharif,Groundnut
6.84,0.22,0.65,213,62,399,704,27.9,Medium Black,Mehsana,Kharif,Groundnut
7.14,0.48,0.75,199,45,424,716,29.8,Black,Ahmedabad,Kharif,Groundnut
7.27,0.33,0.54,250,35,424,869,25.9,Black,Bharuch,Kharif,Groundnut
7.33,0.16,0.6,238,35,434,868,27.1,Medium Black,Mehsana,Kharif,Groundnut
7.69,0.54,0.55,244,47,289,691,31.1,Medium Black,Banaskantha,Kharif,Groundnut
6.92,0.11,0.78,219,50,264,623,32,Medium Black,Rajkot,Kharif,Groundnut
7.45,0.51,0.79,248,43,282,837,28.8,Medium Black,Navsari,Kharif,Groundnut
7.19,0.4,0.79,249,47,432,659,28.2,Black,Gandhinagar,Kharif,Groundnut
7.67,0.33,0.54,188,56,255,801,29.4,Medium Black,Junagadh,Kharif,Groundnut
6.59,0.42,0.53,184,56,268,763,26.9,Black,Surat,Kharif,Groundnut
7.2,0.46,0.76,253,65,312,742,31.5,Medium Black,Rajkot,Kharif,Groundnut
6.63,0.32,0.6,239,38,422,834,32.9,Medium Black,Junagadh,Kharif,Groundnut
7.02,0.27,0.75,211,47,298,774,28.6,Black,Amreli,Kharif,Groundnut
6.86,0.22,0.77,236,70,275,525,30.2,Medium Black,Rajkot,Kharif,Groundnut
7.7,0.52,0.51,242,65,304,705,32.2,Medium Black,Ahmedabad,Kharif,Groundnut
6.5,0.3,0.77,238,53,358,856,32.7,Black,Amreli,Kharif,Groundnut
6.75,0.21,0.47,249,38,441,660,25.5,Black,Mehsana,Kharif,Groundnut
7.7,0.37,0.47,245,40,297,535,29.8,Medium Black,Ahmedabad,Kharif,Groundnut
6.66,0.55,0.54,256,37,408,541,28.4,Black,Surendranagar,Kharif,Groundnut
6.84,0.43,0.56,213,60,283,843,30.2,Black,Vadodara,Kharif,Groundnut
7.71,0.57,0.45,259,41,268,775,26.7,Black,Amreli,Kharif,Groundnut
7.71,0.54,0.76,227,53,290,724,31.7,Black,Banaskantha,Kharif,Groundnut
7.78,0.5,0.64,250,54,419,553,32.5,Medium Black,Navsari,Kharif,Groundnut
6.65,0.15,0.64,214,53,404,607,30.7,Medium Black,Kutch,Kharif,Groundnut
7.32,0.23,0.62,186,40,412,716,31.6,Medium Black,Junagadh,Kharif,Groundnut
6.93,0.17,0.79,200,63,391,861,28.4,Medium Black,Rajkot,Kharif,Groundnut
6.6,0.54,0.77,249,37,344,798,29.4,Black,Amreli,Kharif,Groundnut
6.55,0.28,0.78,185,57,303,849,27,Medium Black,Vadodara,Kharif,Groundnut
7.51,0.54,0.59,259,44,310,583,32.8,Medium Black,Surendranagar,Kharif,Groundnut
7.04,0.19,0.77,232,50,318,581,31.3,Medium Black,Ahmedabad,Kharif,Groundnut
7.63,0.53,0.53,238,57,328,616,26.8,Medium Black,Ahmedabad,Kharif,Groundnut
6.93,0.53,0.79,215,57,414,760,28.2,Black,Junagadh,Kharif,Groundnut
6.65,0.59,0.51,213,37,277,805,28.5,Black,Ahmedabad,Kharif,Groundnut
7.29,0.36,0.58,253,47,315,522,30.7,Medium Black,Mehsana,Kharif,Groundnut
7.7,0.37,0.7,205,58,360,535,32.6,Black,Banaskantha,Kharif,Groundnut
6.91,0.52,0.7,218,67,329,841,28.3,Black,Bhavnagar,Kharif,Groundnut
6.88,0.16,0.6,228,46,407,791,27.4,Medium Black,Navsari,Kharif,Groundnut
6.87,0.31,0.65,221,64,363,726,30.4,Black,Bharuch,Kharif,Groundnut
7.67,0.5,0.51,190,53,381,839,30.1,Black,Rajkot,Kharif,Groundnut
7.56,0.48,0.69,208,47,287,512,25.4,Black,Banaskantha,Kharif,Groundnut
7.6,0.14,0.6,260,47,433,856,28.1,Black,Surat,Kharif,Groundnut
6.69,0.44,0.76,193,62,306,590,31.4,Black,Junagadh,Kharif,Groundnut
7.22,0.56,0.49,197,64,420,771,32.9,Black,Bharuch,Kharif,Groundnut
7.66,0.41,0.7,244,62,390,728,32.2,Black,Gandhinagar,Kharif,Groundnut
6.84,0.22,0.67,246,66,410,622,27.2,Medium Black,Bhavnagar,Kharif,Groundnut
6.87,0.24,0.56,249,40,285,577,26.9,Medium Black,Bhavnagar,Kharif,Groundnut
6.78,0.31,0.57,239,61,265,605,31.7,Black,Surendranagar,Kharif,Groundnut
7.5,0.57,0.46,253,59,372,503,32.5,Black,Bharuch,Kharif,Groundnut
7.01,0.55,0.74,248,69,404,612,28.9,Black,Ahmedabad,Kharif,Groundnut
7.13,0.29,0.68,231,45,369,565,32.8,Medium Black,Surendranagar,Kharif,Groundnut
7.01,0.38,0.46,234,43,368,593,25.4,Black,Vadodara,Kharif,Groundnut
6.78,0.26,0.72,228,52,442,715,27,Medium Black,Gandhinagar,Kharif,Groundnut
6.53,0.37,0.8,224,49,416,535,31.2,Medium Black,Bharuch,Kharif,Groundnut
6.54,0.22,0.74,259,44,311,564,28.8,Medium Black,Banaskantha,Kharif,Groundnut
7.73,0.33,0.54,227,45,405,810,32.7,Medium Black,Bharuch,Kharif,Groundnut
7.57,0.58,0.49,183,54,397,846,32.3,Black,Ahmedabad,Kharif,Groundnut
7.72,0.2,0.66,260,50,276,856,31.2,Medium Black,Bharuch,Kharif,Groundnut
7.78,0.49,0.57,234,58,267,759,30.2,Medium Black,Anand,Kharif,Groundnut
7.05,0.35,0.6,226,64,431,578,28.5,Black,Banaskantha,Kharif,Groundnut
7.55,0.37,0.62,235,52,332,625,31.6,Medium Black,Navsari,Kharif,Groundnut
7.65,0.22,0.61,258,59,336,514,29,Black,Amreli,Kharif,Groundnut
7.13,0.28,0.54,215,52,392,505,29.1,Medium Black,Rajkot,Kharif,Groundnut
6.81,0.3,0.64,210,65,415,864,28.9,Medium Black,Rajkot,Kharif,Groundnut
6.88,0.3,0.54,254,58,371,783,29.2,Black,Bhavnagar,Kharif,Groundnut
7.22,0.28,0.61,219,51,309,561,30.8,Black,Rajkot,Kharif,Groundnut
7.47,0.58,0.69,204,48,439,747,27.2,Black,Rajkot,Kharif,Groundnut
7.58,0.25,0.58,218,35,431,773,26,Medium Black,Junagadh,Kharif,Groundnut
7.22,0.45,0.49,242,41,253,793,27.3,Black,Gandhinagar,Kharif,Groundnut
6.94,0.58,0.54,241,42,266,705,28.9,Medium Black,Amreli,Kharif,Groundnut
6.69,0.38,0.56,211,42,392,891,28.3,Medium Black,Bharuch,Kharif,Groundnut
7.18,0.33,0.6,255,62,328,791,30,Medium Black,Bharuch,Kharif,Groundnut
6.77,0.21,0.68,200,50,294,782,25.6,Medium Black,Ahmedabad,Kharif,Groundnut
7.09,0.4,0.55,209,53,430,644,30.6,Black,Rajkot,Kharif,Groundnut
7.39,0.56,0.73,260,47,358,558,29.4,Medium Black,Surendranagar,Kharif,Groundnut
6.85,0.17,0.47,219,53,362,563,28.7,Black,Bhavnagar,Kharif,Groundnut
7.02,0.24,0.64,236,40,403,520,32.1,Black,Banaskantha,Kharif,Groundnut
6.83,0.15,0.79,253,36,445,844,31.6,Medium Black,Bharuch,Kharif,Groundnut
7.48,0.34,0.68,215,46,399,723,30.1,Black,Rajkot,Kharif,Groundnut
7.11,0.3,0.56,193,45,334,710,30.5,Black,Kutch,Kharif,Groundnut
7.73,0.51,0.64,238,40,330,629,27.6,Black,Anand,Kharif,Groundnut
7.17,0.59,0.68,249,64,355,527,26.5,Black,Banaskantha,Kharif,Groundnut
7.48,0.41,0.72,206,52,390,567,32.4,Black,Surendranagar,Kharif,Groundnut
7.41,0.16,0.79,257,50,431,581,27.5,Medium Black,Mehsana,Kharif,Groundnut
7.03,0.21,0.74,194,64,280,831,31.7,Black,Surendranagar,Kharif,Groundnut
7.43,0.35,0.55,241,65,312,733,29.4,Black,Surat,Kharif,Groundnut
7.7,0.35,0.76,188,52,447,712,27.7,Black,Anand,Kharif,Groundnut
6.5,0.46,0.74,254,66,288,728,29.3,Black,Vadodara,Kharif,Groundnut
7.22,0.37,0.61,221,47,428,622,29.6,Medium Black,Anand,Kharif,Groundnut
7.51,0.12,0.71,228,59,419,833,32.8,Black,Junagadh,Kharif,Groundnut
6.66,0.58,0.57,192,63,275,769,32.3,Medium Black,Bhavnagar,Kharif,Groundnut
6.69,0.54,0.79,189,65,450,635,27.7,Black,Kutch,Kharif,Groundnut
6.6,0.26,0.69,248,59,331,820,30.7,Black,Anand,Kharif,Groundnut
7.2,0.41,0.53,216,49,441,546,28.5,Medium Black,Bharuch,Kharif,Groundnut
7.32,0.54,0.61,218,36,261,666,31.4,Black,Vadodara,Kharif,Groundnut
6.99,0.17,0.64,252,46,293,589,25.6,Black,Banaskantha,Kharif,Groundnut
7.39,0.35,0.65,209,64,413,630,28.7,Medium Black,Surendranagar,Kharif,Groundnut
7.55,0.55,0.69,200,39,363,676,32.9,Black,Kutch,Kharif,Groundnut
7.75,0.45,0.61,218,47,348,747,25.9,Black,Banaskantha,Kharif,Groundnut
6.97,0.25,0.69,182,60,320,504,29.5,Medium Black,Surendranagar,Kharif,Groundnut
7.29,0.35,0.77,216,49,405,680,26.8,Medium Black,Banaskantha,Kharif,Groundnut
6.83,0.48,0.72,197,41,410,830,25.3,Black,Junagadh,Kharif,Groundnut
7.25,0.47,0.48,217,55,441,712,26.4,Medium Black,Bharuch,Kharif,Groundnut
7.2,0.59,0.64,214,45,315,746,32.7,Black,Bhavnagar,Kharif,Groundnut
7.63,0.5,0.61,189,44,443,615,31.9,Black,Anand,Kharif,Groundnut
7.55,0.28,0.73,181,51,387,563,28.6,Black,Banaskantha,Kharif,Groundnut
7,0.42,0.58,209,65,256,817,32.1,Black,Surendranagar,Kharif,Groundnut
7.29,0.42,0.67,239,54,416,709,25.9,Medium Black,Junagadh,Kharif,Groundnut
6.9,0.35,0.48,248,43,349,732,28,Black,Banaskantha,Kharif,Groundnut
7.46,0.18,0.6,192,66,407,708,32.5,Black,Junagadh,Kharif,Groundnut
7.4,0.21,0.61,210,58,275,851,27.9,Black,Junagadh,Kharif,Groundnut
7.02,0.19,0.49,238,40,419,608,30.1,Medium Black,Junagadh,Kharif,Groundnut
7.52,0.22,0.49,252,48,267,891,29.4,Medium Black,Anand,Kharif,Groundnut
7.63,0.26,0.5,256,35,320,574,32.9,Black,Bharuch,Kharif,Groundnut
6.73,0.43,0.46,181,57,310,801,27.6,Medium Black,Navsari,Kharif,Groundnut
6.57,0.47,0.63,188,65,364,898,27.9,Medium Black,Gandhinagar,Kharif,Groundnut
7.15,0.57,0.47,246,54,367,829,32.7,Medium Black,Gandhinagar,Kharif,Groundnut
7.6,0.31,0.49,236,39,270,664,29.9,Medium Black,Amreli,Kharif,Groundnut
6.86,0.42,0.64,221,59,402,771,27.4,Black,Rajkot,Kharif,Groundnut
7.53,0.16,0.68,250,48,360,731,32.1,Black,Vadodara,Kharif,Groundnut
7.58,0.3,0.71,220,62,330,840,27,Medium Black,Kutch,Kharif,Groundnut
7.7,0.13,0.74,191,62,274,881,30.9,Medium Black,Mehsana,Kharif,Groundnut
6.58,0.58,0.65,195,61,340,840,32.5,Black,Anand,Kharif,Groundnut
7.69,0.13,0.55,219,57,276,795,29.1,Medium Black,Kutch,Kharif,Groundnut
7.13,0.52,0.57,251,58,279,890,27.2,Medium Black,Bharuch,Kharif,Groundnut
7.06,0.38,0.72,259,70,256,811,32.4,Black,Junagadh,Kharif,Groundnut
6.73,0.45,0.56,223,57,251,592,32,Black,Rajkot,Kharif,Groundnut
6.68,0.42,0.46,247,48,346,714,28.6,Medium Black,Vadodara,Kharif,Groundnut
6.91,0.26,0.78,256,40,263,579,26.3,Medium Black,Kutch,Kharif,Groundnut
6.61,0.32,0.6,257,63,356,639,26.7,Medium Black,Vadodara,Kharif,Groundnut
7.06,0.24,0.69,242,68,420,657,25.4,Black,Banaskantha,Kharif,Groundnut
6.57,0.2,0.78,197,51,324,667,26,Black,Bhavnagar,Kharif,Groundnut
7.06,0.16,0.64,209,67,393,842,31.4,Medium Black,Ahmedabad,Kharif,Groundnut
7.62,0.12,0.46,189,55,397,719,29.6,Black,Navsari,Kharif,Groundnut
6.65,0.11,0.56,259,64,426,685,25.7,Medium Black,Surat,Kharif,Groundnut
7.07,0.3,0.48,219,56,306,670,31.2,Medium Black,Mehsana,Kharif,Groundnut
7.32,0.37,0.52,224,57,436,830,31.5,Medium Black,Rajkot,Kharif,Groundnut
6.69,0.2,0.66,189,46,447,821,29,Black,Kutch,Kharif,Groundnut
7.7,0.38,0.67,259,55,410,661,26.2,Medium Black,Gandhinagar,Kharif,Groundnut
7.07,0.25,0.55,187,57,379,537,27.5,Black,Junagadh,Kharif,Groundnut
6.57,0.52,0.48,191,67,348,736,29.6,Medium Black,Gandhinagar,Kharif,Groundnut
7.68,0.39,0.52,257,65,378,577,32.7,Black,Rajkot,Kharif,Groundnut
7.55,0.52,0.79,190,67,415,588,25.3,Black,Gandhinagar,Kharif,Groundnut
7.18,0.4,0.58,216,59,354,896,27.7,Medium Black,Bharuch,Kharif,Groundnut
7.32,0.27,0.57,251,59,322,629,30.8,Medium Black,Vadodara,Kharif,Groundnut
6.61,0.43,0.77,219,60,283,804,30.7,Medium Black,Navsari,Kharif,Groundnut
7.23,0.42,0.56,196,68,273,830,30.4,Black,Junagadh,Kharif,Groundnut
6.97,0.19,0.52,242,47,307,570,26.2,Black,Anand,Kharif,Groundnut
7.52,0.35,0.64,247,37,419,672,32,Medium Black,Banaskantha,Kharif,Groundnut
6.99,0.18,0.74,259,45,434,724,25.3,Black,Kutch,Kharif,Groundnut
7.44,0.58,0.66,237,49,386,622,27.5,Black,Surendranagar,Kharif,Groundnut
7.59,0.28,0.78,236,64,446,644,31.2,Black,Amreli,Kharif,Groundnut
7.56,0.5,0.5,212,38,414,746,32,Medium Black,Bhavnagar,Kharif,Groundnut
7.6,0.53,0.55,200,52,365,762,26.2,Black,Rajkot,Kharif,Groundnut
7.73,0.21,0.61,224,36,356,527,28.2,Black,Surat,Kharif,Groundnut
7,0.14,0.53,220,41,432,832,27.7,Medium Black,Amreli,Kharif,Groundnut
6.55,0.56,0.62,197,65,364,815,25,Medium Black,Junagadh,Kharif,Groundnut
6.83,0.52,0.64,257,68,358,556,31.2,Medium Black,Navsari,Kharif,Groundnut
6.66,0.22,0.67,259,64,266,556,31.7,Black,Banaskantha,Kharif,Groundnut
7.2,0.42,0.65,198,53,359,500,29.9,Medium Black,Banaskantha,Kharif,Groundnut
7.04,0.43,0.48,226,39,384,778,29.1,Medium Black,Ahmedabad,Kharif,Groundnut
7.64,0.12,0.59,227,51,441,508,27.9,Medium Black,Vadodara,Kharif,Groundnut
6.81,0.43,0.49,254,56,284,522,27.8,Black,Anand,Kharif,Groundnut
7.34,0.52,0.69,241,46,284,532,30.7,Black,Junagadh,Kharif,Groundnut
6.88,0.12,0.52,185,55,329,763,28.2,Black,Navsari,Kharif,Groundnut
6.55,0.42,0.55,186,56,319,563,31.4,Black,Surendranagar,Kharif,Groundnut
7.02,0.32,0.78,223,46,377,854,29,Black,Bharuch,Kharif,Groundnut
6.61,0.31,0.6,203,69,325,664,25.8,Black,Kutch,Kharif,Groundnut
6.88,0.32,0.7,201,63,339,728,25.3,Black,Banaskantha,Kharif,Groundnut
7.8,0.24,0.79,187,39,421,826,28.2,Medium Black,Junagadh,Kharif,Groundnut
6.69,0.4,0.72,184,43,267,620,31.2,Black,Vadodara,Kharif,Groundnut
7,0.38,0.66,237,58,345,727,31.1,Medium Black,Mehsana,Kharif,Groundnut
6.98,0.26,0.55,194,36,438,595,29,Black,Surendranagar,Kharif,Groundnut
7.23,0.23,0.54,237,48,406,646,30.6,Black,Surat,Kharif,Groundnut
6.66,0.53,0.61,236,40,424,663,30.3,Medium Black,Mehsana,Kharif,Groundnut
7.2,0.55,0.75,202,58,380,614,26,Medium Black,Bharuch,Kharif,Groundnut
6.68,0.5,0.46,250,58,369,782,26,Medium Black,Rajkot,Kharif,Groundnut
6.9,0.6,0.7,247,61,446,709,31.6,Medium Black,Amreli,Kharif,Groundnut
7.76,0.42,0.61,246,57,282,899,29.4,Medium Black,Bharuch,Kharif,Groundnut
7.76,0.32,0.77,187,42,382,578,27.4,Medium Black,Vadodara,Kharif,Groundnut
7.72,0.21,0.78,246,53,270,628,26.6,Black,Amreli,Kharif,Groundnut
7.31,0.41,0.48,201,44,293,837,30,Black,Anand,Kharif,Groundnut
7.7,0.12,0.75,190,37,414,894,29.6,Medium Black,Bharuch,Kharif,Groundnut
7.24,0.41,0.46,260,69,324,828,32.7,Black,Surat,Kharif,Groundnut
7.55,0.44,0.55,189,38,290,725,28.3,Black,Surat,Kharif,Groundnut
6.94,0.17,0.75,220,57,352,566,31.1,Medium Black,Vadodara,Kharif,Groundnut
6.81,0.16,0.61,198,41,262,648,32.6,Black,Surat,Kharif,Groundnut
7.75,0.55,0.73,253,55,298,890,26.3,Black,Gandhinagar,Kharif,Groundnut
7.64,0.35,0.48,230,67,367,623,26.7,Black,Junagadh,Kharif,Groundnut
6.57,0.35,0.76,240,53,387,504,31.8,Black,Amreli,Kharif,Groundnut
7.65,0.46,0.72,226,37,352,526,29.6,Medium Black,Vadodara,Kharif,Groundnut
7.22,0.14,0.63,250,52,409,848,29.9,Medium Black,Rajkot,Kharif,Groundnut
7.01,0.5,0.57,226,44,300,808,29.1,Medium Black,Junagadh,Kharif,Groundnut
6.55,0.46,0.73,246,64,288,810,32.1,Medium Black,Vadodara,Kharif,Groundnut
7.71,0.26,0.59,258,54,401,672,29.1,Black,Bhavnagar,Kharif,Groundnut
7.23,0.34,0.46,222,42,356,798,27.5,Medium Black,Banaskantha,Kharif,Groundnut
7.12,0.58,0.72,254,49,434,526,29.7,Medium Black,Mehsana,Kharif,Groundnut
7.32,0.41,0.74,198,50,258,793,32.6,Medium Black,Surat,Kharif,Groundnut
6.52,0.26,0.5,206,61,378,896,29.9,Black,Anand,Kharif,Groundnut
7.6,0.46,0.7,246,48,393,666,33,Black,Mehsana,Kharif,Groundnut
6.99,0.58,0.61,248,56,389,681,30.4,Black,Banaskantha,Kharif,Groundnut
7.13,0.58,0.55,218,49,326,894,27.3,Medium Black,Bhavnagar,Kharif,Groundnut
7.42,0.26,0.57,215,53,281,793,30.4,Black,Surendranagar,Kharif,Groundnut
7.77,0.51,0.78,198,53,260,647,32.6,Medium Black,Vadodara,Kharif,Groundnut
7.7,0.43,0.71,207,47,387,638,32.5,Black,Amreli,Kharif,Groundnut
6.64,0.47,0.53,186,68,307,826,26.9,Medium Black,Ahmedabad,Kharif,Groundnut
6.93,0.34,0.69,197,35,390,580,28.3,Black,Gandhinagar,Kharif,Groundnut
7.35,0.48,0.55,216,38,446,545,30.2,Medium Black,Mehsana,Kharif,Groundnut
7.46,0.53,0.46,202,61,295,518,33,Black,Bharuch,Kharif,Groundnut
7.14,0.57,0.79,217,37,252,652,29.5,Medium Black,Surendranagar,Kharif,Groundnut
7.78,0.24,0.8,249,68,376,568,31.8,Black,Navsari,Kharif,Groundnut
6.75,0.16,0.51,238,51,433,595,25.1,Black,Bharuch,Kharif,Groundnut
6.88,0.44,0.52,258,60,359,763,27.6,Black,Kutch,Kharif,Groundnut
6.62,0.59,0.62,211,35,316,696,26.9,Black,Vadodara,Kharif,Groundnut
6.89,0.46,0.45,226,50,265,841,25.9,Black,Amreli,Kharif,Groundnut
7.03,0.35,0.76,219,42,413,651,27.9,Medium Black,Surat,Kharif,Groundnut
7.74,0.34,0.61,257,58,356,859,29.4,Black,Bharuch,Kharif,Groundnut
7.2,0.43,0.53,211,40,384,728,29.2,Black,Rajkot,Kharif,Groundnut
7.69,0.16,0.74,244,47,396,774,26.2,Black,Anand,Kharif,Groundnut
7.18,0.16,0.52,254,66,273,761,28.6,Medium Black,Gandhinagar,Kharif,Groundnut
6.67,0.31,0.65,251,64,422,657,30.8,Black,Navsari,Kharif,Groundnut
7.56,0.47,0.65,185,62,338,858,25.5,Medium Black,Surendranagar,Kharif,Groundnut
7.66,0.59,0.62,216,61,296,893,26.1,Black,Vadodara,Kharif,Groundnut
7.79,0.29,0.75,228,59,270,849,32.7,Medium Black,Kutch,Kharif,Groundnut
7.62,0.16,0.8,230,68,282,872,32.8,Medium Black,Bharuch,Kharif,Groundnut
6.53,0.25,0.69,249,62,386,694,31.6,Medium Black,Gandhinagar,Kharif,Groundnut
6.95,0.24,0.78,194,37,419,714,29.9,Medium Black,Surat,Kharif,Groundnut
6.77,0.15,0.46,256,38,312,879,25.4,Black,Surat,Kharif,Groundnut
7.2,0.48,0.72,197,67,324,619,31.5,Black,Banaskantha,Kharif,Groundnut
7.28,0.44,0.56,218,44,419,766,26.8,Black,Navsari,Kharif,Groundnut
6.58,0.57,0.76,202,62,392,753,25.4,Black,Kutch,Kharif,Groundnut
7.37,0.49,0.56,233,61,288,653,28,Black,Surat,Kharif,Groundnut
7.6,0.25,0.7,239,38,393,711,32.7,Medium Black,Ahmedabad,Kharif,Groundnut
6.82,0.2,0.68,237,58,273,774,30.8,Medium Black,Junagadh,Kharif,Groundnut
6.85,0.44,0.66,189,47,444,800,30.8,Medium Black,Gandhinagar,Kharif,Groundnut
6.77,0.55,0.56,181,48,298,879,25.9,Black,Surendranagar,Kharif,Groundnut
6.82,0.4,0.52,210,70,332,897,27.3,Black,Mehsana,Kharif,Groundnut
7.34,0.25,0.58,243,64,275,869,28.8,Black,Surendranagar,Kharif,Groundnut
6.76,0.26,0.47,208,44,254,633,29.4,Black,Navsari,Kharif,Groundnut
6.7,0.26,0.58,211,66,390,835,32.5,Black,Navsari,Kharif,Groundnut
7.49,0.34,0.7,242,64,293,875,31.4,Medium Black,Amreli,Kharif,Groundnut
7.44,0.34,0.77,249,38,384,517,31.7,Medium Black,Anand,Kharif,Groundnut
7.37,0.48,0.59,260,49,267,862,26.2,Medium Black,Mehsana,Kharif,Groundnut
7.09,0.13,0.67,258,65,418,749,25.1,Black,Junagadh,Kharif,Groundnut
6.52,0.46,0.64,216,36,378,857,30.4,Medium Black,Rajkot,Kharif,Groundnut
7.69,0.36,0.53,259,68,314,681,27.1,Black,Rajkot,Kharif,Groundnut
6.98,0.3,0.65,208,54,425,541,30.2,Medium Black,Rajkot,Kharif,Groundnut
7.03,0.29,0.62,181,45,271,755,31.8,Black,Banaskantha,Kharif,Groundnut
7.77,0.59,0.76,185,49,304,854,32.1,Black,Navsari,Kharif,Groundnut
6.56,0.14,0.77,249,37,295,661,25.1,Medium Black,Banaskantha,Kharif,Groundnut
6.69,0.51,0.74,189,54,291,788,26.9,Black,Kutch,Kharif,Groundnut
7.67,0.27,0.71,197,40,378,881,32.8,Medium Black,Rajkot,Kharif,Groundnut
7.07,0.52,0.57,258,60,448,667,25.2,Black,Bharuch,Kharif,Groundnut
7.79,0.35,0.57,228,62,297,848,29.7,Black,Rajkot,Kharif,Groundnut
7.5,0.25,0.54,189,40,318,578,28,Medium Black,Bhavnagar,Kharif,Groundnut
7.01,0.28,0.48,219,63,342,889,27.2,Medium Black,Rajkot,Kharif,Groundnut
6.74,0.32,0.64,232,41,256,545,27.8,Medium Black,Banaskantha,Kharif,Groundnut
7.28,0.26,0.58,217,61,349,898,25.7,Medium Black,Banaskantha,Kharif,Groundnut
7.18,0.44,0.51,214,54,318,752,26.2,Medium Black,Ahmedabad,Kharif,Groundnut
6.86,0.25,0.72,226,51,313,869,30,Medium Black,Gandhinagar,Kharif,Groundnut
6.64,0.25,0.78,222,59,334,725,27.7,Medium Black,Navsari,Kharif,Groundnut
6.92,0.57,0.52,220,46,351,663,27.3,Black,Banaskantha,Kharif,Groundnut
7.52,0.26,0.55,230,58,279,788,26.6,Medium Black,Kutch,Kharif,Groundnut
7.5,0.11,0.7,206,63,324,854,25.6,Black,Kutch,Kharif,Groundnut
7.15,0.42,0.53,199,62,346,537,28.6,Black,Banaskantha,Kharif,Groundnut
7.02,0.35,0.77,233,69,259,684,30.6,Medium Black,Rajkot,Kharif,Groundnut
7.5,0.43,0.57,258,37,394,830,30.4,Black,Bharuch,Kharif,Groundnut
6.93,0.5,0.49,192,51,306,761,31,Medium Black,Gandhinagar,Kharif,Groundnut
6.99,0.33,0.69,244,44,338,512,28.9,Black,Ahmedabad,Kharif,Groundnut
7.7,0.14,0.74,198,57,329,675,28.6,Medium Black,Mehsana,Kharif,Groundnut
7.13,0.34,0.6,237,55,267,653,25.4,Medium Black,Junagadh,Kharif,Groundnut
7.6,0.42,0.69,201,50,382,589,29.4,Black,Mehsana,Kharif,Groundnut
7.05,0.33,0.73,260,46,297,827,30.3,Black,Junagadh,Kharif,Groundnut
7.46,0.54,0.61,234,59,251,860,26.7,Black,Bharuch,Kharif,Groundnut
7.41,0.5,0.65,248,46,343,666,26.6,Medium Black,Navsari,Kharif,Groundnut
7.37,0.34,0.79,220,59,406,700,29.7,Black,Vadodara,Kharif,Groundnut
7.6,0.41,0.73,218,40,422,568,27.5,Medium Black,Navsari,Kharif,Groundnut
6.65,0.29,0.5,229,61,402,570,29.6,Black,Amreli,Kharif,Groundnut
7.13,0.37,0.77,202,70,292,750,27.3,Medium Black,Vadodara,Kharif,Groundnut
7.59,0.41,0.75,181,66,284,599,31.5,Black,Ahmedabad,Kharif,Groundnut
7.39,0.31,0.74,242,45,271,789,25.2,Medium Black,Navsari,Kharif,Groundnut
6.54,0.21,0.55,238,66,390,761,25.9,Medium Black,Navsari,Kharif,Groundnut
7.51,0.51,0.58,185,63,389,611,32.9,Medium Black,Bhavnagar,Kharif,Groundnut
7.58,0.48,0.55,184,63,317,678,31.9,Medium Black,Gandhinagar,Kharif,Groundnut
7.62,0.16,0.73,206,57,431,812,30.1,Medium Black,Banaskantha,Kharif,Groundnut
6.68,0.2,0.52,187,57,386,643,29.8,Medium Black,Vadodara,Kharif,Groundnut
7.77,0.25,0.65,245,41,284,884,31.3,Medium Black,Navsari,Kharif,Groundnut
7.63,0.16,0.75,211,44,432,664,31.6,Black,Gandhinagar,Kharif,Groundnut
6.68,0.42,0.67,228,63,269,824,31.4,Medium Black,Ahmedabad,Kharif,Groundnut
7.17,0.24,0.78,227,64,374,667,29.7,Medium Black,Bhavnagar,Kharif,Groundnut
7.76,0.42,0.69,188,69,351,611,32.7,Medium Black,Gandhinagar,Kharif,Groundnut
6.85,0.51,0.57,253,43,394,748,31.3,Medium Black,Junagadh,Kharif,Groundnut
6.63,0.49,0.61,195,45,362,733,25,Black,Surat,Kharif,Groundnut
7.79,0.55,0.76,218,45,320,547,30.2,Black,Rajkot,Kharif,Groundnut
6.98,0.55,0.51,230,54,435,858,31,Black,Kutch,Kharif,Groundnut
6.62,0.15,0.52,189,43,401,615,29.2,Black,Junagadh,Kharif,Groundnut
6.51,0.27,0.49,234,43,372,536,26.8,Medium Black,Bhavnagar,Kharif,Groundnut
7.55,0.15,0.58,218,43,347,896,31.5,Medium Black,Kutch,Kharif,Groundnut
7.79,0.17,0.64,181,45,362,679,30.8,Medium Black,Surendranagar,Kharif,Groundnut
7.04,0.44,0.75,191,41,285,885,26,Black,Vadodara,Kharif,Groundnut
7.75,0.26,0.5,215,40,313,783,29.8,Black,Bharuch,Kharif,Groundnut
7.72,0.11,0.75,218,48,382,810,29.1,Black,Navsari,Kharif,Groundnut
7.34,0.49,0.73,210,66,348,557,26.9,Medium Black,Mehsana,Kharif,Groundnut
7.66,0.11,0.58,220,43,349,791,28.4,Medium Black,Bharuch,Kharif,Groundnut
7.11,0.59,0.48,255,39,253,634,26.7,Medium Black,Bharuch,Kharif,Groundnut
7.02,0.24,0.7,233,62,429,705,25.7,Medium Black,Navsari,Kharif,Groundnut
6.61,0.14,0.77,199,69,333,700,29.7,Medium Black,Navsari,Kharif,Groundnut
7.41,0.46,0.75,187,50,272,722,25.9,Medium Black,Navsari,Kharif,Groundnut
7.37,0.43,0.51,181,43,429,505,26.3,Black,Mehsana,Kharif,Groundnut
7.17,0.51,0.54,227,43,441,899,32,Medium Black,Bharuch,Kharif,Groundnut
7.67,0.27,0.6,247,39,317,864,32.8,Medium Black,Gandhinagar,Kharif,Groundnut
7.09,0.28,0.62,252,45,344,580,27,Medium Black,Surendranagar,Kharif,Groundnut
7.25,0.46,0.53,245,35,261,506,27,Black,Vadodara,Kharif,Groundnut
7,0.18,0.78,184,70,432,879,30.2,Medium Black,Vadodara,Kharif,Groundnut
6.82,0.56,0.56,189,58,280,757,30.4,Medium Black,Amreli,Kharif,Groundnut
6.79,0.36,0.47,231,39,369,644,31.2,Black,Vadodara,Kharif,Groundnut
6.61,0.33,0.58,217,54,439,818,26.9,Black,Banaskantha,Kharif,Groundnut
7.76,0.6,0.72,249,50,288,503,32.5,Medium Black,Surat,Kharif,Groundnut
7.2,0.42,0.69,181,56,250,888,30.3,Black,Rajkot,Kharif,Groundnut
6.77,0.59,0.6,187,44,432,643,25.7,Medium Black,Surendranagar,Kharif,Groundnut
7.6,0.31,0.76,238,40,398,548,29,Black,Rajkot,Kharif,Groundnut
7.27,0.13,0.68,196,50,324,633,31.8,Black,Bhavnagar,Kharif,Groundnut
7.58,0.26,0.61,209,39,301,569,31.2,Medium Black,Amreli,Kharif,Groundnut
6.64,0.32,0.56,195,69,341,894,26.7,Black,Gandhinagar,Kharif,Groundnut
6.84,0.16,0.51,218,37,305,667,26.2,Medium Black,Vadodara,Kharif,Groundnut
7.02,0.12,0.55,202,36,353,731,29.4,Medium Black,Rajkot,Kharif,Groundnut
7.1,0.5,0.5,181,38,449,613,26,Black,Vadodara,Kharif,Groundnut
7.39,0.57,0.48,255,51,269,511,33,Medium Black,Surendranagar,Kharif,Groundnut
7.34,0.5,0.48,222,42,260,736,25.4,Black,Anand,Kharif,Groundnut
7.44,0.35,0.58,234,46,340,609,32.3,Black,Navsari,Kharif,Groundnut
7.08,0.17,0.66,258,50,415,651,29,Black,Junagadh,Kharif,Groundnut
6.61,0.29,0.6,247,50,411,778,31.4,Black,Bharuch,Kharif,Groundnut
7.43,0.34,0.72,224,67,332,698,27.2,Medium Black,Vadodara,Kharif,Groundnut
7.28,0.11,0.73,215,38,370,771,27.9,Medium Black,Amreli,Kharif,Groundnut
6.63,0.43,0.54,187,49,397,698,27.8,Medium Black,Amreli,Kharif,Groundnut
6.81,0.26,0.71,225,36,430,858,27.8,Medium Black,Banaskantha,Kharif,Groundnut
7.73,0.52,0.73,243,69,329,589,28.9,Medium Black,Junagadh,Kharif,Groundnut
6.8,0.21,0.63,180,56,407,603,31.5,Black,Bhavnagar,Kharif,Groundnut
6.73,0.5,0.75,187,36,287,800,30.6,Medium Black,Bharuch,Kharif,Groundnut
6.64,0.36,0.58,189,58,430,839,28.2,Medium Black,Vadodara,Kharif,Groundnut
6.89,0.17,0.51,235,66,416,662,26.4,Black,Surat,Kharif,Groundnut
7.37,0.51,0.58,217,43,295,873,25,Black,Anand,Kharif,Groundnut
7.79,0.58,0.46,257,55,406,613,30.1,Medium Black,Surendranagar,Kharif,Groundnut
7.15,0.27,0.48,224,55,292,825,32.1,Medium Black,Anand,Kharif,Groundnut
7.42,0.42,0.76,237,35,317,607,27,Medium Black,Vadodara,Kharif,Groundnut
6.83,0.15,0.45,229,63,437,714,32.8,Black,Gandhinagar,Kharif,Groundnut
7.65,0.28,0.58,241,49,291,731,25.6,Medium Black,Navsari,Kharif,Groundnut
6.53,0.23,0.49,223,45,346,582,30.9,Medium Black,Vadodara,Kharif,Groundnut
7.27,0.41,0.62,183,62,417,584,29.9,Black,Amreli,Kharif,Groundnut
6.57,0.27,0.79,232,70,434,873,29.3,Black,Navsari,Kharif,Groundnut
6.81,0.12,0.65,242,44,263,684,25,Medium Black,Navsari,Kharif,Groundnut
7.57,0.41,0.62,192,36,302,587,30.1,Medium Black,Gandhinagar,Kharif,Groundnut
7.6,0.25,0.59,242,51,273,828,29.4,Medium Black,Vadodara,Kharif,Groundnut
7.65,0.28,0.61,213,63,369,634,26.8,Black,Banaskantha,Kharif,Groundnut
6.58,0.48,0.68,190,57,388,711,32.8,Medium Black,Mehsana,Kharif,Groundnut
6.58,0.29,0.63,248,65,396,620,28.8,Medium Black,Ahmedabad,Kharif,Groundnut
7.67,0.46,0.63,246,44,280,887,28.6,Medium Black,Surat,Kharif,Groundnut
7.55,0.16,0.6,235,47,410,575,31.7,Black,Vadodara,Kharif,Groundnut
7.68,0.56,0.47,229,70,351,782,27.6,Black,Mehsana,Kharif,Groundnut
7.1,0.54,0.73,259,68,450,714,25.9,Medium Black,Amreli,Kharif,Groundnut
7.24,0.39,0.79,192,41,394,899,25.8,Black,Anand,Kharif,Groundnut
7.2,0.27,0.59,229,66,396,811,28.8,Medium Black,Navsari,Kharif,Groundnut
7.02,0.41,0.69,231,37,351,669,30.5,Medium Black,Bhavnagar,Kharif,Groundnut
7.12,0.23,0.58,223,54,329,643,31.7,Medium Black,Anand,Kharif,Groundnut
6.8,0.25,0.71,221,52,436,713,29.8,Medium Black,Surat,Kharif,Groundnut
7.07,0.56,0.59,242,68,345,528,29.1,Medium Black,Rajkot,Kharif,Groundnut
6.9,0.35,0.5,247,36,294,598,32,Medium Black,Anand,Kharif,Groundnut
6.57,0.12,0.47,226,47,320,688,31.6,Black,Kutch,Kharif,Groundnut
7.7,0.44,0.53,242,63,295,742,29.7,Black,Vadodara,Kharif,Groundnut
6.71,0.55,0.71,191,53,257,697,25.4,Medium Black,Anand,Kharif,Groundnut
6.79,0.21,0.52,232,67,255,899,32.7,Medium Black,Gandhinagar,Kharif,Groundnut
7.68,0.42,0.66,181,49,314,811,31.4,Black,Bhavnagar,Kharif,Groundnut
7.76,0.42,0.6,228,57,367,629,26.7,Black,Kutch,Kharif,Groundnut
7.18,0.41,0.65,180,67,419,691,29.5,Black,Navsari,Kharif,Groundnut
7.39,0.34,0.57,215,55,320,633,30.2,Black,Surat,Kharif,Groundnut
6.69,0.48,0.76,256,60,419,663,30.4,Medium Black,Kutch,Kharif,Groundnut
7.15,0.25,0.77,231,59,438,518,29.7,Medium Black,Vadodara,Kharif,Groundnut
7.44,0.21,0.64,240,57,379,653,31.8,Medium Black,Navsari,Kharif,Groundnut
6.63,0.16,0.54,251,46,424,671,30.2,Medium Black,Vadodara,Kharif,Groundnut
6.79,0.54,0.6,222,58,316,799,27.4,Medium Black,Gandhinagar,Kharif,Groundnut
6.57,0.42,0.65,259,39,370,599,29,Black,Mehsana,Kharif,Groundnut
6.89,0.13,0.75,197,47,337,709,32.9,Black,Amreli,Kharif,Groundnut
6.91,0.46,0.72,242,56,411,590,27.5,Medium Black,Junagadh,Kharif,Groundnut
7.09,0.2,0.72,253,45,375,890,31.2,Medium Black,Banaskantha,Kharif,Groundnut
7.06,0.31,0.6,241,59,251,519,29.3,Black,Junagadh,Kharif,Groundnut
7.66,0.48,0.64,182,35,410,875,27,Black,Navsari,Kharif,Groundnut
6.67,0.29,0.66,201,39,261,652,32.6,Black,Bhavnagar,Kharif,Groundnut
7.18,0.36,0.6,197,56,375,683,31,Medium Black,Surendranagar,Kharif,Groundnut
7.69,0.3,0.53,196,48,437,511,29.7,Medium Black,Rajkot,Kharif,Groundnut
6.98,0.43,0.46,212,69,409,524,29.8,Medium Black,Kutch,Kharif,Groundnut
6.64,0.52,0.47,194,61,363,694,26,Black,Gandhinagar,Kharif,Groundnut
7.41,0.2,0.69,181,54,357,838,25.8,Black,Banaskantha,Kharif,Groundnut
7.29,0.17,0.74,193,67,434,816,25.9,Medium Black,Bharuch,Kharif,Groundnut
6.64,0.2,0.52,213,68,301,683,30.6,Black,Amreli,Kharif,Groundnut
6.55,0.35,0.52,241,56,310,501,25.1,Medium Black,Surendranagar,Kharif,Groundnut
6.64,0.39,0.62,191,67,269,870,30.8,Black,Kutch,Kharif,Groundnut
6.8,0.59,0.55,239,38,275,589,32,Black,Vadodara,Kharif,Groundnut
7.54,0.26,0.71,192,37,252,570,30.3,Medium Black,Vadodara,Kharif,Groundnut
6.96,0.32,0.67,191,58,337,593,25.9,Black,Gandhinagar,Kharif,Groundnut
6.85,0.29,0.75,233,45,278,567,30.6,Medium Black,Anand,Kharif,Groundnut
6.71,0.31,0.66,252,63,296,812,28,Black,Banaskantha,Kharif,Groundnut
6.54,0.44,0.74,196,65,374,557,32.1,Black,Junagadh,Kharif,Groundnut
6.58,0.43,0.45,247,49,421,673,29.2,Medium Black,Ahmedabad,Kharif,Groundnut
7.36,0.22,0.57,229,44,392,813,25.4,Medium Black,Mehsana,Kharif,Groundnut
7.6,0.53,0.75,189,66,332,623,27.6,Black,Junagadh,Kharif,Groundnut
7.16,0.38,0.58,210,40,367,727,31.4,Black,Rajkot,Kharif,Groundnut
7.61,0.32,0.49,243,36,276,706,28.3,Medium Black,Anand,Kharif,Groundnut
6.62,0.4,0.67,218,67,393,605,30.2,Black,Vadodara,Kharif,Groundnut
6.97,0.13,0.53,238,56,393,892,30,Black,Bhavnagar,Kharif,Groundnut
7.35,0.46,0.49,208,35,337,681,31.6,Black,Mehsana,Kharif,Groundnut
7.18,0.45,0.47,201,66,285,867,30.9,Black,Rajkot,Kharif,Groundnut
6.83,0.2,0.49,230,48,367,900,26.5,Black,Rajkot,Kharif,Groundnut
7.48,0.12,0.67,255,42,447,730,28.7,Medium Black,Gandhinagar,Kharif,Groundnut
6.51,0.47,0.64,235,65,380,899,32.4,Medium Black,Bhavnagar,Kharif,Groundnut
7.25,0.47,0.49,229,55,379,696,28.3,Medium Black,Navsari,Kharif,Groundnut
7.02,0.27,0.55,197,43,355,808,30.6,Black,Anand,Kharif,Groundnut
7.41,0.53,0.7,250,48,301,607,30,Black,Kutch,Kharif,Groundnut
6.95,0.44,0.79,202,67,388,855,30.1,Medium Black,Bharuch,Kharif,Groundnut
6.96,0.34,0.65,233,69,323,716,31.5,Medium Black,Junagadh,Kharif,Groundnut
7,0.13,0.47,214,45,323,849,27,Medium Black,Bhavnagar,Kharif,Groundnut
7.52,0.2,0.64,225,63,276,815,31.9,Medium Black,Bhavnagar,Kharif,Groundnut
7.34,0.29,0.63,216,38,347,698,28.3,Black,Mehsana,Kharif,Groundnut
6.57,0.47,0.52,236,49,412,860,30.7,Black,Bharuch,Kharif,Groundnut
7.26,0.47,0.52,204,53,364,590,32.9,Medium Black,Amreli,Kharif,Groundnut
7.75,0.47,0.49,185,62,321,784,27.1,Medium Black,Banaskantha,Kharif,Groundnut
7.6,0.1,0.61,199,37,289,665,29.8,Black,Gandhinagar,Kharif,Groundnut
7.53,0.38,0.48,220,68,306,594,29.2,Medium Black,Ahmedabad,Kharif,Groundnut
7.21,0.3,0.57,207,56,334,684,27.3,Black,Mehsana,Kharif,Groundnut
7.57,0.59,0.45,224,63,311,828,29.9,Medium Black,Junagadh,Kharif,Groundnut
7.39,0.26,0.77,194,59,315,776,30.8,Medium Black,Surendranagar,Kharif,Groundnut
7.17,0.49,0.63,245,63,374,522,27.4,Medium Black,Vadodara,Kharif,Groundnut
7.17,0.57,0.51,248,69,251,820,25.5,Medium Black,Anand,Kharif,Groundnut
7.39,0.52,0.52,235,39,441,851,26.2,Black,Bhavnagar,Kharif,Groundnut
6.93,0.14,0.47,212,70,268,794,31.6,Black,Ahmedabad,Kharif,Groundnut
7,0.42,0.6,182,59,422,560,29.3,Medium Black,Bharuch,Kharif,Groundnut
7.47,0.12,0.75,225,67,277,648,31.3,Black,Banaskantha,Kharif,Groundnut
6.61,0.48,0.6,230,36,371,580,29.3,Medium Black,Bhavnagar,Kharif,Groundnut
7.01,0.5,0.64,198,54,423,873,30.2,Medium Black,Mehsana,Kharif,Groundnut
7.64,0.17,0.46,253,60,387,780,32.6,Black,Surat,Kharif,Groundnut
7.47,0.55,0.57,232,67,286,582,26.5,Black,Surat,Kharif,Groundnut
6.65,0.44,0.65,186,70,368,830,29.4,Black,Kutch,Kharif,Groundnut
6.59,0.15,0.7,242,56,341,565,30.4,Medium Black,Rajkot,Kharif,Groundnut
6.87,0.13,0.52,242,63,334,815,30.3,Medium Black,Banaskantha,Kharif,Groundnut
7.24,0.5,0.79,201,35,330,626,31.3,Black,Navsari,Kharif,Groundnut
7.59,0.17,0.71,241,64,364,683,31.2,Black,Mehsana,Kharif,Groundnut
6.64,0.42,0.48,215,43,387,600,27.1,Medium Black,Bhavnagar,Kharif,Groundnut
6.6,0.11,0.63,183,60,446,802,26.7,Medium Black,Mehsana,Kharif,Groundnut
6.84,0.55,0.64,199,58,350,614,32.1,Black,Amreli,Kharif,Groundnut
7.1,0.36,0.59,244,35,419,622,31.8,Medium Black,Bharuch,Kharif,Groundnut
7.17,0.32,0.51,252,44,438,874,28.9,Black,Junagadh,Kharif,Groundnut
6.78,0.34,0.47,227,49,260,842,26.7,Black,Ahmedabad,Kharif,Groundnut
7.11,0.33,0.47,221,41,430,766,30.1,Black,Anand,Kharif,Groundnut
7.46,0.39,0.65,228,59,343,800,30.2,Medium Black,Mehsana,Kharif,Groundnut
6.83,0.59,0.53,231,57,338,749,31.3,Medium Black,Mehsana,Kharif,Groundnut
7.65,0.32,0.53,245,52,304,576,26.5,Black,Banaskantha,Kharif,Groundnut
7.43,0.16,0.53,222,42,373,845,28.8,Medium Black,Banaskantha,Kharif,Groundnut
6.71,0.52,0.46,185,43,396,803,26.3,Medium Black,Surendranagar,Kharif,Groundnut
7.24,0.13,0.54,203,68,353,806,32.8,Medium Black,Surendranagar,Kharif,Groundnut
7.44,0.43,0.55,190,48,364,810,32.9,Black,Amreli,Kharif,Groundnut
6.79,0.31,0.5,254,46,409,837,29.1,Medium Black,Bhavnagar,Kharif,Groundnut
7.39,0.56,0.66,188,49,346,697,26.1,Medium Black,Surat,Kharif,Groundnut
7.18,0.55,0.69,199,41,295,743,32.2,Medium Black,Surendranagar,Kharif,Groundnut
7.52,0.35,0.49,241,43,404,776,31.6,Black,Mehsana,Kharif,Groundnut
7.05,0.54,0.69,234,49,373,893,28,Medium Black,Ahmedabad,Kharif,Groundnut
6.67,0.34,0.53,190,53,403,778,28.3,Medium Black,Junagadh,Kharif,Groundnut
7.42,0.49,0.65,195,68,251,692,30.2,Black,Ahmedabad,Kharif,Groundnut
6.97,0.18,0.68,212,51,387,716,29.5,Black,Kutch,Kharif,Groundnut
7.02,0.2,0.64,251,65,295,689,29.5,Black,Navsari,Kharif,Groundnut
7.79,0.39,0.72,230,43,418,560,31,Black,Bharuch,Kharif,Groundnut
7.41,0.18,0.53,231,56,390,814,30.6,Medium Black,Amreli,Kharif,Groundnut
7.01,0.42,0.73,198,65,403,722,25.7,Black,Surat,Kharif,Groundnut
6.98,0.4,0.7,231,68,323,864,32.7,Medium Black,Bharuch,Kharif,Groundnut
7.57,0.42,0.6,205,68,323,599,25.3,Medium Black,Banaskantha,Kharif,Groundnut
6.72,0.12,0.53,180,45,272,641,31.2,Black,Kutch,Kharif,Groundnut
7.01,0.39,0.63,188,40,390,645,30.8,Black,Vadodara,Kharif,Groundnut
7.75,0.24,0.66,204,64,353,794,25,Medium Black,Ahmedabad,Kharif,Groundnut
7.16,0.38,0.63,223,42,381,631,32,Black,Bhavnagar,Kharif,Groundnut
7.08,0.29,0.62,211,56,448,734,30.5,Medium Black,Gandhinagar,Kharif,Groundnut
6.65,0.13,0.67,208,49,330,711,32.6,Medium Black,Bhavnagar,Kharif,Groundnut
7.58,0.22,0.48,223,39,391,591,28.8,Black,Surat,Kharif,Groundnut
7.66,0.23,0.78,204,66,438,602,26.9,Medium Black,Anand,Kharif,Groundnut
6.85,0.21,0.74,259,57,289,898,25.9,Medium Black,Kutch,Kharif,Groundnut
7.74,0.35,0.45,249,37,373,690,30,Black,Surendranagar,Kharif,Groundnut
7.78,0.55,0.75,242,46,445,761,27.2,Medium Black,Bharuch,Kharif,Groundnut
7.25,0.13,0.73,241,69,258,757,27.8,Medium Black,Gandhinagar,Kharif,Groundnut
7.77,0.45,0.61,181,35,422,607,28,Medium Black,Vadodara,Kharif,Groundnut
6.97,0.53,0.52,213,50,318,741,32.7,Black,Vadodara,Kharif,Groundnut
6.74,0.31,0.6,227,58,352,643,28.6,Medium Black,Banaskantha,Kharif,Groundnut
7.39,0.51,0.7,210,70,360,695,26.6,Medium Black,Gandhinagar,Kharif,Groundnut
7.55,0.19,0.62,260,68,386,868,27.5,Black,Navsari,Kharif,Groundnut
6.83,0.53,0.47,192,45,265,610,31.5,Black,Anand,Kharif,Groundnut
7.32,0.32,0.57,226,58,393,785,32.5,Black,Vadodara,Kharif,Groundnut
6.53,0.16,0.75,257,47,397,794,30.2,Medium Black,Bharuch,Kharif,Groundnut
6.87,0.26,0.63,237,40,347,814,27.3,Medium Black,Anand,Kharif,Groundnut
6.72,0.5,0.57,260,60,268,540,26.3,Medium Black,Vadodara,Kharif,Groundnut
6.91,0.25,0.54,230,52,363,899,31.9,Black,Bhavnagar,Kharif,Groundnut
7.26,0.58,0.59,203,36,282,872,26.9,Black,Bhavnagar,Kharif,Groundnut
7.41,0.14,0.51,193,41,266,742,29.4,Medium Black,Bharuch,Kharif,Groundnut
7.02,0.48,0.48,213,44,271,835,32.5,Black,Navsari,Kharif,Groundnut
6.8,0.47,0.61,196,43,384,587,25.2,Black,Anand,Kharif,Groundnut
7.69,0.53,0.61,249,52,390,727,26.1,Medium Black,Banaskantha,Kharif,Groundnut
7.28,0.42,0.67,252,62,384,827,30.1,Black,Surendranagar,Kharif,Groundnut
6.95,0.37,0.73,236,54,343,711,27.1,Black,Junagadh,Kharif,Groundnut
6.5,0.51,0.75,224,53,370,773,25.1,Black,Bharuch,Kharif,Groundnut
7.12,0.1,0.6,217,49,251,780,28,Black,Surendranagar,Kharif,Groundnut
7.23,0.3,0.51,229,59,306,634,25.6,Medium Black,Mehsana,Kharif,Groundnut
7.49,0.55,0.73,214,53,416,880,29.3,Black,Ahmedabad,Kharif,Groundnut
6.74,0.13,0.5,194,64,408,731,27.2,Black,Surat,Kharif,Groundnut
6.92,0.18,0.79,182,46,276,644,27.2,Black,Bhavnagar,Kharif,Groundnut
6.51,0.15,0.46,207,56,357,659,31.3,Black,Vadodara,Kharif,Groundnut
7.1,0.5,0.57,198,38,318,897,28.1,Black,Amreli,Kharif,Groundnut
6.75,0.52,0.74,181,42,446,865,27,Black,Surat,Kharif,Groundnut
7.46,0.12,0.61,192,68,420,606,28.8,Black,Surendranagar,Kharif,Groundnut
6.92,0.41,0.46,250,68,281,629,28.8,Black,Surat,Kharif,Groundnut
6.97,0.13,0.68,194,50,412,722,27.6,Medium Black,Bharuch,Kharif,Groundnut
6.86,0.16,0.73,181,37,398,853,28.8,Medium Black,Vadodara,Kharif,Groundnut
7.5,0.22,0.62,259,56,444,820,25.5,Black,Kutch,Kharif,Groundnut
6.7,0.37,0.49,242,49,331,785,31.3,Black,Bharuch,Kharif,Groundnut
7.66,0.47,0.46,228,57,435,568,27,Medium Black,Gandhinagar,Kharif,Groundnut
7.42,0.38,0.64,242,47,395,595,29.3,Black,Bhavnagar,Kharif,Groundnut
7.11,0.53,0.66,250,45,267,771,26.2,Black,Anand,Kharif,Groundnut
6.84,0.28,0.45,244,59,437,594,32.1,Black,Bharuch,Kharif,Groundnut
7.31,0.26,0.47,248,59,298,768,30.5,Medium Black,Banaskantha,Kharif,Groundnut
6.87,0.3,0.56,192,68,418,534,25.4,Medium Black,Amreli,Kharif,Groundnut
7.64,0.2,0.62,192,37,396,828,31.7,Black,Mehsana,Kharif,Groundnut
7.31,0.4,0.47,208,39,253,606,30.2,Medium Black,Gandhinagar,Kharif,Groundnut
7.54,0.13,0.65,233,58,431,529,31.6,Black,Mehsana,Kharif,Groundnut
6.55,0.14,0.56,207,68,274,551,30.8,Black,Surat,Kharif,Groundnut
6.75,0.43,0.65,202,70,441,785,28.3,Medium Black,Bharuch,Kharif,Groundnut
7.33,0.28,0.61,234,41,292,592,29.4,Black,Kutch,Kharif,Groundnut
6.71,0.6,0.61,225,55,390,666,31.8,Black,Bharuch,Kharif,Groundnut
7.32,0.51,0.56,210,69,304,692,31.1,Black,Vadodara,Kharif,Groundnut
7.75,0.32,0.59,184,53,402,508,29.1,Black,Junagadh,Kharif,Groundnut
6.89,0.21,0.75,182,52,391,761,29.5,Medium Black,Rajkot,Kharif,Groundnut
6.55,0.28,0.5,226,50,309,631,31.5,Medium Black,Banaskantha,Kharif,Groundnut
7.02,0.56,0.71,221,65,294,749,31.6,Medium Black,Banaskantha,Kharif,Groundnut
7.33,0.12,0.73,228,40,449,528,32.4,Black,Vadodara,Kharif,Groundnut
7.64,0.32,0.78,195,49,441,834,31.8,Medium Black,Kutch,Kharif,Groundnut
7.51,0.29,0.56,185,55,388,789,26.2,Medium Black,Amreli,Kharif,Groundnut
6.57,0.47,0.59,237,67,273,613,28.5,Black,Amreli,Kharif,Groundnut
6.67,0.14,0.65,186,70,352,634,25.7,Black,Bharuch,Kharif,Groundnut
7.41,0.48,0.62,205,66,351,833,29.6,Medium Black,Surat,Kharif,Groundnut
6.59,0.49,0.56,253,40,278,843,28.3,Black,Vadodara,Kharif,Groundnut
6.75,0.27,0.68,219,45,339,815,31.6,Black,Banaskantha,Kharif,Groundnut
6.69,0.12,0.74,205,58,289,887,30.8,Medium Black,Rajkot,Kharif,Groundnut
7.46,0.22,0.67,198,53,253,675,30.6,Medium Black,Navsari,Kharif,Groundnut
7.09,0.11,0.52,248,48,302,779,29.2,Black,Mehsana,Kharif,Groundnut
7.13,0.46,0.5,182,59,399,839,29.2,Black,Amreli,Kharif,Groundnut
6.58,0.2,0.69,214,38,369,835,32.6,Medium Black,Ahmedabad,Kharif,Groundnut
7.36,0.43,0.77,226,41,254,649,31.9,Black,Surat,Kharif,Groundnut
7.77,0.35,0.7,220,66,402,772,25.7,Medium Black,Mehsana,Kharif,Groundnut
7.76,0.38,0.7,185,50,385,656,27.7,Black,Bhavnagar,Kharif,Groundnut
6.7,0.27,0.57,260,54,310,756,27.2,Medium Black,Kutch,Kharif,Groundnut
6.83,0.29,0.8,183,70,321,615,26.2,Black,Kutch,Kharif,Groundnut
6.68,0.46,0.63,258,49,356,623,29.6,Black,Navsari,Kharif,Groundnut
7.68,0.26,0.64,206,43,398,777,30.5,Medium Black,Anand,Kharif,Groundnut
6.68,0.44,0.76,197,62,447,574,30.2,Medium Black,Vadodara,Kharif,Groundnut
6.59,0.37,0.7,203,55,287,872,25.2,Black,Surendranagar,Kharif,Groundnut
7.76,0.58,0.56,215,44,449,596,25.9,Medium Black,Junagadh,Kharif,Groundnut
7.49,0.41,0.54,252,49,402,618,26.8,Medium Black,Vadodara,Kharif,Groundnut
6.6,0.49,0.5,257,65,432,832,28,Black,Gandhinagar,Kharif,Groundnut
7.12,0.18,0.53,232,35,319,711,26.8,Medium Black,Bharuch,Kharif,Groundnut
6.77,0.19,0.78,236,66,426,666,31.9,Medium Black,Ahmedabad,Kharif,Groundnut
7.03,0.12,0.71,228,55,350,813,32.5,Medium Black,Mehsana,Kharif,Groundnut
6.64,0.33,0.76,211,68,387,702,32.9,Medium Black,Mehsana,Kharif,Groundnut
7,0.48,0.79,204,53,362,703,32.1,Black,Gandhinagar,Kharif,Groundnut
6.72,0.25,0.77,246,44,368,830,28.6,Medium Black,Amreli,Kharif,Groundnut
7.51,0.57,0.69,197,60,355,665,28.6,Medium Black,Gandhinagar,Kharif,Groundnut
7.27,0.46,0.52,238,40,314,665,30.5,Medium Black,Bhavnagar,Kharif,Groundnut
7.45,0.15,0.7,226,40,384,862,28.1,Medium Black,Ahmedabad,Kharif,Groundnut
7.22,0.12,0.51,222,44,291,574,26.4,Medium Black,Ahmedabad,Kharif,Groundnut
6.9,0.47,0.79,216,46,280,567,32.7,Medium Black,Banaskantha,Kharif,Groundnut
7.5,0.11,0.62,243,69,251,811,32.1,Medium Black,Surat,Kharif,Groundnut
7.27,0.34,0.59,190,35,312,780,27.2,Medium Black,Junagadh,Kharif,Groundnut
6.74,0.13,0.57,198,37,420,795,31.7,Black,Vadodara,Kharif,Groundnut
7.7,0.12,0.6,202,45,422,645,29.9,Medium Black,Gandhinagar,Kharif,Groundnut
7.47,0.28,0.46,218,55,344,694,31.6,Black,Anand,Kharif,Groundnut
7.22,0.25,0.5,215,56,384,711,29.2,Medium Black,Banaskantha,Kharif,Groundnut
6.58,0.39,0.79,247,40,373,870,30.5,Black,Ahmedabad,Kharif,Groundnut
7.29,0.26,0.63,259,57,283,814,29.5,Black,Gandhinagar,Kharif,Groundnut
7.55,0.54,0.53,217,47,250,560,25.2,Medium Black,Bhavnagar,Kharif,Groundnut
7.6,0.5,0.8,232,37,335,679,29.5,Medium Black,Junagadh,Kharif,Groundnut
7.33,0.45,0.54,188,54,326,759,29.4,Medium Black,Rajkot,Kharif,Groundnut
7.39,0.27,0.7,258,36,294,599,27.6,Black,Surendranagar,Kharif,Groundnut
7.37,0.56,0.73,197,65,289,821,28.7,Black,Gandhinagar,Kharif,Groundnut
7.52,0.31,0.71,246,54,394,871,30.4,Medium Black,Surat,Kharif,Groundnut
7.25,0.27,0.77,225,39,288,643,31.7,Black,Ahmedabad,Kharif,Groundnut
7.31,0.52,0.65,229,46,402,559,31.9,Black,Bhavnagar,Kharif,Groundnut
7.62,0.45,0.55,191,66,310,690,28.6,Black,Surat,Kharif,Groundnut
7.18,0.19,0.58,184,47,273,727,29,Black,Surendranagar,Kharif,Groundnut
7.15,0.2,0.77,247,54,448,667,26.1,Medium Black,Anand,Kharif,Groundnut
7.78,0.36,0.8,206,37,367,698,30.7,Medium Black,Junagadh,Kharif,Groundnut
6.9,0.12,0.75,191,56,369,523,25.8,Black,Junagadh,Kharif,Groundnut
7.25,0.26,0.76,221,47,299,646,27.2,Black,Bharuch,Kharif,Groundnut
7.07,0.16,0.5,215,42,253,818,29.5,Medium Black,Surat,Kharif,Groundnut
7.21,0.37,0.54,216,50,293,536,27.5,Black,Mehsana,Kharif,Groundnut
7.08,0.17,0.61,186,41,348,527,25.7,Black,Amreli,Kharif,Groundnut
7.42,0.55,0.67,237,57,329,670,31.5,Medium Black,Surendranagar,Kharif,Groundnut
7.48,0.33,0.5,239,41,366,658,30.5,Black,Gandhinagar,Kharif,Groundnut
6.8,0.21,0.75,258,51,343,700,26.5,Black,Bharuch,Kharif,Groundnut
7.62,0.26,0.62,188,65,278,679,28.8,Medium Black,Navsari,Kharif,Groundnut
7.5,0.4,0.49,193,60,432,554,27.6,Medium Black,Bharuch,Kharif,Groundnut
6.89,0.33,0.66,210,50,390,581,32.8,Black,Rajkot,Kharif,Groundnut
6.94,0.51,0.66,235,56,389,855,26.9,Medium Black,Bhavnagar,Kharif,Groundnut
7.71,0.39,0.62,255,64,333,784,25.8,Black,Amreli,Kharif,Groundnut
6.9,0.3,0.66,256,59,333,753,30.2,Medium Black,Rajkot,Kharif,Groundnut
6.78,0.17,0.65,180,44,419,576,28.6,Black,Ahmedabad,Kharif,Groundnut
7.3,0.32,0.52,220,54,395,847,27.4,Black,Bhavnagar,Kharif,Groundnut
7.78,0.27,0.48,181,67,353,565,31.8,Medium Black,Vadodara,Kharif,Groundnut
7.67,0.58,0.45,251,57,278,644,31.9,Medium Black,Ahmedabad,Kharif,Groundnut
7.41,0.3,0.56,228,60,347,722,29.4,Medium Black,Gandhinagar,Kharif,Groundnut
6.68,0.38,0.75,226,61,289,647,33,Medium Black,Amreli,Kharif,Groundnut
6.52,0.42,0.5,242,62,284,543,26.1,Black,Anand,Kharif,Groundnut
7.09,0.49,0.66,234,46,366,760,28.4,Black,Ahmedabad,Kharif,Groundnut
6.96,0.19,0.66,253,66,437,621,30.7,Black,Ahmedabad,Kharif,Groundnut
7.7,0.39,0.46,184,65,430,688,25.9,Black,Bhavnagar,Kharif,Groundnut
6.6,0.47,0.63,215,64,382,540,29.2,Medium Black,Surat,Kharif,Groundnut
7.11,0.47,0.79,189,69,398,659,29.9,Black,Mehsana,Kharif,Groundnut
7.51,0.33,0.63,240,56,357,680,32.7,Black,Navsari,Kharif,Groundnut
6.72,0.45,0.66,218,51,265,822,28.8,Medium Black,Banaskantha,Kharif,Groundnut
6.57,0.6,0.73,259,36,323,748,25.7,Medium Black,Anand,Kharif,Groundnut
7.52,0.23,0.67,215,51,253,879,25.9,Medium Black,Surendranagar,Kharif,Groundnut
7.27,0.18,0.61,202,51,450,858,26.9,Medium Black,Bharuch,Kharif,Groundnut
7.19,0.12,0.79,198,44,376,885,32.9,Black,Surat,Kharif,Groundnut
7.36,0.46,0.51,253,57,263,828,27.1,Medium Black,Junagadh,Kharif,Groundnut
6.72,0.3,0.56,248,49,347,849,30.6,Black,Navsari,Kharif,Groundnut
6.69,0.54,0.45,237,59,423,661,32.7,Medium Black,Rajkot,Kharif,Groundnut
7.69,0.42,0.78,235,52,335,638,27.1,Medium Black,Navsari,Kharif,Groundnut
7.35,0.3,0.72,210,47,383,672,30.4,Medium Black,Vadodara,Kharif,Groundnut
7.21,0.44,0.74,181,61,275,768,25.8,Black,Vadodara,Kharif,Groundnut
6.79,0.24,0.52,183,40,264,804,30.3,Medium Black,Banaskantha,Kharif,Groundnut
7.33,0.45,0.49,257,43,346,836,31.1,Medium Black,Surendranagar,Kharif,Groundnut
6.64,0.19,0.55,189,64,320,893,28.4,Black,Navsari,Kharif,Groundnut
6.71,0.14,0.72,228,59,335,530,27.1,Black,Amreli,Kharif,Groundnut
7.07,0.35,0.78,258,60,295,830,28.9,Medium Black,Mehsana,Kharif,Groundnut
7.5,0.21,0.68,236,51,276,517,25.6,Black,Bharuch,Kharif,Groundnut
7.08,0.55,0.5,180,37,420,699,27.1,Black,Surendranagar,Kharif,Groundnut
7.01,0.1,0.7,242,65,361,706,31.8,Medium Black,Mehsana,Kharif,Groundnut
6.79,0.29,0.69,241,42,395,774,32.5,Black,Vadodara,Kharif,Groundnut
7.39,0.3,0.67,191,58,386,674,25.6,Black,Bharuch,Kharif,Groundnut
7.5,0.42,0.51,185,59,419,597,27.4,Black,Surendranagar,Kharif,Groundnut
6.64,0.44,0.62,260,63,438,597,26.1,Medium Black,Junagadh,Kharif,Groundnut
7.44,0.4,0.62,188,69,414,657,29,Black,Junagadh,Kharif,Groundnut
6.55,0.13,0.73,185,60,280,608,31.5,Black,Kutch,Kharif,Groundnut
7.63,0.37,0.71,209,39,259,876,26.1,Medium Black,Gandhinagar,Kharif,Groundnut
7.68,0.41,0.53,196,35,294,823,25.4,Black,Anand,Kharif,Groundnut
7.53,0.33,0.51,255,39,277,558,29,Medium Black,Rajkot,Kharif,Groundnut
7.55,0.31,0.73,231,55,280,850,29.6,Medium Black,Vadodara,Kharif,Groundnut
7.59,0.5,0.72,255,46,335,532,26,Medium Black,Bharuch,Kharif,Groundnut
7.04,0.45,0.64,236,50,398,520,26.1,Black,Bharuch,Kharif,Groundnut
6.71,0.54,0.48,180,46,272,861,30.2,Black,Ahmedabad,Kharif,Groundnut
7.4,0.5,0.62,196,48,286,827,27.2,Black,Ahmedabad,Kharif,Groundnut
6.81,0.19,0.69,256,46,433,755,29.9,Medium Black,Kutch,Kharif,Groundnut
7.57,0.25,0.6,251,50,299,560,32.9,Medium Black,Banaskantha,Kharif,Groundnut
6.97,0.48,0.64,208,64,447,820,30.3,Black,Junagadh,Kharif,Groundnut
6.75,0.5,0.69,240,66,295,581,30.4,Medium Black,Junagadh,Kharif,Groundnut
7.34,0.24,0.6,222,64,261,553,30.9,Medium Black,Amreli,Kharif,Groundnut
7.52,0.34,0.49,210,63,401,796,27.6,Medium Black,Bhavnagar,Kharif,Groundnut
7.38,0.26,0.72,221,49,275,621,30.9,Medium Black,Ahmedabad,Kharif,Groundnut
7.66,0.14,0.65,186,62,287,610,32.4,Black,Amreli,Kharif,Groundnut
7,0.17,0.7,260,57,319,603,27.7,Medium Black,Bhavnagar,Kharif,Groundnut
7.24,0.24,0.49,239,64,357,587,31.1,Medium Black,Surendranagar,Kharif,Groundnut
6.88,0.18,0.73,258,45,397,783,31.8,Medium Black,Ahmedabad,Kharif,Groundnut
7.61,0.34,0.8,255,65,368,642,25.1,Black,Bhavnagar,Kharif,Groundnut
7.63,0.22,0.6,208,44,396,502,28.3,Medium Black,Junagadh,Kharif,Groundnut
7.79,0.47,0.63,234,68,350,745,31.5,Medium Black,Gandhinagar,Kharif,Groundnut
7.14,0.14,0.71,232,48,283,683,27.4,Medium Black,Junagadh,Kharif,Groundnut
7.12,0.25,0.7,253,36,366,737,31.2,Black,Amreli,Kharif,Groundnut
7.53,0.29,0.61,180,39,348,853,27.7,Medium Black,Navsari,Kharif,Groundnut
7.05,0.23,0.78,249,48,425,541,30,Black,Bhavnagar,Kharif,Groundnut
7.71,0.36,0.77,226,38,278,696,27.9,Medium Black,Vadodara,Kharif,Groundnut
6.98,0.42,0.7,251,48,285,671,26.9,Medium Black,Kutch,Kharif,Groundnut
7.12,0.57,0.65,206,49,332,680,32.2,Black,Navsari,Kharif,Groundnut
6.57,0.29,0.61,244,68,281,740,30.7,Black,Gandhinagar,Kharif,Groundnut
7.31,0.5,0.78,188,47,367,544,25.6,Medium Black,Navsari,Kharif,Groundnut
7.75,0.14,0.51,194,44,377,577,32,Medium Black,Navsari,Kharif,Groundnut
7.04,0.44,0.78,240,57,357,727,30.9,Medium Black,Navsari,Kharif,Groundnut
6.75,0.11,0.73,246,56,355,796,27.7,Black,Gandhinagar,Kharif,Groundnut
7.27,0.45,0.74,236,64,327,790,26.1,Black,Amreli,Kharif,Groundnut
7.53,0.21,0.58,216,38,287,680,27.3,Medium Black,Banaskantha,Kharif,Groundnut
7.7,0.46,0.55,202,44,291,621,25.9,Black,Banaskantha,Kharif,Groundnut
6.66,0.23,0.51,251,37,420,662,32.8,Medium Black,Vadodara,Kharif,Groundnut
7.08,0.59,0.64,195,36,353,755,31.1,Black,Surendranagar,Kharif,Groundnut
6.92,0.1,0.71,244,56,415,861,27.4,Black,Bharuch,Kharif,Groundnut
7.77,0.39,0.5,252,63,336,852,25.9,Black,Surendranagar,Kharif,Groundnut
6.55,0.44,0.49,183,60,408,612,28.6,Medium Black,Vadodara,Kharif,Groundnut
6.57,0.42,0.65,208,52,300,511,25.7,Black,Kutch,Kharif,Groundnut
7.37,0.14,0.63,204,66,331,808,29.8,Medium Black,Surendranagar,Kharif,Groundnut
7.37,0.3,0.7,234,58,348,690,25.1,Black,Vadodara,Kharif,Groundnut
6.9,0.32,0.65,207,63,439,712,31.4,Black,Amreli,Kharif,Groundnut
7.55,0.59,0.6,233,43,400,806,25.7,Medium Black,Navsari,Kharif,Groundnut
7.12,0.53,0.8,188,59,272,503,28.3,Black,Ahmedabad,Kharif,Groundnut
6.73,0.33,0.65,197,47,297,695,27.3,Black,Junagadh,Kharif,Groundnut
7.57,0.25,0.65,243,70,439,737,26.8,Medium Black,Amreli,Kharif,Groundnut
6.84,0.58,0.74,240,42,417,840,32.1,Black,Amreli,Kharif,Groundnut
7.14,0.44,0.54,195,52,376,534,29.8,Black,Banaskantha,Kharif,Groundnut
7.12,0.32,0.54,240,42,345,762,30.9,Medium Black,Anand,Kharif,Groundnut
6.84,0.39,0.5,239,43,341,583,25.4,Black,Ahmedabad,Kharif,Groundnut
7.33,0.58,0.47,217,68,413,539,29.1,Medium Black,Bharuch,Kharif,Groundnut
6.62,0.48,0.64,220,54,319,850,30.6,Black,Rajkot,Kharif,Groundnut
7.19,0.28,0.5,197,68,322,690,31.2,Black,Vadodara,Kharif,Groundnut
7.7,0.18,0.53,244,49,298,786,29.9,Medium Black,Ahmedabad,Kharif,Groundnut
7.1,0.14,0.74,182,65,339,659,30.5,Medium Black,Anand,Kharif,Groundnut
7.07,0.59,0.63,223,46,431,655,25.2,Medium Black,Surat,Kharif,Groundnut
6.67,0.45,0.69,219,43,303,566,32.8,Black,Bhavnagar,Kharif,Groundnut
7.49,0.16,0.46,241,62,260,600,25.9,Medium Black,Gandhinagar,Kharif,Groundnut
6.65,0.23,0.47,181,41,450,563,32.4,Medium Black,Banaskantha,Kharif,Groundnut
7.67,0.19,0.57,191,44,441,642,32.6,Black,Vadodara,Kharif,Groundnut
6.71,0.35,0.7,210,67,395,534,25.8,Medium Black,Mehsana,Kharif,Groundnut
6.78,0.2,0.55,248,35,435,550,32.4,Black,Vadodara,Kharif,Groundnut
7.41,0.19,0.69,193,46,340,694,28.4,Medium Black,Ahmedabad,Kharif,Groundnut
6.65,0.59,0.49,194,68,284,753,31.1,Black,Mehsana,Kharif,Groundnut
7.44,0.14,0.62,229,53,366,807,30.9,Black,Surat,Kharif,Groundnut
7.22,0.25,0.75,204,39,371,847,27.9,Medium Black,Kutch,Kharif,Groundnut
7.14,0.15,0.6,190,42,286,702,28.2,Medium Black,Bhavnagar,Kharif,Groundnut
7.7,0.59,0.47,205,56,301,804,31.8,Black,Rajkot,Kharif,Groundnut
6.8,0.31,0.62,254,52,443,829,32.5,Black,Gandhinagar,Kharif,Groundnut
7.37,0.58,0.8,245,52,287,893,28.6,Medium Black,Navsari,Kharif,Groundnut
7.14,0.22,0.78,183,41,438,527,31.6,Black,Kutch,Kharif,Groundnut
6.53,0.19,0.66,221,44,327,818,30,Medium Black,Kutch,Kharif,Groundnut
7.48,0.48,0.73,205,53,419,754,28.9,Black,Mehsana,Kharif,Groundnut
6.95,0.53,0.64,184,62,280,696,28.6,Black,Gandhinagar,Kharif,Groundnut
7.1,0.12,0.64,218,45,375,720,26.1,Black,Gandhinagar,Kharif,Groundnut
7.49,0.38,0.62,250,69,396,740,28.8,Medium Black,Mehsana,Kharif,Groundnut
6.57,0.23,0.66,228,57,446,645,27.6,Medium Black,Banaskantha,Kharif,Groundnut
6.56,0.52,0.57,254,36,445,820,27.7,Medium Black,Ahmedabad,Kharif,Groundnut
6.95,0.28,0.57,211,50,310,831,27.5,Medium Black,Surendranagar,Kharif,Groundnut
7.39,0.53,0.49,201,36,387,666,25.3,Black,Banaskantha,Kharif,Groundnut
7.17,0.31,0.46,240,36,331,693,29.6,Black,Banaskantha,Kharif,Groundnut
6.63,0.34,0.69,206,56,377,757,31.5,Black,Amreli,Kharif,Groundnut
7.3,0.28,0.6,243,39,387,609,27.3,Medium Black,Navsari,Kharif,Groundnut
7.8,0.3,0.53,191,41,401,672,27.2,Black,Ahmedabad,Kharif,Groundnut
6.77,0.5,0.68,218,67,326,721,30.3,Black,Surat,Kharif,Groundnut
7.04,0.23,0.63,250,46,254,821,30.6,Medium Black,Banaskantha,Kharif,Groundnut
7.15,0.43,0.74,239,52,413,772,31.5,Black,Surendranagar,Kharif,Groundnut
7.24,0.41,0.63,226,64,287,623,26.2,Black,Anand,Kharif,Groundnut
7.07,0.26,0.74,188,48,355,636,31.6,Medium Black,Navsari,Kharif,Groundnut
7.39,0.22,0.53,199,47,257,625,31.4,Black,Gandhinagar,Kharif,Groundnut
7.13,0.6,0.6,184,47,290,639,26.1,Black,Bharuch,Kharif,Groundnut
7.54,0.43,0.51,185,66,450,510,25.4,Medium Black,Vadodara,Kharif,Groundnut
7.28,0.53,0.77,232,58,421,836,32.1,Black,Anand,Kharif,Groundnut
7.44,0.17,0.49,244,42,383,840,31.6,Black,Gandhinagar,Kharif,Groundnut
7.65,0.22,0.49,220,56,399,877,28.1,Medium Black,Surendranagar,Kharif,Groundnut
7.05,0.17,0.51,215,63,354,630,31.9,Medium Black,Gandhinagar,Kharif,Groundnut
7.19,0.45,0.49,249,62,371,849,27,Black,Surendranagar,Kharif,Groundnut
7.52,0.17,0.62,227,54,255,830,32.7,Medium Black,Anand,Kharif,Groundnut
7.46,0.5,0.47,210,51,391,696,27.5,Black,Surendranagar,Kharif,Groundnut
7.56,0.16,0.75,236,59,252,701,32.4,Black,Navsari,Kharif,Groundnut
6.62,0.51,0.53,206,45,362,823,27.5,Black,Bharuch,Kharif,Groundnut
6.54,0.53,0.74,242,65,438,711,32.4,Black,Bhavnagar,Kharif,Groundnut
7.05,0.56,0.49,200,51,379,533,27.8,Black,Gandhinagar,Kharif,Groundnut
7.4,0.48,0.67,203,63,414,569,25,Medium Black,Kutch,Kharif,Groundnut
6.9,0.39,0.49,211,68,432,893,31.6,Medium Black,Anand,Kharif,Groundnut
7.27,0.31,0.78,237,65,438,568,27.1,Black,Bharuch,Kharif,Groundnut
6.87,0.14,0.58,230,59,396,614,25.2,Medium Black,Surendranagar,Kharif,Groundnut
7.23,0.41,0.53,191,64,300,634,30.6,Medium Black,Junagadh,Kharif,Groundnut
7.02,0.31,0.54,191,58,293,790,25.9,Black,Bharuch,Kharif,Groundnut
7.7,0.33,0.69,195,49,432,604,26.5,Black,Navsari,Kharif,Groundnut
7.47,0.29,0.6,206,48,322,872,30.4,Black,Amreli,Kharif,Groundnut
7.03,0.17,0.55,213,50,408,730,32.3,Black,Banaskantha,Kharif,Groundnut
7.39,0.33,0.45,197,55,427,703,30.5,Black,Bhavnagar,Kharif,Groundnut
7.05,0.4,0.48,251,38,263,670,32.4,Black,Surendranagar,Kharif,Groundnut
6.96,0.4,0.68,256,37,251,629,29,Black,Navsari,Kharif,Groundnut
7.77,0.44,0.5,251,37,398,591,27.1,Black,Surendranagar,Kharif,Groundnut
6.94,0.33,0.48,247,62,286,633,25.9,Medium Black,Amreli,Kharif,Groundnut
7.15,0.59,0.55,226,62,322,634,29.9,Black,Mehsana,Kharif,Groundnut
6.91,0.55,0.56,242,44,392,836,30.1,Black,Junagadh,Kharif,Groundnut
6.75,0.13,0.51,240,51,291,861,28.7,Medium Black,Surendranagar,Kharif,Groundnut
7.71,0.12,0.57,251,66,367,752,25.9,Medium Black,Rajkot,Kharif,Groundnut
6.95,0.2,0.55,201,67,319,788,32.1,Medium Black,Banaskantha,Kharif,Groundnut
7.8,0.1,0.72,203,61,269,626,31.1,Medium Black,Surendranagar,Kharif,Groundnut
6.93,0.24,0.79,195,60,345,802,32.4,Medium Black,Anand,Kharif,Groundnut
6.92,0.11,0.61,241,64,410,637,29.8,Medium Black,Vadodara,Kharif,Groundnut
7.76,0.43,0.78,221,43,304,524,31.4,Black,Vadodara,Kharif,Groundnut
7.54,0.47,0.64,257,59,273,704,27,Medium Black,Bharuch,Kharif,Groundnut
7.63,0.14,0.75,200,59,449,706,27.3,Medium Black,Rajkot,Kharif,Groundnut
6.89,0.5,0.71,219,43,341,840,25.8,Black,Mehsana,Kharif,Groundnut
6.76,0.32,0.59,214,62,273,887,28.4,Black,Banaskantha,Kharif,Groundnut
6.74,0.42,0.48,245,56,368,846,26.8,Medium Black,Surendranagar,Kharif,Groundnut
7.14,0.41,0.63,217,64,361,540,32.3,Black,Navsari,Kharif,Groundnut
6.69,0.16,0.77,211,68,359,651,29.5,Medium Black,Surendranagar,Kharif,Groundnut
6.56,0.15,0.6,192,64,419,868,29.5,Black,Vadodara,Kharif,Groundnut
6.83,0.14,0.63,194,64,295,593,31.7,Medium Black,Rajkot,Kharif,Groundnut
7.04,0.45,0.56,238,63,409,635,27.7,Medium Black,Surat,Kharif,Groundnut
6.74,0.47,0.66,193,62,386,509,25,Medium Black,Junagadh,Kharif,Groundnut
6.72,0.34,0.69,257,66,327,816,31.5,Black,Bhavnagar,Kharif,Groundnut
7.38,0.45,0.59,218,40,282,569,25.1,Medium Black,Anand,Kharif,Groundnut
6.52,0.59,0.75,206,65,416,574,30.2,Black,Anand,Kharif,Groundnut
7.31,0.5,0.52,218,64,287,742,28.4,Medium Black,Amreli,Kharif,Groundnut
7.67,0.47,0.61,242,65,255,730,29.7,Medium Black,Navsari,Kharif,Groundnut
7.24,0.52,0.47,181,41,411,865,28.5,Black,Anand,Kharif,Groundnut
7.14,0.39,0.71,217,37,374,704,28.9,Black,Surat,Kharif,Groundnut
7.43,0.36,0.6,220,70,266,637,32.1,Black,Surendranagar,Kharif,Groundnut
7.12,0.35,0.78,224,63,428,723,25.2,Black,Bhavnagar,Kharif,Groundnut
6.75,0.27,0.53,208,56,404,866,30.3,Medium Black,Surendranagar,Kharif,Groundnut
6.88,0.46,0.79,226,65,291,818,26.7,Medium Black,Kutch,Kharif,Groundnut
7.13,0.19,0.5,242,41,356,752,27.4,Medium Black,Mehsana,Kharif,Groundnut
6.56,0.11,0.76,225,45,294,757,25.3,Medium Black,Vadodara,Kharif,Groundnut
7.06,0.41,0.49,208,66,316,674,31.3,Medium Black,Bharuch,Kharif,Groundnut
7.64,0.23,0.5,245,41,430,525,32.4,Black,Bharuch,Kharif,Groundnut
7.09,0.52,0.49,193,41,393,521,29.1,Medium Black,Kutch,Kharif,Groundnut
6.65,0.2,0.58,217,63,445,759,29,Medium Black,Amreli,Kharif,Groundnut
7.34,0.27,0.5,205,63,356,893,31.2,Medium Black,Anand,Kharif,Groundnut
7.55,0.27,0.63,190,52,345,866,31,Black,Kutch,Kharif,Groundnut
7.36,0.18,0.71,233,49,285,719,28.3,Black,Surendranagar,Kharif,Groundnut
7.1,0.53,0.73,226,36,363,574,31.2,Medium Black,Rajkot,Kharif,Groundnut
6.94,0.3,0.72,235,38,350,888,25.3,Medium Black,Surendranagar,Kharif,Groundnut
7.25,0.59,0.79,246,53,357,705,32.1,Black,Bhavnagar,Kharif,Groundnut
7.47,0.55,0.45,215,68,406,575,30.6,Black,Kutch,Kharif,Groundnut
6.77,0.37,0.73,236,57,450,832,28.2,Medium Black,Surendranagar,Kharif,Groundnut
6.89,0.12,0.57,196,68,388,645,26.7,Black,Mehsana,Kharif,Groundnut
6.94,0.42,0.46,249,51,311,896,27.4,Black,Mehsana,Kharif,Groundnut
6.64,0.13,0.58,260,67,340,563,25.4,Medium Black,Gandhinagar,Kharif,Groundnut
6.89,0.47,0.61,210,69,402,619,27.8,Black,Kutch,Kharif,Groundnut
7.52,0.46,0.69,228,68,438,626,25.8,Medium Black,Anand,Kharif,Groundnut
7.51,0.33,0.5,234,61,270,547,25.5,Medium Black,Gandhinagar,Kharif,Groundnut
6.78,0.14,0.69,231,70,382,898,28.2,Black,Banaskantha,Kharif,Groundnut
7.15,0.31,0.6,242,61,291,573,29,Black,Bhavnagar,Kharif,Groundnut
7.1,0.58,0.63,247,42,427,608,28.6,Medium Black,Bhavnagar,Kharif,Groundnut
6.7,0.38,0.77,195,61,278,561,28,Black,Junagadh,Kharif,Groundnut
7.18,0.16,0.56,227,54,325,748,25.2,Medium Black,Amreli,Kharif,Groundnut
7.52,0.31,0.78,219,53,305,593,31.6,Black,Junagadh,Kharif,Groundnut
6.66,0.27,0.75,233,65,396,658,29.5,Black,Bharuch,Kharif,Groundnut
6.99,0.52,0.74,196,43,379,825,28.7,Black,Kutch,Kharif,Groundnut
7.08,0.53,0.56,259,61,349,619,32.2,Black,Mehsana,Kharif,Groundnut
6.56,0.44,0.61,215,40,292,862,25.2,Black,Mehsana,Kharif,Groundnut
7.34,0.42,0.48,259,69,397,887,25.4,Medium Black,Bharuch,Kharif,Groundnut
7.12,0.55,0.49,248,46,254,640,31.3,Medium Black,Anand,Kharif,Groundnut
7.42,0.54,0.61,248,55,352,801,25.4,Medium Black,Vadodara,Kharif,Groundnut
7.07,0.31,0.75,220,59,315,546,25.9,Medium Black,Mehsana,Kharif,Groundnut
6.72,0.17,0.54,191,44,328,708,30.4,Medium Black,Banaskantha,Kharif,Groundnut
7.75,0.19,0.7,218,59,275,663,26.1,Black,Navsari,Kharif,Groundnut
6.99,0.51,0.49,205,50,442,805,29.7,Black,Mehsana,Kharif,Groundnut
7.48,0.29,0.49,187,55,368,783,28.3,Black,Junagadh,Kharif,Groundnut
7.03,0.22,0.76,214,70,400,845,25.8,Medium Black,Navsari,Kharif,Groundnut
7.24,0.32,0.75,244,48,450,572,28,Medium Black,Bharuch,Kharif,Groundnut
6.82,0.58,0.79,251,63,260,500,31.5,Black,Kutch,Kharif,Groundnut
7.76,0.1,0.78,241,52,403,628,31.7,Black,Vadodara,Kharif,Groundnut
7.6,0.21,0.74,216,37,291,878,29.3,Medium Black,Navsari,Kharif,Groundnut
6.62,0.45,0.74,251,52,360,607,29.9,Black,Surendranagar,Kharif,Groundnut
7.39,0.27,0.54,237,52,312,839,32.9,Black,Surat,Kharif,Groundnut
7.1,0.4,0.46,197,35,405,743,25,Medium Black,Kutch,Kharif,Groundnut
6.73,0.38,0.69,242,60,387,541,31.3,Medium Black,Mehsana,Kharif,Groundnut
6.54,0.52,0.69,195,57,346,807,27.9,Medium Black,Anand,Kharif,Groundnut
7.5,0.45,0.45,239,58,299,727,25.1,Medium Black,Bharuch,Kharif,Groundnut
6.87,0.56,0.58,191,54,433,613,26.9,Black,Vadodara,Kharif,Groundnut
6.55,0.35,0.7,257,48,251,600,32.9,Black,Rajkot,Kharif,Groundnut
7.63,0.38,0.62,250,47,418,878,29.5,Medium Black,Rajkot,Kharif,Groundnut
7.26,0.47,0.49,252,49,383,873,31.3,Medium Black,Anand,Kharif,Groundnut
7.38,0.6,0.69,248,51,424,786,32.1,Medium Black,Ahmedabad,Kharif,Groundnut
7.33,0.57,0.47,221,62,354,640,26,Black,Gandhinagar,Kharif,Groundnut
6.97,0.48,0.76,208,38,321,715,29.3,Black,Junagadh,Kharif,Groundnut
7.01,0.27,0.76,183,49,426,716,32.7,Medium Black,Surat,Kharif,Groundnut
6.71,0.26,0.67,192,36,372,721,31.5,Black,Anand,Kharif,Groundnut
6.83,0.15,0.53,223,38,335,766,31.4,Medium Black,Bharuch,Kharif,Groundnut
7.28,0.32,0.48,237,42,271,531,32.3,Black,Vadodara,Kharif,Groundnut
7.66,0.45,0.72,187,63,264,654,29.9,Black,Rajkot,Kharif,Groundnut
6.63,0.13,0.47,228,60,274,816,31,Medium Black,Anand,Kharif,Groundnut
7.28,0.43,0.45,229,64,359,817,30,Black,Kutch,Kharif,Groundnut
7.72,0.49,0.61,222,47,277,552,25.1,Medium Black,Banaskantha,Kharif,Groundnut
7.53,0.2,0.65,245,51,340,715,28.9,Black,Amreli,Kharif,Groundnut
6.82,0.5,0.47,219,62,381,833,31,Black,Banaskantha,Kharif,Groundnut
7.65,0.49,0.5,219,56,324,688,32.8,Medium Black,Junagadh,Kharif,Groundnut
6.81,0.51,0.65,186,62,338,600,32.8,Medium Black,Bharuch,Kharif,Groundnut
6.59,0.19,0.62,239,56,398,789,32.7,Black,Ahmedabad,Kharif,Groundnut
6.93,0.15,0.76,185,66,306,501,30.1,Medium Black,Gandhinagar,Kharif,Groundnut
7.31,0.22,0.71,222,59,302,704,26.5,Medium Black,Vadodara,Kharif,Groundnut
6.51,0.28,0.64,198,53,362,599,30.1,Black,Junagadh,Kharif,Groundnut
7.77,0.2,0.55,208,51,434,589,27.7,Medium Black,Amreli,Kharif,Groundnut
6.75,0.19,0.54,192,36,423,570,28,Medium Black,Vadodara,Kharif,Groundnut
7.72,0.25,0.53,227,45,384,819,32.1,Medium Black,Rajkot,Kharif,Groundnut
6.69,0.56,0.73,204,69,346,855,28,Black,Kutch,Kharif,Groundnut
6.82,0.12,0.67,204,69,325,576,27.6,Medium Black,Kutch,Kharif,Groundnut
7.53,0.54,0.75,254,66,303,872,25.7,Black,Bharuch,Kharif,Groundnut
7.36,0.13,0.63,245,58,377,765,28.7,Black,Bhavnagar,Kharif,Groundnut
6.99,0.45,0.7,243,65,318,797,28.2,Medium Black,Surat,Kharif,Groundnut
6.79,0.2,0.75,230,48,328,717,32.1,Medium Black,Surendranagar,Kharif,Groundnut
7.6,0.23,0.48,190,53,363,765,27.8,Medium Black,Gandhinagar,Kharif,Groundnut
7.17,0.27,0.61,235,61,344,754,27.5,Black,Junagadh,Kharif,Groundnut
6.73,0.22,0.68,225,40,325,756,29.1,Medium Black,Bharuch,Kharif,Groundnut
6.86,0.21,0.49,226,37,389,602,27.7,Black,Navsari,Kharif,Groundnut
6.89,0.51,0.69,215,47,430,809,33,Black,Junagadh,Kharif,Groundnut
7.5,0.24,0.57,231,60,398,887,30.2,Black,Kutch,Kharif,Groundnut
7.17,0.48,0.5,230,49,308,870,31,Black,Surat,Kharif,Groundnut
7.17,0.49,0.72,239,56,271,660,31.8,Black,Bharuch,Kharif,Groundnut
7.72,0.31,0.6,251,36,345,571,29.6,Medium Black,Navsari,Kharif,Groundnut
7.73,0.1,0.73,225,56,307,714,28.4,Black,Bharuch,Kharif,Groundnut
7.51,0.37,0.56,182,37,285,578,32.8,Black,Banaskantha,Kharif,Groundnut
7.32,0.4,0.66,230,59,302,700,25.5,Black,Surat,Kharif,Groundnut
7.12,0.26,0.79,218,40,293,553,30.4,Medium Black,Junagadh,Kharif,Groundnut
7.57,0.4,0.46,205,39,348,645,26.6,Black,Kutch,Kharif,Groundnut
7.18,0.33,0.58,181,45,333,710,28.1,Medium Black,Amreli,Kharif,Groundnut
7.2,0.34,0.47,206,43,302,658,28.5,Black,Amreli,Kharif,Groundnut
7.28,0.57,0.66,244,64,320,603,25.1,Medium Black,Gandhinagar,Kharif,Groundnut
6.58,0.3,0.73,247,56,395,751,28.7,Medium Black,Bhavnagar,Kharif,Groundnut
6.62,0.42,0.77,224,54,350,813,31.6,Medium Black,Ahmedabad,Kharif,Groundnut
6.82,0.55,0.71,238,59,418,593,30.6,Medium Black,Ahmedabad,Kharif,Groundnut
7.41,0.12,0.76,200,52,410,775,27.3,Medium Black,Bhavnagar,Kharif,Groundnut
7.44,0.55,0.77,232,70,281,688,25.6,Medium Black,Mehsana,Kharif,Groundnut
7.5,0.26,0.61,212,48,379,522,28.7,Medium Black,Kutch,Kharif,Groundnut
7.4,0.47,0.58,231,47,351,519,25.1,Medium Black,Bhavnagar,Kharif,Groundnut
7.69,0.26,0.71,242,64,267,542,29.4,Medium Black,Bhavnagar,Kharif,Groundnut
7.74,0.17,0.74,200,45,254,810,25.8,Black,Rajkot,Kharif,Groundnut
7.2,0.3,0.48,181,52,289,725,27.9,Medium Black,Bhavnagar,Kharif,Groundnut
6.54,0.44,0.53,186,68,414,839,30.7,Medium Black,Ahmedabad,Kharif,Groundnut
7.4,0.32,0.66,186,59,446,603,32.4,Black,Surendranagar,Kharif,Groundnut
6.81,0.15,0.6,181,56,299,848,30.4,Medium Black,Surendranagar,Kharif,Groundnut
6.63,0.52,0.68,201,37,356,762,25.9,Black,Vadodara,Kharif,Groundnut
7.23,0.19,0.52,249,60,359,561,26.9,Medium Black,Vadodara,Kharif,Groundnut
6.92,0.11,0.68,181,59,304,734,26.8,Black,Kutch,Kharif,Groundnut
7.31,0.12,0.76,232,54,446,806,29,Medium Black,Bhavnagar,Kharif,Groundnut
7.2,0.6,0.75,201,51,274,807,27.6,Black,Kutch,Kharif,Groundnut
7.7,0.49,0.5,202,55,420,746,25.5,Medium Black,Banaskantha,Kharif,Groundnut
7.69,0.32,0.63,209,67,400,860,32.9,Medium Black,Junagadh,Kharif,Groundnut
7.3,0.55,0.56,234,50,408,540,25.5,Black,Gandhinagar,Kharif,Groundnut
6.89,0.18,0.52,184,50,435,806,32.9,Black,Bhavnagar,Kharif,Groundnut
7.64,0.17,0.56,185,68,356,831,31.5,Medium Black,Surat,Kharif,Groundnut
7.6,0.27,0.53,249,38,420,627,31.4,Medium Black,Banaskantha,Kharif,Groundnut
7.63,0.36,0.51,260,35,266,751,25.6,Medium Black,Junagadh,Kharif,Groundnut
7.32,0.17,0.52,191,46,401,781,31.6,Medium Black,Surat,Kharif,Groundnut
7.16,0.31,0.61,201,47,312,717,26.4,Medium Black,Navsari,Kharif,Groundnut
6.87,0.32,0.67,214,65,270,684,28.2,Medium Black,Gandhinagar,Kharif,Groundnut
7.07,0.35,0.71,199,65,255,890,28.1,Medium Black,Bharuch,Kharif,Groundnut
7.68,0.25,0.64,250,46,315,694,28.7,Black,Navsari,Kharif,Groundnut
6.99,0.4,0.48,197,65,300,579,32.3,Medium Black,Junagadh,Kharif,Groundnut
7.62,0.47,0.58,231,61,351,880,28,Black,Navsari,Kharif,Groundnut
7.33,0.39,0.59,184,42,348,789,26.3,Black,Navsari,Kharif,Groundnut
7.5,0.48,0.57,242,58,428,529,30.2,Black,Bhavnagar,Kharif,Groundnut
6.82,0.34,0.77,226,36,428,840,30.2,Black,Banaskantha,Kharif,Groundnut
7.09,0.44,0.54,257,45,253,559,31.2,Black,Ahmedabad,Kharif,Groundnut
7.42,0.59,0.48,204,62,292,718,27,Black,Mehsana,Kharif,Groundnut
7.76,0.43,0.58,219,61,442,872,32,Medium Black,Kutch,Kharif,Groundnut
7.24,0.5,0.73,214,48,441,703,30.6,Medium Black,Amreli,Kharif,Groundnut
7.56,0.1,0.47,233,68,356,835,27.3,Black,Amreli,Kharif,Groundnut
6.73,0.19,0.5,242,46,378,556,28.6,Medium Black,Amreli,Kharif,Groundnut
6.76,0.47,0.73,204,51,354,725,30,Medium Black,Anand,Kharif,Groundnut
7.33,0.14,0.48,195,52,266,675,25.2,Medium Black,Gandhinagar,Kharif,Groundnut
7.13,0.48,0.45,214,35,420,798,31.3,Medium Black,Rajkot,Kharif,Groundnut
6.77,0.5,0.58,246,52,374,742,31.1,Black,Vadodara,Kharif,Groundnut
6.98,0.55,0.8,210,58,420,704,28,Medium Black,Vadodara,Kharif,Groundnut
7.64,0.5,0.45,231,43,256,808,26,Black,Bhavnagar,Kharif,Groundnut
7.48,0.22,0.61,240,67,355,838,26.5,Black,Junagadh,Kharif,Groundnut
7.32,0.54,0.79,221,63,309,810,28.9,Medium Black,Vadodara,Kharif,Groundnut
7.06,0.57,0.78,192,59,325,810,26.6,Medium Black,Anand,Kharif,Groundnut
7.18,0.39,0.75,244,37,282,754,31.4,Black,Anand,Kharif,Groundnut
7.37,0.37,0.76,201,63,279,746,30.3,Medium Black,Surat,Kharif,Groundnut
6.78,0.48,0.68,191,41,361,866,25.2,Black,Surendranagar,Kharif,Groundnut
7,0.24,0.7,240,42,420,569,32.4,Black,Rajkot,Kharif,Groundnut
7.53,0.27,0.53,253,39,414,675,28,Black,Kutch,Kharif,Groundnut
7.33,0.38,0.75,209,49,316,559,27.3,Medium Black,Rajkot,Kharif,Groundnut
6.94,0.4,0.52,194,58,282,660,32.6,Medium Black,Navsari,Kharif,Groundnut
6.58,0.37,0.75,234,55,447,686,31.4,Medium Black,Mehsana,Kharif,Groundnut
7.36,0.4,0.49,181,69,367,661,26.2,Black,Anand,Kharif,Groundnut
6.78,0.44,0.5,216,44,441,840,31.8,Medium Black,Banaskantha,Kharif,Groundnut
6.92,0.35,0.69,215,65,411,610,29,Black,Junagadh,Kharif,Groundnut
7.78,0.27,0.74,206,49,429,876,25.4,Medium Black,Anand,Kharif,Groundnut
7.13,0.3,0.79,200,36,390,700,27.7,Black,Vadodara,Kharif,Groundnut
7.49,0.3,0.63,216,53,428,599,30.6,Black,Rajkot,Kharif,Groundnut
6.67,0.48,0.65,186,54,367,835,26.3,Medium Black,Gandhinagar,Kharif,Groundnut
7.4,0.25,0.5,207,47,438,833,25.1,Medium Black,Kutch,Kharif,Groundnut
7.52,0.53,0.58,234,45,264,549,27.8,Black,Amreli,Kharif,Groundnut
7.73,0.16,0.63,223,62,288,821,30.8,Medium Black,Junagadh,Kharif,Groundnut
6.65,0.3,0.56,256,46,417,881,28,Medium Black,Bharuch,Kharif,Groundnut
7.1,0.51,0.58,260,63,344,505,26,Medium Black,Rajkot,Kharif,Groundnut
7.14,0.43,0.63,182,65,320,855,31,Medium Black,Ahmedabad,Kharif,Groundnut
7.13,0.42,0.6,253,43,275,666,25.5,Medium Black,Ahmedabad,Kharif,Groundnut
7.56,0.11,0.64,248,68,375,532,29.2,Medium Black,Bharuch,Kharif,Groundnut
7.48,0.58,0.76,203,46,251,784,28.6,Black,Rajkot,Kharif,Groundnut
6.55,0.39,0.68,191,70,315,885,25.3,Medium Black,Mehsana,Kharif,Groundnut
6.89,0.58,0.51,180,50,326,523,32.6,Black,Kutch,Kharif,Groundnut
7.19,0.17,0.62,220,68,340,810,29.3,Medium Black,Bhavnagar,Kharif,Groundnut
6.63,0.51,0.53,204,44,326,610,32.7,Medium Black,Banaskantha,Kharif,Groundnut
6.97,0.16,0.67,189,70,315,633,28.1,Medium Black,Ahmedabad,Kharif,Groundnut
7.09,0.57,0.69,198,69,302,536,30,Black,Kutch,Kharif,Groundnut
7.41,0.2,0.58,245,45,357,578,27.5,Black,Ahmedabad,Kharif,Groundnut
6.53,0.4,0.48,195,69,278,850,29.4,Medium Black,Vadodara,Kharif,Groundnut
7.33,0.28,0.57,214,44,307,640,25.1,Black,Surat,Kharif,Groundnut
6.99,0.15,0.77,202,68,436,656,29.7,Black,Rajkot,Kharif,Groundnut
7.19,0.45,0.75,250,52,405,550,32.2,Medium Black,Vadodara,Kharif,Groundnut
7.73,0.29,0.57,248,70,402,706,28.8,Medium Black,Navsari,Kharif,Groundnut
6.51,0.36,0.5,196,44,346,790,30.9,Medium Black,Surendranagar,Kharif,Groundnut
7.44,0.59,0.7,211,61,430,734,26.5,Black,Bharuch,Kharif,Groundnut
7.11,0.24,0.78,246,49,328,825,31.9,Black,Ahmedabad,Kharif,Groundnut
7.5,0.52,0.67,189,50,273,584,29.6,Medium Black,Bhavnagar,Kharif,Groundnut
6.87,0.56,0.73,181,62,423,760,32.5,Medium Black,Gandhinagar,Kharif,Groundnut
7.15,0.44,0.69,248,42,353,507,29.9,Medium Black,Bhavnagar,Kharif,Groundnut
7.05,0.37,0.57,247,37,405,729,32.7,Medium Black,Amreli,Kharif,Groundnut
6.6,0.52,0.63,186,62,376,694,26.4,Medium Black,Vadodara,Kharif,Groundnut
7.69,0.22,0.64,195,53,326,747,27.3,Medium Black,Junagadh,Kharif,Groundnut
7.46,0.38,0.53,219,67,259,737,32.1,Black,Junagadh,Kharif,Groundnut
6.96,0.41,0.56,225,41,251,679,32.1,Medium Black,Ahmedabad,Kharif,Groundnut
6.96,0.15,0.62,190,68,381,578,28.3,Black,Junagadh,Kharif,Groundnut
7.19,0.59,0.43,250,48,376,686,29.9,Black,Mehsana,Kharif,Cotton
7.97,0.27,0.5,307,53,341,571,29.2,Black,Junagadh,Kharif,Cotton
7.43,0.72,0.42,224,43,310,568,29.6,Black,Surendranagar,Kharif,Cotton
7.04,0.6,0.68,285,42,330,715,30.4,Black,Bharuch,Kharif,Cotton
7.82,0.28,0.61,299,50,428,871,34.3,Black,Amreli,Kharif,Cotton
7.13,0.26,0.36,219,47,428,506,32.9,Black,Junagadh,Kharif,Cotton
7.81,0.41,0.69,294,25,411,745,28.6,Black,Rajkot,Kharif,Cotton
7.91,0.35,0.4,265,36,363,643,32.9,Black,Bhavnagar,Kharif,Cotton
7.3,0.69,0.42,290,31,479,873,30.5,Black,Surat,Kharif,Cotton
8.19,0.55,0.57,229,32,333,705,26.3,Black,Surendranagar,Kharif,Cotton
7.18,0.21,0.42,310,28,397,708,30.7,Black,Surat,Kharif,Cotton
7.4,0.49,0.53,282,28,377,556,28.4,Black,Vadodara,Kharif,Cotton
7.85,0.35,0.66,223,27,300,526,31.9,Black,Surat,Kharif,Cotton
7.34,0.37,0.56,255,36,364,751,29.3,Black,Rajkot,Kharif,Cotton
7.12,0.21,0.54,310,33,384,684,32.7,Black,Bhavnagar,Kharif,Cotton
7.93,0.52,0.48,283,42,353,799,29.5,Black,Amreli,Kharif,Cotton
7.76,0.56,0.36,316,37,349,860,30,Black,Rajkot,Kharif,Cotton
8.13,0.57,0.46,260,37,436,869,27.4,Black,Surat,Kharif,Cotton
7.5,0.63,0.66,297,60,388,687,30,Black,Surendranagar,Kharif,Cotton
7.52,0.49,0.53,264,26,342,806,28.5,Black,Navsari,Kharif,Cotton
7.05,0.54,0.63,288,37,489,703,30.5,Black,Amreli,Kharif,Cotton
7.53,0.51,0.55,249,50,455,639,27.9,Black,Amreli,Kharif,Cotton
7.69,0.56,0.35,318,57,416,757,32.4,Black,Navsari,Kharif,Cotton
8.02,0.38,0.44,215,35,357,523,30.8,Black,Junagadh,Kharif,Cotton
7.77,0.77,0.45,217,42,313,828,34.8,Black,Mehsana,Kharif,Cotton
7.14,0.59,0.57,247,45,321,861,34,Black,Bhavnagar,Kharif,Cotton
7.16,0.74,0.45,207,25,391,612,32.6,Black,Amreli,Kharif,Cotton
7.31,0.21,0.58,311,31,484,881,32.2,Black,Anand,Kharif,Cotton
7.75,0.56,0.42,256,39,383,637,27.8,Black,Amreli,Kharif,Cotton
7.54,0.64,0.5,218,55,323,753,27.6,Black,Anand,Kharif,Cotton
8.03,0.31,0.52,293,36,465,644,26.2,Black,Surendranagar,Kharif,Cotton
7.21,0.44,0.56,208,34,318,718,28.2,Black,Rajkot,Kharif,Cotton
7.87,0.28,0.61,201,31,396,696,26.2,Black,Bharuch,Kharif,Cotton
8,0.76,0.4,298,30,368,573,34.4,Black,Bharuch,Kharif,Cotton
8.16,0.77,0.39,294,46,481,543,27.8,Black,Bharuch,Kharif,Cotton
7.68,0.47,0.41,242,55,339,624,26.5,Black,Kutch,Kharif,Cotton
7.65,0.21,0.37,269,43,326,761,34,Black,Amreli,Kharif,Cotton
7,0.33,0.43,249,34,390,835,28.6,Black,Kutch,Kharif,Cotton
8.06,0.69,0.39,221,32,357,552,34.6,Black,Vadodara,Kharif,Cotton
7.09,0.4,0.48,318,30,311,809,27.4,Black,Mehsana,Kharif,Cotton
7.4,0.31,0.5,314,44,459,646,29.1,Black,Navsari,Kharif,Cotton
8.1,0.6,0.68,303,29,300,576,33,Black,Vadodara,Kharif,Cotton
7.18,0.47,0.63,261,29,328,795,29.8,Black,Amreli,Kharif,Cotton
7.11,0.8,0.41,249,47,381,753,29.8,Black,Banaskantha,Kharif,Cotton
7.95,0.4,0.63,283,40,398,714,30.9,Black,Mehsana,Kharif,Cotton
7.64,0.34,0.38,291,51,434,795,33,Black,Bhavnagar,Kharif,Cotton
7.1,0.42,0.42,308,26,392,785,30.3,Black,Surendranagar,Kharif,Cotton
7.13,0.75,0.48,308,33,375,735,27.3,Black,Surat,Kharif,Cotton
7.25,0.33,0.61,215,34,396,875,26.2,Black,Vadodara,Kharif,Cotton
7.06,0.26,0.55,261,35,307,575,29.3,Black,Surat,Kharif,Cotton
7.09,0.54,0.63,219,36,420,880,27.3,Black,Gandhinagar,Kharif,Cotton
7.49,0.4,0.62,288,25,373,556,27.4,Black,Banaskantha,Kharif,Cotton
7.9,0.5,0.35,306,52,474,732,31,Black,Surendranagar,Kharif,Cotton
7.69,0.38,0.43,319,35,369,547,30.7,Black,Bhavnagar,Kharif,Cotton
7.25,0.57,0.43,223,60,454,539,33.3,Black,Gandhinagar,Kharif,Cotton
7.38,0.59,0.64,221,28,395,831,29.8,Black,Rajkot,Kharif,Cotton
7.13,0.42,0.62,242,26,361,644,27.5,Black,Rajkot,Kharif,Cotton
7.25,0.21,0.67,224,60,351,826,34.4,Black,Navsari,Kharif,Cotton
7.1,0.54,0.37,301,55,311,524,28.8,Black,Junagadh,Kharif,Cotton
8.18,0.65,0.69,264,37,380,884,29.5,Black,Amreli,Kharif,Cotton
7.84,0.26,0.49,294,57,325,757,33.3,Black,Junagadh,Kharif,Cotton
7.7,0.43,0.56,309,27,374,582,27.4,Black,Rajkot,Kharif,Cotton
8.06,0.26,0.6,313,38,474,834,27.3,Black,Mehsana,Kharif,Cotton
7.62,0.64,0.58,319,46,414,567,29.1,Black,Banaskantha,Kharif,Cotton
8.03,0.46,0.66,299,49,361,606,35,Black,Amreli,Kharif,Cotton
7.68,0.8,0.38,201,34,496,658,30.9,Black,Gandhinagar,Kharif,Cotton
7.11,0.39,0.68,220,29,371,795,29.3,Black,Rajkot,Kharif,Cotton
7.22,0.66,0.44,260,41,495,726,31.9,Black,Rajkot,Kharif,Cotton
8.17,0.49,0.48,236,50,404,817,34.3,Black,Gandhinagar,Kharif,Cotton
7.44,0.71,0.68,247,30,474,711,30.6,Black,Surendranagar,Kharif,Cotton
8.05,0.61,0.57,282,28,489,625,32.3,Black,Amreli,Kharif,Cotton
8.02,0.37,0.41,251,29,357,698,33.9,Black,Vadodara,Kharif,Cotton
7.56,0.59,0.67,259,31,321,592,32.6,Black,Bharuch,Kharif,Cotton
7.52,0.44,0.37,243,56,354,859,32.7,Black,Navsari,Kharif,Cotton
7.55,0.53,0.68,218,38,381,790,26.3,Black,Junagadh,Kharif,Cotton
8.12,0.42,0.5,260,38,313,608,33.8,Black,Navsari,Kharif,Cotton
7.3,0.31,0.4,235,50,320,652,33.9,Black,Anand,Kharif,Cotton
7.5,0.33,0.66,223,28,323,719,29.1,Black,Amreli,Kharif,Cotton
7.24,0.77,0.52,268,35,478,723,29.2,Black,Anand,Kharif,Cotton
7.01,0.67,0.56,209,34,382,840,34.9,Black,Junagadh,Kharif,Cotton
7.18,0.48,0.4,310,45,329,845,29.7,Black,Gandhinagar,Kharif,Cotton
8.13,0.71,0.57,281,31,309,611,32.7,Black,Ahmedabad,Kharif,Cotton
7.84,0.66,0.56,227,47,353,597,34.7,Black,Vadodara,Kharif,Cotton
7.98,0.21,0.66,264,32,479,755,31.8,Black,Ahmedabad,Kharif,Cotton
7.49,0.41,0.54,266,46,329,590,30.1,Black,Amreli,Kharif,Cotton
7.66,0.3,0.5,236,52,462,645,32.3,Black,Rajkot,Kharif,Cotton
7.97,0.26,0.58,278,51,326,754,32.7,Black,Kutch,Kharif,Cotton
7.53,0.55,0.36,237,51,354,614,33,Black,Rajkot,Kharif,Cotton
7.23,0.48,0.39,301,54,405,830,32.3,Black,Junagadh,Kharif,Cotton
8.13,0.67,0.53,234,41,378,712,32.1,Black,Surendranagar,Kharif,Cotton
8.09,0.22,0.36,301,48,432,879,31.4,Black,Amreli,Kharif,Cotton
8.15,0.8,0.43,250,37,457,829,29.5,Black,Bharuch,Kharif,Cotton
8.12,0.46,0.68,249,36,403,662,30.7,Black,Surat,Kharif,Cotton
7.12,0.68,0.53,280,50,495,821,34.2,Black,Vadodara,Kharif,Cotton
7.24,0.26,0.5,280,34,307,816,32.4,Black,Banaskantha,Kharif,Cotton
7.46,0.65,0.4,258,47,347,622,31.9,Black,Navsari,Kharif,Cotton
7.23,0.7,0.6,303,49,497,633,31.9,Black,Rajkot,Kharif,Cotton
8.12,0.58,0.57,274,31,328,735,34.3,Black,Rajkot,Kharif,Cotton
7.17,0.36,0.41,209,56,392,606,29.5,Black,Bharuch,Kharif,Cotton
7.03,0.24,0.69,209,38,475,714,29.4,Black,Kutch,Kharif,Cotton
8.09,0.69,0.41,201,36,468,790,31.7,Black,Rajkot,Kharif,Cotton
8.17,0.8,0.52,278,59,301,581,30.7,Black,Surendranagar,Kharif,Cotton
7.15,0.56,0.54,266,57,494,578,27.9,Black,Rajkot,Kharif,Cotton
8.08,0.22,0.4,210,33,368,640,30.3,Black,Vadodara,Kharif,Cotton
7.85,0.59,0.51,303,56,411,762,34.5,Black,Navsari,Kharif,Cotton
7.21,0.61,0.66,235,50,326,798,33.1,Black,Amreli,Kharif,Cotton
7.95,0.77,0.52,313,53,408,805,32.7,Black,Banaskantha,Kharif,Cotton
7.13,0.43,0.42,245,48,461,532,30,Black,Mehsana,Kharif,Cotton
7.3,0.45,0.56,312,58,390,703,26.3,Black,Bharuch,Kharif,Cotton
7.39,0.67,0.48,209,38,468,690,29.3,Black,Rajkot,Kharif,Cotton
7.01,0.61,0.6,227,54,445,664,34.1,Black,Ahmedabad,Kharif,Cotton
7.34,0.33,0.43,271,42,483,811,34.5,Black,Banaskantha,Kharif,Cotton
8.07,0.45,0.61,240,45,350,600,26.4,Black,Gandhinagar,Kharif,Cotton
7.06,0.36,0.39,257,35,453,667,31.3,Black,Banaskantha,Kharif,Cotton
7.03,0.21,0.62,273,25,418,645,27.2,Black,Junagadh,Kharif,Cotton
8.07,0.75,0.36,282,26,317,740,26.9,Black,Bhavnagar,Kharif,Cotton
7.36,0.39,0.47,210,60,498,660,30.4,Black,Ahmedabad,Kharif,Cotton
7.36,0.79,0.52,282,32,395,816,26.9,Black,Junagadh,Kharif,Cotton
7.99,0.28,0.7,310,52,357,587,26.8,Black,Anand,Kharif,Cotton
8.08,0.79,0.68,311,28,366,522,27,Black,Rajkot,Kharif,Cotton
7.32,0.61,0.63,248,42,478,587,34.3,Black,Rajkot,Kharif,Cotton
7.15,0.72,0.61,313,51,463,728,32,Black,Banaskantha,Kharif,Cotton
7.57,0.49,0.45,298,55,357,547,28.4,Black,Bhavnagar,Kharif,Cotton
7.1,0.54,0.66,284,38,477,539,26.7,Black,Junagadh,Kharif,Cotton
7.25,0.6,0.51,249,37,424,553,29.1,Black,Bharuch,Kharif,Cotton
8.13,0.63,0.58,308,57,327,566,28,Black,Ahmedabad,Kharif,Cotton
8.17,0.72,0.53,299,50,348,535,28.5,Black,Kutch,Kharif,Cotton
7.37,0.72,0.58,218,54,327,881,27,Black,Surendranagar,Kharif,Cotton
7.55,0.36,0.52,267,53,390,635,27.1,Black,Vadodara,Kharif,Cotton
7.52,0.29,0.53,265,46,313,725,28.5,Black,Junagadh,Kharif,Cotton
7.78,0.64,0.5,237,37,403,590,31.3,Black,Mehsana,Kharif,Cotton
7.52,0.61,0.58,214,39,329,527,34.1,Black,Surat,Kharif,Cotton
7.08,0.26,0.43,279,50,400,701,26.9,Black,Gandhinagar,Kharif,Cotton
7.25,0.67,0.47,236,43,487,501,26.8,Black,Bhavnagar,Kharif,Cotton
7.37,0.74,0.43,240,29,342,595,29,Black,Amreli,Kharif,Cotton
8.15,0.6,0.5,202,36,367,539,27.5,Black,Banaskantha,Kharif,Cotton
7.42,0.48,0.35,311,40,420,556,26.4,Black,Banaskantha,Kharif,Cotton
7.82,0.37,0.43,264,35,493,575,33,Black,Navsari,Kharif,Cotton
7.96,0.4,0.52,244,59,365,839,30.4,Black,Gandhinagar,Kharif,Cotton
7.02,0.41,0.6,314,58,498,839,33.7,Black,Rajkot,Kharif,Cotton
7.32,0.51,0.57,218,51,356,837,34.9,Black,Gandhinagar,Kharif,Cotton
7.04,0.55,0.59,255,48,352,881,26.8,Black,Kutch,Kharif,Cotton
7.13,0.36,0.57,269,53,434,589,28.4,Black,Surendranagar,Kharif,Cotton
7.4,0.55,0.68,235,44,348,521,31.2,Black,Anand,Kharif,Cotton
7.73,0.46,0.51,301,47,373,556,34.7,Black,Surendranagar,Kharif,Cotton
7.82,0.48,0.4,237,60,470,583,28.7,Black,Rajkot,Kharif,Cotton
7.96,0.21,0.36,236,32,313,750,28.8,Black,Vadodara,Kharif,Cotton
7.79,0.2,0.44,244,43,428,840,34.6,Black,Rajkot,Kharif,Cotton
7.86,0.29,0.61,255,30,374,612,26.3,Black,Surat,Kharif,Cotton
7.97,0.58,0.5,315,31,366,654,31.4,Black,Banaskantha,Kharif,Cotton
7.52,0.73,0.63,217,37,364,569,29.7,Black,Navsari,Kharif,Cotton
7.37,0.38,0.67,259,59,346,692,33,Black,Rajkot,Kharif,Cotton
7.17,0.47,0.46,319,47,419,681,29.8,Black,Ahmedabad,Kharif,Cotton
7.55,0.75,0.36,298,51,322,886,27.3,Black,Bharuch,Kharif,Cotton
7.29,0.51,0.39,269,43,313,886,33.6,Black,Ahmedabad,Kharif,Cotton
7.8,0.48,0.62,266,54,313,543,26.5,Black,Vadodara,Kharif,Cotton
7.71,0.69,0.55,288,46,315,562,32.7,Black,Bhavnagar,Kharif,Cotton
7.25,0.29,0.61,263,33,357,845,31.8,Black,Navsari,Kharif,Cotton
7.75,0.63,0.68,303,56,459,852,27.8,Black,Junagadh,Kharif,Cotton
7.18,0.73,0.53,231,38,326,742,26.2,Black,Ahmedabad,Kharif,Cotton
7.07,0.27,0.49,223,40,439,633,33.4,Black,Anand,Kharif,Cotton
7.79,0.27,0.4,202,36,336,881,31.9,Black,Mehsana,Kharif,Cotton
7.89,0.53,0.52,237,43,470,551,34.6,Black,Vadodara,Kharif,Cotton
7.8,0.43,0.59,213,54,406,717,27.3,Black,Gandhinagar,Kharif,Cotton
7.14,0.43,0.55,204,53,310,681,34.7,Black,Surendranagar,Kharif,Cotton
7.87,0.37,0.69,245,57,428,607,29.1,Black,Mehsana,Kharif,Cotton
7.08,0.59,0.47,292,46,417,866,33.7,Black,Navsari,Kharif,Cotton
7.94,0.6,0.67,208,55,396,741,31.5,Black,Banaskantha,Kharif,Cotton
7.85,0.5,0.58,233,33,478,665,31.3,Black,Banaskantha,Kharif,Cotton
7.74,0.44,0.37,309,35,359,549,32,Black,Surendranagar,Kharif,Cotton
7.82,0.39,0.43,298,40,326,589,32.6,Black,Bharuch,Kharif,Cotton
8.17,0.75,0.37,232,32,309,883,26.7,Black,Banaskantha,Kharif,Cotton
7.76,0.22,0.41,213,53,396,568,34.9,Black,Surat,Kharif,Cotton
7.3,0.46,0.45,225,35,411,770,33.3,Black,Rajkot,Kharif,Cotton
7.7,0.58,0.58,226,27,335,502,29.2,Black,Banaskantha,Kharif,Cotton
7.66,0.24,0.41,293,58,427,597,33.5,Black,Mehsana,Kharif,Cotton
7.42,0.57,0.55,217,29,412,718,31.6,Black,Banaskantha,Kharif,Cotton
7.09,0.67,0.45,215,56,359,526,31.4,Black,Junagadh,Kharif,Cotton
7.27,0.76,0.67,232,49,480,683,26.6,Black,Navsari,Kharif,Cotton
7.09,0.55,0.65,319,57,379,704,31.6,Black,Banaskantha,Kharif,Cotton
7.57,0.75,0.44,203,27,386,715,28.3,Black,Surendranagar,Kharif,Cotton
7.92,0.28,0.54,293,46,493,839,34.2,Black,Surat,Kharif,Cotton
7.59,0.68,0.55,278,27,388,536,34.5,Black,Surendranagar,Kharif,Cotton
7.66,0.77,0.44,205,31,309,754,30.6,Black,Ahmedabad,Kharif,Cotton
7.57,0.67,0.66,229,26,314,513,33,Black,Mehsana,Kharif,Cotton
7.73,0.43,0.59,202,60,423,526,29.5,Black,Bhavnagar,Kharif,Cotton
7.15,0.62,0.54,214,53,330,815,34.8,Black,Vadodara,Kharif,Cotton
7.23,0.46,0.37,229,30,450,505,28,Black,Bharuch,Kharif,Cotton
7.02,0.63,0.63,209,28,332,724,27.6,Black,Vadodara,Kharif,Cotton
7.42,0.59,0.44,237,33,455,703,30.3,Black,Kutch,Kharif,Cotton
7.09,0.35,0.54,263,47,356,727,32.4,Black,Bharuch,Kharif,Cotton
7.66,0.72,0.44,314,42,381,857,30.9,Black,Junagadh,Kharif,Cotton
7.42,0.45,0.68,262,42,320,604,34.2,Black,Navsari,Kharif,Cotton
7.89,0.33,0.48,304,34,309,620,32.3,Black,Rajkot,Kharif,Cotton
7.03,0.7,0.44,275,49,376,543,26.5,Black,Gandhinagar,Kharif,Cotton
7.02,0.43,0.51,228,38,397,594,31.9,Black,Kutch,Kharif,Cotton
7.37,0.52,0.47,203,46,367,885,31.3,Black,Vadodara,Kharif,Cotton
7.87,0.57,0.65,300,28,327,783,29.5,Black,Anand,Kharif,Cotton
8.19,0.52,0.5,292,58,366,583,34.6,Black,Bhavnagar,Kharif,Cotton
8.19,0.34,0.67,235,42,321,627,32.9,Black,Vadodara,Kharif,Cotton
7.69,0.22,0.45,234,41,500,834,33.3,Black,Rajkot,Kharif,Cotton
7.37,0.6,0.64,308,36,413,736,26.2,Black,Gandhinagar,Kharif,Cotton
7.04,0.42,0.57,271,38,404,529,31.2,Black,Navsari,Kharif,Cotton
8.08,0.53,0.68,256,36,366,892,33.1,Black,Anand,Kharif,Cotton
7.59,0.34,0.41,311,28,359,558,31.9,Black,Kutch,Kharif,Cotton
7.61,0.46,0.46,270,39,315,865,34.9,Black,Junagadh,Kharif,Cotton
7.81,0.71,0.47,291,27,453,620,29.1,Black,Mehsana,Kharif,Cotton
7.53,0.51,0.43,241,48,474,712,26.6,Black,Surendranagar,Kharif,Cotton
7.34,0.21,0.56,246,46,404,833,29.4,Black,Banaskantha,Kharif,Cotton
7.04,0.42,0.45,219,26,327,811,27.9,Black,Mehsana,Kharif,Cotton
7.86,0.65,0.62,291,47,355,693,33.5,Black,Kutch,Kharif,Cotton
7.87,0.43,0.7,210,29,357,789,30.5,Black,Mehsana,Kharif,Cotton
7.88,0.71,0.53,206,55,468,768,30.7,Black,Navsari,Kharif,Cotton
7.23,0.55,0.67,242,40,496,685,28.1,Black,Bhavnagar,Kharif,Cotton
8.17,0.62,0.51,312,51,392,540,29.2,Black,Surendranagar,Kharif,Cotton
7.43,0.49,0.43,300,51,358,791,33.5,Black,Surendranagar,Kharif,Cotton
7.65,0.67,0.49,274,33,455,633,33.2,Black,Vadodara,Kharif,Cotton
7.14,0.45,0.53,218,56,461,895,27.8,Black,Surendranagar,Kharif,Cotton
7.54,0.3,0.5,297,60,482,740,32.7,Black,Anand,Kharif,Cotton
7.04,0.46,0.59,209,33,431,771,34.3,Black,Vadodara,Kharif,Cotton
7.15,0.62,0.43,237,32,386,672,31.3,Black,Bhavnagar,Kharif,Cotton
7.05,0.64,0.47,257,51,461,730,32.7,Black,Navsari,Kharif,Cotton
7.91,0.62,0.61,292,57,321,577,34.1,Black,Kutch,Kharif,Cotton
7.78,0.43,0.5,265,42,497,549,28.1,Black,Vadodara,Kharif,Cotton
7.06,0.51,0.53,265,52,373,665,29.5,Black,Amreli,Kharif,Cotton
7.05,0.77,0.66,293,38,410,765,28.5,Black,Rajkot,Kharif,Cotton
7.42,0.3,0.45,262,53,357,586,28.6,Black,Banaskantha,Kharif,Cotton
7.9,0.75,0.58,218,31,352,782,33.5,Black,Junagadh,Kharif,Cotton
7.72,0.22,0.66,268,37,301,750,33.5,Black,Vadodara,Kharif,Cotton
7.24,0.77,0.55,293,53,433,564,33.5,Black,Surendranagar,Kharif,Cotton
7.13,0.62,0.65,256,52,426,634,26.8,Black,Navsari,Kharif,Cotton
7.88,0.27,0.47,210,39,486,538,28.9,Black,Navsari,Kharif,Cotton
7.54,0.64,0.59,209,45,309,721,26.9,Black,Surat,Kharif,Cotton
8.01,0.6,0.66,204,25,362,570,31.3,Black,Kutch,Kharif,Cotton
7.23,0.48,0.52,223,56,372,567,27.8,Black,Mehsana,Kharif,Cotton
8.03,0.65,0.35,208,56,442,812,27.9,Black,Junagadh,Kharif,Cotton
7.5,0.36,0.48,274,40,463,678,30.4,Black,Surendranagar,Kharif,Cotton
7.36,0.34,0.45,262,56,461,700,31.4,Black,Navsari,Kharif,Cotton
7.12,0.27,0.66,296,43,407,728,28.9,Black,Rajkot,Kharif,Cotton
7.21,0.77,0.58,244,50,480,565,33,Black,Anand,Kharif,Cotton
7.97,0.49,0.49,230,26,374,637,30.6,Black,Junagadh,Kharif,Cotton
7.67,0.39,0.59,252,50,413,717,29.6,Black,Navsari,Kharif,Cotton
7.58,0.33,0.57,205,44,414,709,28,Black,Mehsana,Kharif,Cotton
7.25,0.58,0.68,278,46,333,809,30.9,Black,Bharuch,Kharif,Cotton
7.46,0.67,0.47,245,60,316,835,26.4,Black,Vadodara,Kharif,Cotton
7.64,0.79,0.64,250,39,374,582,34.2,Black,Ahmedabad,Kharif,Cotton
7.26,0.64,0.68,204,26,493,769,26.9,Black,Bharuch,Kharif,Cotton
7.58,0.29,0.46,229,40,308,639,32.7,Black,Kutch,Kharif,Cotton
7.48,0.69,0.66,310,30,319,537,30.5,Black,Junagadh,Kharif,Cotton
7.02,0.7,0.56,219,31,488,801,33.1,Black,Anand,Kharif,Cotton
7.73,0.39,0.46,265,26,377,640,30.1,Black,Navsari,Kharif,Cotton
8.16,0.55,0.48,254,30,356,708,31,Black,Navsari,Kharif,Cotton
8.09,0.52,0.44,202,56,486,701,34.6,Black,Gandhinagar,Kharif,Cotton
7.27,0.79,0.49,229,53,394,744,31.1,Black,Vadodara,Kharif,Cotton
7.17,0.58,0.38,271,35,353,750,31.3,Black,Amreli,Kharif,Cotton
7.48,0.7,0.53,307,39,315,892,30.4,Black,Navsari,Kharif,Cotton
7.89,0.7,0.36,288,51,301,637,32.2,Black,Mehsana,Kharif,Cotton
7.6,0.78,0.43,259,55,431,784,33.7,Black,Surendranagar,Kharif,Cotton
7.13,0.62,0.48,296,25,341,766,32.7,Black,Surat,Kharif,Cotton
7.53,0.78,0.36,254,56,343,820,33.2,Black,Amreli,Kharif,Cotton
7.9,0.53,0.49,237,32,411,650,32.5,Black,Mehsana,Kharif,Cotton
7.39,0.73,0.55,221,34,374,767,32.2,Black,Mehsana,Kharif,Cotton
7.73,0.48,0.42,242,33,342,768,32.4,Black,Junagadh,Kharif,Cotton
7.38,0.31,0.51,200,44,479,596,27.8,Black,Mehsana,Kharif,Cotton
7.55,0.26,0.57,276,35,317,679,31.7,Black,Vadodara,Kharif,Cotton
7.75,0.76,0.45,305,52,449,873,28.8,Black,Surendranagar,Kharif,Cotton
7.31,0.52,0.58,209,34,326,874,27.9,Black,Navsari,Kharif,Cotton
7.68,0.28,0.53,282,49,384,794,32.9,Black,Bharuch,Kharif,Cotton
7.88,0.57,0.67,226,35,300,618,34.9,Black,Surendranagar,Kharif,Cotton
7.96,0.29,0.41,311,25,382,539,34.1,Black,Amreli,Kharif,Cotton
7.61,0.46,0.58,241,44,428,889,27.1,Black,Ahmedabad,Kharif,Cotton
7.93,0.62,0.47,307,58,381,771,26.7,Black,Amreli,Kharif,Cotton
8.13,0.7,0.6,307,52,443,726,30.4,Black,Kutch,Kharif,Cotton
7.14,0.74,0.58,222,26,393,738,32.9,Black,Bhavnagar,Kharif,Cotton
7.51,0.57,0.66,317,37,397,691,27.6,Black,Surat,Kharif,Cotton
7.53,0.52,0.35,239,46,324,688,34.2,Black,Banaskantha,Kharif,Cotton
7.33,0.59,0.57,250,27,478,860,28.3,Black,Banaskantha,Kharif,Cotton
7.99,0.72,0.67,277,54,425,588,30.3,Black,Junagadh,Kharif,Cotton
7.44,0.57,0.6,290,36,333,542,29.8,Black,Junagadh,Kharif,Cotton
7.53,0.63,0.46,309,59,371,599,31.9,Black,Vadodara,Kharif,Cotton
8,0.71,0.46,290,35,450,869,34.5,Black,Kutch,Kharif,Cotton
7.48,0.7,0.58,208,37,494,756,27.3,Black,Rajkot,Kharif,Cotton
7.21,0.23,0.56,288,57,404,588,31.7,Black,Navsari,Kharif,Cotton
7.33,0.41,0.47,272,30,444,737,26.8,Black,Amreli,Kharif,Cotton
7.88,0.31,0.56,202,35,302,611,31.7,Black,Rajkot,Kharif,Cotton
8.05,0.77,0.46,287,37,491,886,32.6,Black,Junagadh,Kharif,Cotton
7.46,0.37,0.45,272,45,405,615,33.5,Black,Surendranagar,Kharif,Cotton
7.24,0.79,0.44,256,41,323,750,29.2,Black,Vadodara,Kharif,Cotton
7.93,0.51,0.64,287,35,309,799,29.5,Black,Bhavnagar,Kharif,Cotton
7.52,0.59,0.59,236,38,387,858,34.7,Black,Rajkot,Kharif,Cotton
7.62,0.33,0.43,233,27,329,764,31.9,Black,Gandhinagar,Kharif,Cotton
7.17,0.55,0.48,248,27,382,859,26.9,Black,Anand,Kharif,Cotton
8.08,0.3,0.52,243,31,347,683,28.8,Black,Mehsana,Kharif,Cotton
7.22,0.21,0.63,258,52,487,704,30.3,Black,Navsari,Kharif,Cotton
7.87,0.56,0.52,251,44,310,619,32.9,Black,Ahmedabad,Kharif,Cotton
7.51,0.36,0.55,275,26,341,762,27.5,Black,Surendranagar,Kharif,Cotton
7.72,0.62,0.53,272,33,333,839,29,Black,Rajkot,Kharif,Cotton
7.37,0.66,0.63,258,50,342,735,26,Black,Surat,Kharif,Cotton
8.06,0.38,0.38,230,38,411,546,32.5,Black,Kutch,Kharif,Cotton
7.67,0.67,0.35,220,47,325,741,30.9,Black,Bhavnagar,Kharif,Cotton
7.25,0.48,0.48,259,40,495,549,29.5,Black,Bharuch,Kharif,Cotton
8.12,0.44,0.46,236,52,452,701,30.8,Black,Gandhinagar,Kharif,Cotton
7.8,0.78,0.36,313,36,496,620,29.3,Black,Mehsana,Kharif,Cotton
7.99,0.57,0.61,317,29,465,617,27.2,Black,Junagadh,Kharif,Cotton
7.25,0.46,0.47,283,36,408,577,28.6,Black,Kutch,Kharif,Cotton
7.99,0.22,0.69,253,36,341,703,32.1,Black,Gandhinagar,Kharif,Cotton
7.97,0.41,0.61,283,50,303,582,28.9,Black,Kutch,Kharif,Cotton
7.55,0.49,0.69,251,52,497,527,28.7,Black,Bhavnagar,Kharif,Cotton
7.76,0.56,0.63,257,57,395,899,30.3,Black,Anand,Kharif,Cotton
7.64,0.42,0.62,254,59,494,696,33.8,Black,Amreli,Kharif,Cotton
7.01,0.77,0.6,233,37,431,814,32.5,Black,Ahmedabad,Kharif,Cotton
7.06,0.37,0.39,262,54,393,525,34,Black,Navsari,Kharif,Cotton
7.51,0.6,0.62,203,59,368,591,28.6,Black,Junagadh,Kharif,Cotton
7.54,0.38,0.36,214,47,487,518,30.8,Black,Surat,Kharif,Cotton
7.21,0.52,0.39,218,56,410,640,29.1,Black,Bhavnagar,Kharif,Cotton
7.74,0.75,0.67,319,58,445,734,26.4,Black,Vadodara,Kharif,Cotton
7.05,0.57,0.6,303,31,397,762,34.8,Black,Vadodara,Kharif,Cotton
8.11,0.65,0.5,202,36,491,631,32.5,Black,Anand,Kharif,Cotton
8.09,0.78,0.63,273,41,377,815,30.6,Black,Bhavnagar,Kharif,Cotton
7.96,0.42,0.52,297,52,370,882,32.2,Black,Navsari,Kharif,Cotton
7.6,0.23,0.49,223,43,369,502,29.7,Black,Bharuch,Kharif,Cotton
7.5,0.28,0.44,276,45,324,613,28,Black,Surat,Kharif,Cotton
7.08,0.37,0.6,305,54,450,715,31.7,Black,Mehsana,Kharif,Cotton
7.47,0.76,0.35,243,45,388,727,27.4,Black,Surat,Kharif,Cotton
7.64,0.3,0.49,251,27,469,792,34.7,Black,Mehsana,Kharif,Cotton
8.18,0.25,0.61,267,48,377,649,32.8,Black,Kutch,Kharif,Cotton
7.56,0.29,0.55,279,47,444,720,29.7,Black,Bharuch,Kharif,Cotton
8.17,0.53,0.52,230,49,437,567,29.4,Black,Rajkot,Kharif,Cotton
7.47,0.33,0.39,237,36,340,892,33,Black,Mehsana,Kharif,Cotton
7.49,0.65,0.5,276,42,381,894,29.3,Black,Kutch,Kharif,Cotton
8.06,0.78,0.62,240,57,437,772,29.5,Black,Gandhinagar,Kharif,Cotton
7.91,0.37,0.67,220,36,402,647,26,Black,Bharuch,Kharif,Cotton
7.56,0.3,0.67,249,51,407,710,27.7,Black,Banaskantha,Kharif,Cotton
7.27,0.57,0.53,210,51,305,666,31.5,Black,Banaskantha,Kharif,Cotton
7.75,0.61,0.68,202,49,441,761,33.8,Black,Gandhinagar,Kharif,Cotton
7.44,0.72,0.41,319,37,382,567,28.6,Black,Surat,Kharif,Cotton
7.69,0.48,0.59,256,40,345,736,30.5,Black,Bharuch,Kharif,Cotton
7.72,0.4,0.67,220,40,418,869,34.7,Black,Bhavnagar,Kharif,Cotton
7.04,0.61,0.65,260,49,318,900,29.8,Black,Surendranagar,Kharif,Cotton
7.86,0.27,0.62,282,59,482,512,29.9,Black,Navsari,Kharif,Cotton
7.97,0.7,0.6,205,48,402,866,34.3,Black,Ahmedabad,Kharif,Cotton
7.94,0.26,0.65,297,32,484,586,29.3,Black,Amreli,Kharif,Cotton
8.1,0.68,0.42,212,46,464,855,26.7,Black,Bharuch,Kharif,Cotton
7.29,0.36,0.45,256,46,415,858,28.3,Black,Banaskantha,Kharif,Cotton
7.04,0.28,0.53,203,39,394,788,29.3,Black,Navsari,Kharif,Cotton
8.13,0.29,0.57,260,53,472,650,27.4,Black,Amreli,Kharif,Cotton
7.73,0.72,0.44,229,26,354,798,28.7,Black,Navsari,Kharif,Cotton
7.44,0.51,0.65,266,50,422,816,34.1,Black,Kutch,Kharif,Cotton
7.19,0.71,0.46,247,49,424,831,27.5,Black,Amreli,Kharif,Cotton
7.58,0.43,0.58,208,46,357,658,27.9,Black,Navsari,Kharif,Cotton
7.73,0.64,0.39,225,47,427,735,31.1,Black,Anand,Kharif,Cotton
7.9,0.69,0.63,314,39,489,603,29.3,Black,Ahmedabad,Kharif,Cotton
7.75,0.77,0.53,234,60,436,879,30.8,Black,Bharuch,Kharif,Cotton
7.07,0.54,0.44,232,36,476,833,33.7,Black,Bhavnagar,Kharif,Cotton
7.86,0.31,0.69,234,60,371,546,32.7,Black,Surendranagar,Kharif,Cotton
8.08,0.51,0.37,229,40,449,889,31.2,Black,Rajkot,Kharif,Cotton
7.64,0.67,0.46,281,29,350,744,27,Black,Gandhinagar,Kharif,Cotton
7.24,0.53,0.43,262,44,445,504,31.2,Black,Bhavnagar,Kharif,Cotton
8.06,0.67,0.42,303,54,300,628,32.8,Black,Gandhinagar,Kharif,Cotton
7.76,0.4,0.52,236,44,367,772,28.2,Black,Kutch,Kharif,Cotton
7.67,0.39,0.5,296,36,424,503,28.9,Black,Gandhinagar,Kharif,Cotton
7.2,0.24,0.5,238,31,413,675,31.7,Black,Surat,Kharif,Cotton
7.93,0.66,0.42,264,44,381,892,30.8,Black,Kutch,Kharif,Cotton
7.36,0.57,0.55,219,45,340,598,32.9,Black,Anand,Kharif,Cotton
7.19,0.6,0.46,266,55,467,804,33.1,Black,Surat,Kharif,Cotton
8.12,0.48,0.65,238,48,337,656,29,Black,Anand,Kharif,Cotton
7.89,0.47,0.5,250,51,301,890,34.5,Black,Ahmedabad,Kharif,Cotton
7.42,0.68,0.69,298,42,304,860,27.8,Black,Navsari,Kharif,Cotton
8,0.21,0.5,248,45,442,786,32.7,Black,Banaskantha,Kharif,Cotton
7.6,0.71,0.39,231,35,383,870,30.3,Black,Junagadh,Kharif,Cotton
7.94,0.43,0.69,290,56,363,643,34.9,Black,Junagadh,Kharif,Cotton
7.12,0.58,0.45,247,53,372,556,30.2,Black,Vadodara,Kharif,Cotton
8.17,0.64,0.64,311,34,450,653,31.2,Black,Gandhinagar,Kharif,Cotton
7.29,0.54,0.62,233,60,435,649,32.2,Black,Bharuch,Kharif,Cotton
7.92,0.72,0.59,294,45,392,895,30,Black,Amreli,Kharif,Cotton
7.39,0.34,0.48,225,41,365,809,32.7,Black,Amreli,Kharif,Cotton
7.14,0.45,0.49,262,28,435,530,34.2,Black,Junagadh,Kharif,Cotton
7.68,0.8,0.69,311,45,437,751,28.5,Black,Kutch,Kharif,Cotton
7.08,0.25,0.38,271,32,436,581,33.2,Black,Banaskantha,Kharif,Cotton
8.11,0.57,0.7,296,29,496,850,29.9,Black,Gandhinagar,Kharif,Cotton
7.54,0.73,0.61,283,46,318,593,31.8,Black,Gandhinagar,Kharif,Cotton
7.63,0.62,0.64,255,26,402,794,28.6,Black,Junagadh,Kharif,Cotton
7.01,0.39,0.4,309,39,449,845,32.9,Black,Kutch,Kharif,Cotton
7.8,0.66,0.55,245,34,348,895,27.3,Black,Amreli,Kharif,Cotton
7.12,0.52,0.68,205,33,438,678,34.6,Black,Anand,Kharif,Cotton
7.38,0.34,0.42,238,35,408,638,28.1,Black,Bharuch,Kharif,Cotton
7.43,0.28,0.66,256,32,396,513,30,Black,Ahmedabad,Kharif,Cotton
7.06,0.46,0.42,298,49,451,563,26.8,Black,Mehsana,Kharif,Cotton
8.1,0.63,0.39,296,38,330,750,32.7,Black,Bhavnagar,Kharif,Cotton
8.19,0.45,0.42,211,57,392,744,28.3,Black,Gandhinagar,Kharif,Cotton
7.02,0.43,0.5,309,31,390,684,34.5,Black,Ahmedabad,Kharif,Cotton
8.14,0.59,0.43,289,30,466,829,33.3,Black,Junagadh,Kharif,Cotton
8.14,0.36,0.58,241,27,336,627,27.6,Black,Amreli,Kharif,Cotton
7.62,0.28,0.51,204,28,452,607,33.8,Black,Vadodara,Kharif,Cotton
7.74,0.69,0.5,222,58,338,879,33.3,Black,Vadodara,Kharif,Cotton
8.05,0.27,0.41,263,38,378,706,31.6,Black,Banaskantha,Kharif,Cotton
7.39,0.67,0.47,313,55,308,876,33.8,Black,Junagadh,Kharif,Cotton
7.65,0.66,0.6,221,35,325,507,29.1,Black,Rajkot,Kharif,Cotton
7.5,0.24,0.69,259,51,437,725,27.2,Black,Navsari,Kharif,Cotton
7.57,0.74,0.44,241,59,393,814,32,Black,Gandhinagar,Kharif,Cotton
7.59,0.7,0.55,216,39,431,566,33.2,Black,Surat,Kharif,Cotton
7.79,0.65,0.6,236,31,363,615,28.3,Black,Vadodara,Kharif,Cotton
7.85,0.48,0.56,266,42,494,567,29,Black,Kutch,Kharif,Cotton
7.17,0.64,0.65,295,49,461,524,33.1,Black,Junagadh,Kharif,Cotton
7.17,0.22,0.63,220,50,382,505,31.1,Black,Anand,Kharif,Cotton
7.41,0.58,0.64,273,50,415,609,30.1,Black,Mehsana,Kharif,Cotton
7.53,0.65,0.58,265,46,386,595,28.3,Black,Bharuch,Kharif,Cotton
7.66,0.6,0.58,243,58,367,532,33,Black,Kutch,Kharif,Cotton
7.03,0.53,0.38,258,32,330,781,32.4,Black,Anand,Kharif,Cotton
7.42,0.47,0.54,320,30,429,593,29.6,Black,Amreli,Kharif,Cotton
8.01,0.33,0.36,293,47,434,807,33,Black,Bharuch,Kharif,Cotton
7.64,0.52,0.59,267,35,395,581,26.9,Black,Kutch,Kharif,Cotton
7.76,0.57,0.65,296,34,438,812,29.8,Black,Navsari,Kharif,Cotton
7.06,0.78,0.49,249,58,407,743,30.2,Black,Bhavnagar,Kharif,Cotton
8.13,0.2,0.44,271,44,353,875,31.5,Black,Junagadh,Kharif,Cotton
7.91,0.28,0.52,220,40,400,581,31.8,Black,Banaskantha,Kharif,Cotton
7.23,0.7,0.37,235,33,402,563,32.5,Black,Surat,Kharif,Cotton
7.53,0.6,0.62,201,32,433,659,30.7,Black,Surat,Kharif,Cotton
7.79,0.38,0.39,295,54,339,536,33.9,Black,Surendranagar,Kharif,Cotton
7.33,0.79,0.48,314,41,328,820,30.2,Black,Surendranagar,Kharif,Cotton
7.85,0.72,0.52,237,39,433,552,26.8,Black,Surat,Kharif,Cotton
8.04,0.6,0.64,255,51,314,826,26.9,Black,Anand,Kharif,Cotton
7.87,0.37,0.44,265,46,407,841,33.5,Black,Rajkot,Kharif,Cotton
7.02,0.63,0.52,274,56,356,802,29.9,Black,Rajkot,Kharif,Cotton
8.2,0.7,0.52,277,49,455,765,33.8,Black,Junagadh,Kharif,Cotton
7.72,0.55,0.63,212,31,330,891,28.1,Black,Anand,Kharif,Cotton
7.47,0.65,0.47,300,53,417,793,33.8,Black,Ahmedabad,Kharif,Cotton
7.98,0.58,0.62,285,26,355,790,27.6,Black,Rajkot,Kharif,Cotton
7.35,0.45,0.36,258,41,391,849,29.1,Black,Navsari,Kharif,Cotton
7.54,0.23,0.51,281,41,496,582,27.9,Black,Bhavnagar,Kharif,Cotton
7.48,0.41,0.64,308,56,322,670,29.2,Black,Vadodara,Kharif,Cotton
7.99,0.26,0.6,281,50,380,818,30.5,Black,Bharuch,Kharif,Cotton
7.46,0.36,0.6,244,46,412,685,32.8,Black,Vadodara,Kharif,Cotton
7.02,0.31,0.46,264,60,375,887,31,Black,Ahmedabad,Kharif,Cotton
7.74,0.25,0.38,291,50,367,574,32.4,Black,Ahmedabad,Kharif,Cotton
7.16,0.43,0.65,294,43,457,791,34.7,Black,Surat,Kharif,Cotton
7.53,0.22,0.54,285,42,306,753,28,Black,Surat,Kharif,Cotton
8.05,0.46,0.63,218,25,375,624,34.7,Black,Anand,Kharif,Cotton
7.53,0.53,0.7,224,51,347,765,31.2,Black,Bhavnagar,Kharif,Cotton
7.31,0.68,0.48,302,41,410,689,29.3,Black,Vadodara,Kharif,Cotton
7.65,0.25,0.59,241,40,437,796,27.2,Black,Mehsana,Kharif,Cotton
7.38,0.68,0.56,292,47,483,859,31.8,Black,Gandhinagar,Kharif,Cotton
7.32,0.7,0.51,256,56,451,723,26.6,Black,Junagadh,Kharif,Cotton
7.67,0.54,0.37,244,55,480,575,26.6,Black,Rajkot,Kharif,Cotton
8.15,0.37,0.44,314,26,482,806,30.4,Black,Ahmedabad,Kharif,Cotton
7.26,0.47,0.54,286,44,384,619,31.1,Black,Amreli,Kharif,Cotton
7.92,0.79,0.56,310,25,456,527,32.4,Black,Banaskantha,Kharif,Cotton
7.14,0.79,0.56,267,51,486,582,32.6,Black,Banaskantha,Kharif,Cotton
7.93,0.79,0.64,203,56,486,561,29,Black,Ahmedabad,Kharif,Cotton
7.69,0.77,0.49,252,49,478,742,27.2,Black,Amreli,Kharif,Cotton
7.12,0.41,0.6,312,41,427,546,27.7,Black,Surat,Kharif,Cotton
7.27,0.79,0.57,243,53,492,548,30.7,Black,Surendranagar,Kharif,Cotton
7.73,0.79,0.37,247,31,343,500,34.7,Black,Junagadh,Kharif,Cotton
7.39,0.38,0.63,272,48,317,588,27.7,Black,Amreli,Kharif,Cotton
7.64,0.79,0.38,287,34,453,691,31.2,Black,Bhavnagar,Kharif,Cotton
8.02,0.66,0.53,304,53,307,818,26.3,Black,Bharuch,Kharif,Cotton
8.12,0.76,0.39,287,36,451,765,27.5,Black,Gandhinagar,Kharif,Cotton
7.23,0.29,0.56,243,54,468,780,33.5,Black,Rajkot,Kharif,Cotton
7.8,0.24,0.44,218,40,425,596,33.1,Black,Vadodara,Kharif,Cotton
7.07,0.79,0.52,307,31,433,546,32,Black,Surendranagar,Kharif,Cotton
7.63,0.55,0.54,250,59,464,602,28.5,Black,Gandhinagar,Kharif,Cotton
7.92,0.38,0.57,251,52,396,542,30.4,Black,Rajkot,Kharif,Cotton
7.39,0.49,0.49,263,43,497,850,32.3,Black,Surat,Kharif,Cotton
8.14,0.38,0.56,315,59,344,828,28.8,Black,Mehsana,Kharif,Cotton
7.03,0.78,0.48,245,59,313,850,33.9,Black,Mehsana,Kharif,Cotton
7.44,0.62,0.67,212,54,347,613,32.4,Black,Bhavnagar,Kharif,Cotton
7.24,0.32,0.57,201,27,397,605,34.1,Black,Surendranagar,Kharif,Cotton
7.35,0.74,0.58,317,46,345,699,33.4,Black,Surendranagar,Kharif,Cotton
8.01,0.23,0.4,231,41,408,848,31.1,Black,Surat,Kharif,Cotton
8.13,0.59,0.67,252,25,406,711,29.4,Black,Anand,Kharif,Cotton
7.94,0.35,0.35,288,50,310,856,32.9,Black,Kutch,Kharif,Cotton
7.83,0.24,0.39,220,56,317,593,30.8,Black,Bhavnagar,Kharif,Cotton
7.31,0.61,0.68,250,43,437,646,28.6,Black,Rajkot,Kharif,Cotton
7.91,0.44,0.66,225,30,442,754,27.8,Black,Gandhinagar,Kharif,Cotton
7.57,0.27,0.36,249,36,321,890,32.2,Black,Surat,Kharif,Cotton
7.52,0.42,0.61,256,27,469,757,32.9,Black,Bharuch,Kharif,Cotton
7.25,0.39,0.55,219,46,364,589,29.2,Black,Surendranagar,Kharif,Cotton
7.77,0.43,0.4,237,57,316,615,27.7,Black,Vadodara,Kharif,Cotton
7.79,0.46,0.65,208,40,454,770,28.6,Black,Amreli,Kharif,Cotton
7.66,0.39,0.39,208,51,432,773,26.2,Black,Bhavnagar,Kharif,Cotton
8.12,0.42,0.4,213,39,301,695,26,Black,Anand,Kharif,Cotton
7.47,0.54,0.65,297,27,444,779,26.7,Black,Surendranagar,Kharif,Cotton
7.69,0.43,0.59,249,53,491,621,32.1,Black,Vadodara,Kharif,Cotton
8.18,0.58,0.52,315,34,416,774,33.9,Black,Amreli,Kharif,Cotton
7.34,0.64,0.69,249,41,341,688,32.7,Black,Bharuch,Kharif,Cotton
7.36,0.23,0.49,312,59,358,705,27.1,Black,Surat,Kharif,Cotton
8.13,0.45,0.5,293,53,413,698,30.2,Black,Vadodara,Kharif,Cotton
7.8,0.28,0.54,231,38,482,597,31.1,Black,Surendranagar,Kharif,Cotton
7.56,0.72,0.63,247,44,354,701,27.3,Black,Mehsana,Kharif,Cotton
7.78,0.38,0.64,299,51,313,602,28,Black,Kutch,Kharif,Cotton
7.46,0.51,0.41,256,26,477,605,29.5,Black,Navsari,Kharif,Cotton
8.18,0.61,0.62,282,50,447,900,33.2,Black,Ahmedabad,Kharif,Cotton
7.38,0.35,0.61,297,56,380,812,34.4,Black,Kutch,Kharif,Cotton
7.12,0.24,0.36,317,28,384,546,28.8,Black,Surat,Kharif,Cotton
7.89,0.77,0.46,208,48,459,661,31.3,Black,Gandhinagar,Kharif,Cotton
7.41,0.31,0.46,302,60,340,577,27.5,Black,Mehsana,Kharif,Cotton
8.09,0.45,0.55,280,55,479,643,32.2,Black,Rajkot,Kharif,Cotton
7.8,0.29,0.51,296,27,334,695,30.3,Black,Amreli,Kharif,Cotton
7.92,0.55,0.7,246,53,449,792,27.6,Black,Gandhinagar,Kharif,Cotton
8.14,0.54,0.66,210,48,317,590,27.2,Black,Kutch,Kharif,Cotton
7.47,0.29,0.7,301,37,462,664,28.6,Black,Vadodara,Kharif,Cotton
7.72,0.68,0.36,314,51,343,686,33.7,Black,Mehsana,Kharif,Cotton
7.34,0.51,0.67,262,45,342,526,31.8,Black,Navsari,Kharif,Cotton
7.54,0.46,0.36,295,54,468,541,29,Black,Amreli,Kharif,Cotton
8.05,0.76,0.35,273,26,377,694,27.8,Black,Ahmedabad,Kharif,Cotton
7.47,0.62,0.44,248,46,393,762,33.7,Black,Ahmedabad,Kharif,Cotton
7.85,0.28,0.47,233,60,349,750,28.5,Black,Surendranagar,Kharif,Cotton
7.54,0.6,0.63,316,45,430,558,26.2,Black,Bharuch,Kharif,Cotton
7.91,0.35,0.41,208,34,446,621,33,Black,Junagadh,Kharif,Cotton
7.87,0.64,0.47,316,29,339,798,31.6,Black,Kutch,Kharif,Cotton
8.05,0.67,0.39,215,28,480,571,27.8,Black,Amreli,Kharif,Cotton
7.11,0.77,0.35,301,39,353,525,32.5,Black,Vadodara,Kharif,Cotton
7.75,0.32,0.64,290,56,454,861,27.7,Black,Bhavnagar,Kharif,Cotton
7.81,0.72,0.37,223,57,301,540,27.6,Black,Navsari,Kharif,Cotton
7.17,0.53,0.69,289,32,479,889,26.7,Black,Anand,Kharif,Cotton
7.39,0.8,0.41,281,43,453,711,30.6,Black,Surat,Kharif,Cotton
7.51,0.69,0.61,267,25,467,849,28.3,Black,Rajkot,Kharif,Cotton
7.07,0.5,0.67,207,52,320,845,32.9,Black,Junagadh,Kharif,Cotton
8.17,0.6,0.46,298,48,478,848,31.4,Black,Banaskantha,Kharif,Cotton
7.31,0.7,0.51,295,55,394,755,28.7,Black,Vadodara,Kharif,Cotton
7.66,0.65,0.43,221,27,476,680,29.7,Black,Vadodara,Kharif,Cotton
8.11,0.71,0.69,259,54,415,578,27.3,Black,Ahmedabad,Kharif,Cotton
8.14,0.72,0.63,248,34,402,687,26.1,Black,Amreli,Kharif,Cotton
7.71,0.31,0.38,250,55,338,638,29,Black,Gandhinagar,Kharif,Cotton
7.47,0.38,0.68,270,42,358,597,30.4,Black,Ahmedabad,Kharif,Cotton
7.52,0.71,0.52,285,28,390,554,26.6,Black,Bhavnagar,Kharif,Cotton
7.57,0.37,0.43,320,56,355,713,30.4,Black,Kutch,Kharif,Cotton
7.19,0.58,0.59,254,32,453,566,30.8,Black,Bhavnagar,Kharif,Cotton
7.45,0.61,0.39,272,55,316,509,30,Black,Surat,Kharif,Cotton
7.25,0.4,0.43,311,45,462,743,33.1,Black,Banaskantha,Kharif,Cotton
7.95,0.62,0.67,241,39,481,803,31.5,Black,Gandhinagar,Kharif,Cotton
7.68,0.73,0.46,312,31,398,884,27.3,Black,Rajkot,Kharif,Cotton
7.64,0.48,0.67,293,42,317,730,29.5,Black,Bharuch,Kharif,Cotton
7.92,0.63,0.48,299,28,421,626,28,Black,Vadodara,Kharif,Cotton
7.43,0.57,0.55,300,42,381,748,34.9,Black,Anand,Kharif,Cotton
7.97,0.31,0.67,277,32,375,875,26.5,Black,Mehsana,Kharif,Cotton
7.96,0.37,0.63,254,25,376,633,27.8,Black,Junagadh,Kharif,Cotton
7.03,0.59,0.5,247,54,498,575,30,Black,Mehsana,Kharif,Cotton
7.19,0.47,0.46,319,42,416,641,27.8,Black,Navsari,Kharif,Cotton
7.2,0.28,0.68,215,28,383,782,30.3,Black,Vadodara,Kharif,Cotton
8,0.43,0.36,255,45,401,591,28.9,Black,Kutch,Kharif,Cotton
7.34,0.54,0.55,313,57,314,870,32.5,Black,Gandhinagar,Kharif,Cotton
7.08,0.24,0.4,266,35,482,620,26.8,Black,Vadodara,Kharif,Cotton
7.41,0.45,0.61,263,50,439,531,30.7,Black,Bhavnagar,Kharif,Cotton
7.19,0.69,0.64,257,35,329,890,34.2,Black,Surat,Kharif,Cotton
7.29,0.59,0.55,206,39,422,521,26.4,Black,Amreli,Kharif,Cotton
8.15,0.28,0.46,249,50,304,761,32.9,Black,Junagadh,Kharif,Cotton
7.8,0.62,0.54,205,37,450,518,27.9,Black,Junagadh,Kharif,Cotton
7.42,0.25,0.66,265,35,401,608,27.4,Black,Surendranagar,Kharif,Cotton
7.75,0.57,0.44,247,57,399,581,33.5,Black,Vadodara,Kharif,Cotton
7.23,0.74,0.49,283,43,415,514,30,Black,Surat,Kharif,Cotton
7.22,0.22,0.63,295,38,351,888,31.1,Black,Anand,Kharif,Cotton
7.83,0.33,0.56,238,48,418,527,31.8,Black,Banaskantha,Kharif,Cotton
8.07,0.71,0.43,203,44,303,610,33.5,Black,Surat,Kharif,Cotton
7.6,0.63,0.6,258,50,454,885,27.5,Black,Gandhinagar,Kharif,Cotton
7.67,0.37,0.7,309,40,319,815,27,Black,Anand,Kharif,Cotton
7.04,0.23,0.35,235,25,377,727,29.4,Black,Rajkot,Kharif,Cotton
7.06,0.33,0.42,254,48,319,643,29.8,Black,Navsari,Kharif,Cotton
7.92,0.74,0.46,233,54,352,561,34.3,Black,Surendranagar,Kharif,Cotton
8.12,0.49,0.36,211,40,416,796,32.3,Black,Navsari,Kharif,Cotton
7.03,0.54,0.37,288,34,355,533,29.6,Black,Junagadh,Kharif,Cotton
7.04,0.46,0.51,222,25,447,522,31.9,Black,Bhavnagar,Kharif,Cotton
7.34,0.49,0.63,203,42,348,620,32.2,Black,Kutch,Kharif,Cotton
7.05,0.54,0.65,271,56,359,866,33.6,Black,Navsari,Kharif,Cotton
7.44,0.56,0.51,260,59,341,691,31.9,Black,Bhavnagar,Kharif,Cotton
7.66,0.29,0.61,244,51,344,797,29.6,Black,Vadodara,Kharif,Cotton
7.92,0.29,0.59,313,56,472,777,29.7,Black,Rajkot,Kharif,Cotton
7.72,0.73,0.47,245,54,415,885,30.9,Black,Surendranagar,Kharif,Cotton
7.05,0.5,0.65,280,34,453,674,30.9,Black,Anand,Kharif,Cotton
7.96,0.28,0.64,226,50,320,714,33.9,Black,Mehsana,Kharif,Cotton
7.12,0.2,0.68,285,35,489,616,32.2,Black,Gandhinagar,Kharif,Cotton
7.14,0.64,0.63,270,50,433,836,33.4,Black,Banaskantha,Kharif,Cotton
7.42,0.44,0.61,213,39,463,829,30.1,Black,Bhavnagar,Kharif,Cotton
7,0.68,0.53,213,56,336,536,32.3,Black,Surat,Kharif,Cotton
7.91,0.38,0.42,281,31,348,512,26.1,Black,Rajkot,Kharif,Cotton
7.25,0.7,0.59,208,41,415,560,29.8,Black,Kutch,Kharif,Cotton
7.48,0.62,0.46,249,48,353,655,29.9,Black,Kutch,Kharif,Cotton
7.74,0.23,0.52,204,56,381,679,26.3,Black,Anand,Kharif,Cotton
7.96,0.65,0.62,254,47,475,751,35,Black,Junagadh,Kharif,Cotton
8.16,0.66,0.38,232,59,323,542,28.2,Black,Gandhinagar,Kharif,Cotton
7.46,0.4,0.56,260,27,382,658,31,Black,Surat,Kharif,Cotton
7.74,0.26,0.59,275,26,429,727,26.6,Black,Gandhinagar,Kharif,Cotton
7.33,0.54,0.63,268,28,364,799,27.1,Black,Amreli,Kharif,Cotton
8.08,0.38,0.41,237,46,409,556,32.2,Black,Surat,Kharif,Cotton
7.58,0.35,0.49,295,36,497,692,26.4,Black,Surat,Kharif,Cotton
7.41,0.61,0.65,229,53,479,559,26.9,Black,Amreli,Kharif,Cotton
7.89,0.77,0.55,256,56,393,857,29.9,Black,Kutch,Kharif,Cotton
7.65,0.45,0.36,255,60,479,716,26.6,Black,Navsari,Kharif,Cotton
8.05,0.6,0.52,264,40,335,561,26.2,Black,Banaskantha,Kharif,Cotton
7.22,0.32,0.58,269,48,442,634,30.3,Black,Banaskantha,Kharif,Cotton
7.5,0.54,0.43,218,44,334,882,32.3,Black,Vadodara,Kharif,Cotton
7.07,0.67,0.39,285,42,449,771,26.1,Black,Vadodara,Kharif,Cotton
8.1,0.72,0.63,224,55,422,745,27.9,Black,Ahmedabad,Kharif,Cotton
7.66,0.58,0.65,209,34,470,565,33.7,Black,Anand,Kharif,Cotton
7.91,0.49,0.7,209,35,363,820,32.8,Black,Surat,Kharif,Cotton
7.99,0.44,0.61,205,45,499,702,26.2,Black,Ahmedabad,Kharif,Cotton
7.54,0.7,0.43,316,33,422,814,34.5,Black,Kutch,Kharif,Cotton
8.05,0.58,0.43,266,43,427,895,26.7,Black,Ahmedabad,Kharif,Cotton
7.08,0.25,0.66,218,27,394,642,29.5,Black,Kutch,Kharif,Cotton
7.97,0.75,0.46,268,45,378,740,30.6,Black,Bharuch,Kharif,Cotton
8.05,0.61,0.59,318,33,420,672,26.8,Black,Vadodara,Kharif,Cotton
7.64,0.57,0.37,280,42,369,647,31.3,Black,Vadodara,Kharif,Cotton
8.11,0.39,0.43,224,47,378,598,33.4,Black,Navsari,Kharif,Cotton
7.32,0.45,0.58,298,33,497,852,28.7,Black,Bhavnagar,Kharif,Cotton
7.65,0.39,0.63,274,58,344,560,32.5,Black,Kutch,Kharif,Cotton
7.3,0.56,0.57,243,36,465,754,29.4,Black,Gandhinagar,Kharif,Cotton
7.86,0.76,0.51,243,34,365,810,26.6,Black,Ahmedabad,Kharif,Cotton
7.98,0.79,0.35,224,41,426,732,34.4,Black,Mehsana,Kharif,Cotton
7.68,0.32,0.37,254,56,452,555,30.3,Black,Vadodara,Kharif,Cotton
7.14,0.31,0.48,302,28,310,535,28.5,Black,Amreli,Kharif,Cotton
7.94,0.76,0.59,226,27,469,790,26.5,Black,Vadodara,Kharif,Cotton
8.17,0.63,0.45,230,39,356,816,31.4,Black,Surendranagar,Kharif,Cotton
7.66,0.7,0.4,270,45,495,612,27.5,Black,Surat,Kharif,Cotton
7.65,0.21,0.41,273,42,424,563,26.9,Black,Surat,Kharif,Cotton
7.29,0.57,0.66,317,39,371,554,26,Black,Ahmedabad,Kharif,Cotton
7.7,0.56,0.49,227,39,325,541,29.7,Black,Gandhinagar,Kharif,Cotton
7.18,0.73,0.65,296,49,305,777,32.9,Black,Surendranagar,Kharif,Cotton
7.81,0.46,0.66,243,45,305,755,30.6,Black,Anand,Kharif,Cotton
7.53,0.32,0.4,209,49,343,706,27.9,Black,Vadodara,Kharif,Cotton
7.49,0.35,0.45,229,49,453,740,34.6,Black,Kutch,Kharif,Cotton
7.84,0.47,0.63,249,47,392,695,26.2,Black,Bhavnagar,Kharif,Cotton
7.53,0.45,0.5,244,39,368,687,34.2,Black,Gandhinagar,Kharif,Cotton
7.19,0.33,0.55,266,58,350,518,34.8,Black,Junagadh,Kharif,Cotton
7.91,0.25,0.67,211,60,312,628,26.7,Black,Gandhinagar,Kharif,Cotton
7.18,0.28,0.5,311,36,358,709,28.8,Black,Surat,Kharif,Cotton
8.05,0.57,0.55,300,36,373,780,30.2,Black,Surendranagar,Kharif,Cotton
7.2,0.21,0.69,277,29,317,895,26.9,Black,Mehsana,Kharif,Cotton
7.15,0.48,0.62,292,36,339,773,34.4,Black,Bharuch,Kharif,Cotton
7.01,0.71,0.62,265,26,428,758,34.1,Black,Amreli,Kharif,Cotton
7.2,0.48,0.65,230,48,446,900,28.5,Black,Gandhinagar,Kharif,Cotton
7.21,0.27,0.44,281,27,317,693,27.2,Black,Gandhinagar,Kharif,Cotton
7.63,0.49,0.61,270,59,485,706,34,Black,Kutch,Kharif,Cotton
8.13,0.41,0.56,291,50,492,628,30.7,Black,Amreli,Kharif,Cotton
7.6,0.5,0.63,226,29,453,688,33.6,Black,Banaskantha,Kharif,Cotton
8.08,0.43,0.45,203,45,424,601,32.8,Black,Ahmedabad,Kharif,Cotton
7.93,0.65,0.51,275,33,466,654,29.6,Black,Junagadh,Kharif,Cotton
8.08,0.74,0.44,251,54,482,738,29.3,Black,Gandhinagar,Kharif,Cotton
7.16,0.78,0.44,218,31,375,691,26.5,Black,Surendranagar,Kharif,Cotton
7.46,0.59,0.5,276,43,390,762,31,Black,Surendranagar,Kharif,Cotton
8.18,0.71,0.37,242,37,379,759,27.5,Black,Amreli,Kharif,Cotton
7.89,0.54,0.37,265,38,461,766,29.3,Black,Ahmedabad,Kharif,Cotton
7.4,0.57,0.47,241,43,394,526,33.2,Black,Surendranagar,Kharif,Cotton
7.53,0.49,0.62,204,60,486,883,31.1,Black,Amreli,Kharif,Cotton
8.12,0.43,0.58,256,42,336,572,32.9,Black,Rajkot,Kharif,Cotton
7.74,0.37,0.43,205,44,303,568,27.8,Black,Ahmedabad,Kharif,Cotton
7.96,0.73,0.5,272,41,353,500,34.9,Black,Anand,Kharif,Cotton
7.04,0.64,0.63,228,54,342,844,30.4,Black,Kutch,Kharif,Cotton
7.55,0.74,0.57,247,55,366,795,31,Black,Kutch,Kharif,Cotton
7.8,0.52,0.58,306,58,474,642,33.3,Black,Surat,Kharif,Cotton
7.98,0.46,0.45,320,57,376,755,34.8,Black,Junagadh,Kharif,Cotton
8.14,0.38,0.65,213,34,442,614,33.6,Black,Surendranagar,Kharif,Cotton
8.15,0.48,0.4,212,59,429,685,29.7,Black,Ahmedabad,Kharif,Cotton
7.68,0.38,0.43,279,55,469,533,33,Black,Ahmedabad,Kharif,Cotton
7.49,0.46,0.49,203,46,394,560,28.8,Black,Surendranagar,Kharif,Cotton
8.2,0.76,0.49,227,50,410,620,28.6,Black,Vadodara,Kharif,Cotton
7.19,0.4,0.48,210,31,321,542,33.2,Black,Amreli,Kharif,Cotton
7.65,0.5,0.38,301,34,313,501,30.2,Black,Amreli,Kharif,Cotton
7.35,0.71,0.59,317,47,470,792,26.8,Black,Surendranagar,Kharif,Cotton
7.37,0.26,0.7,210,27,457,500,33.4,Black,Bharuch,Kharif,Cotton
7.2,0.43,0.7,213,42,451,649,31.5,Black,Anand,Kharif,Cotton
7.74,0.28,0.51,309,41,340,829,33,Black,Gandhinagar,Kharif,Cotton
7.73,0.61,0.36,309,46,470,583,32.3,Black,Vadodara,Kharif,Cotton
8.14,0.38,0.58,304,50,407,620,33.1,Black,Kutch,Kharif,Cotton
7.39,0.34,0.4,219,27,320,530,31.3,Black,Amreli,Kharif,Cotton
7.13,0.47,0.4,209,43,497,670,32.2,Black,Bhavnagar,Kharif,Cotton
7.58,0.45,0.68,285,60,486,800,28.7,Black,Surendranagar,Kharif,Cotton
7.57,0.22,0.4,224,47,316,525,26.3,Black,Ahmedabad,Kharif,Cotton
7.22,0.5,0.58,250,45,415,568,33.3,Black,Kutch,Kharif,Cotton
7.38,0.75,0.55,289,36,301,584,34.6,Black,Rajkot,Kharif,Cotton
7.58,0.79,0.4,313,33,361,762,31.4,Black,Surendranagar,Kharif,Cotton
7.24,0.31,0.36,201,48,482,675,33.2,Black,Vadodara,Kharif,Cotton
7,0.49,0.64,264,37,354,575,29,Black,Mehsana,Kharif,Cotton
7.47,0.52,0.56,318,37,411,894,34.5,Black,Gandhinagar,Kharif,Cotton
8.16,0.55,0.45,296,54,311,645,29,Black,Banaskantha,Kharif,Cotton
7.75,0.68,0.52,312,51,418,811,31.1,Black,Anand,Kharif,Cotton
7.71,0.47,0.46,283,27,358,842,34.1,Black,Ahmedabad,Kharif,Cotton
7.32,0.52,0.36,305,53,361,703,26,Black,Rajkot,Kharif,Cotton
7.96,0.36,0.64,269,51,304,756,33.8,Black,Bharuch,Kharif,Cotton
7.72,0.23,0.7,227,59,469,782,28.6,Black,Anand,Kharif,Cotton
7.28,0.79,0.55,242,36,439,835,27.8,Black,Rajkot,Kharif,Cotton
7.39,0.35,0.52,212,33,491,874,28.3,Black,Kutch,Kharif,Cotton
7.31,0.3,0.5,293,35,392,549,32.9,Black,Navsari,Kharif,Cotton
8.2,0.61,0.57,209,34,331,501,34.6,Black,Bharuch,Kharif,Cotton
7.92,0.66,0.44,222,32,495,731,29,Black,Mehsana,Kharif,Cotton
7.15,0.6,0.45,210,47,323,680,27.6,Black,Mehsana,Kharif,Cotton
8.13,0.64,0.67,279,30,316,583,27.3,Black,Mehsana,Kharif,Cotton
7.98,0.52,0.52,318,47,307,674,33.7,Black,Rajkot,Kharif,Cotton
7.97,0.67,0.49,221,37,458,826,30.4,Black,Bhavnagar,Kharif,Cotton
7.27,0.59,0.67,263,60,497,734,29.5,Black,Surat,Kharif,Cotton
8.08,0.22,0.42,273,47,304,840,34.4,Black,Ahmedabad,Kharif,Cotton
7.9,0.2,0.46,259,30,334,549,31.4,Black,Banaskantha,Kharif,Cotton
7.16,0.5,0.7,292,46,330,819,33.3,Black,Surat,Kharif,Cotton
7.37,0.69,0.45,309,31,314,653,32,Black,Bhavnagar,Kharif,Cotton
7.31,0.43,0.4,243,51,319,771,29.3,Black,Navsari,Kharif,Cotton
7.89,0.44,0.36,236,45,347,864,26.8,Black,Surendranagar,Kharif,Cotton
7.63,0.56,0.39,214,31,367,893,29,Black,Amreli,Kharif,Cotton
7.69,0.55,0.38,206,42,379,889,31,Black,Bharuch,Kharif,Cotton
7.86,0.76,0.65,269,44,441,836,28.7,Black,Bharuch,Kharif,Cotton
8.12,0.39,0.66,211,46,368,879,26.5,Black,Rajkot,Kharif,Cotton
8.14,0.55,0.39,261,27,420,684,29.7,Black,Navsari,Kharif,Cotton
7.19,0.76,0.66,231,30,385,586,27.7,Black,Kutch,Kharif,Cotton
7.97,0.48,0.61,216,35,488,849,30.6,Black,Junagadh,Kharif,Cotton
7.82,0.73,0.55,293,37,426,780,28.1,Black,Surat,Kharif,Cotton
7.74,0.43,0.64,237,47,334,707,34.8,Black,Surendranagar,Kharif,Cotton
7.69,0.36,0.57,313,32,480,715,28.3,Black,Junagadh,Kharif,Cotton
8.17,0.44,0.42,232,33,447,594,33.3,Black,Kutch,Kharif,Cotton
7.3,0.63,0.43,231,27,487,536,32.2,Black,Surat,Kharif,Cotton
7.33,0.27,0.35,226,32,478,507,29.7,Black,Surat,Kharif,Cotton
7.54,0.29,0.58,215,48,383,710,29.4,Black,Gandhinagar,Kharif,Cotton
7.8,0.71,0.4,249,47,348,840,33.7,Black,Gandhinagar,Kharif,Cotton
7.59,0.36,0.37,200,52,418,581,26.6,Black,Bhavnagar,Kharif,Cotton
7.55,0.37,0.49,312,43,336,645,28.5,Black,Bharuch,Kharif,Cotton
7.02,0.67,0.54,275,54,389,655,31.8,Black,Surat,Kharif,Cotton
7.83,0.37,0.52,249,42,341,745,28,Black,Junagadh,Kharif,Cotton
7.94,0.59,0.48,270,57,464,574,27,Black,Mehsana,Kharif,Cotton
7.31,0.26,0.65,266,44,491,706,26.2,Black,Surat,Kharif,Cotton
8.08,0.35,0.44,285,60,457,794,33.2,Black,Kutch,Kharif,Cotton
7.6,0.52,0.4,202,45,496,853,32.9,Black,Banaskantha,Kharif,Cotton
7.41,0.49,0.42,293,44,484,891,29.8,Black,Banaskantha,Kharif,Cotton
7.24,0.44,0.64,277,47,324,694,30.2,Black,Surendranagar,Kharif,Cotton
7.29,0.23,0.47,260,40,436,670,30.4,Black,Mehsana,Kharif,Cotton
7.02,0.25,0.55,217,39,405,522,27.8,Black,Mehsana,Kharif,Cotton
8.2,0.24,0.59,270,53,483,569,28,Black,Surat,Kharif,Cotton
7.45,0.22,0.35,275,51,330,643,31.8,Black,Surendranagar,Kharif,Cotton
7.25,0.4,0.43,215,30,364,806,30.8,Black,Junagadh,Kharif,Cotton
7.57,0.37,0.41,296,25,425,610,33.2,Black,Rajkot,Kharif,Cotton
7.11,0.55,0.67,235,25,409,856,29.1,Black,Bharuch,Kharif,Cotton
7.54,0.62,0.36,212,26,470,640,27.7,Black,Surat,Kharif,Cotton
7.88,0.64,0.42,226,37,333,651,30.1,Black,Surat,Kharif,Cotton
7.74,0.22,0.6,292,38,393,821,32.8,Black,Anand,Kharif,Cotton
7.82,0.29,0.37,315,35,421,693,26.1,Black,Junagadh,Kharif,Cotton
7.64,0.61,0.66,213,30,495,580,27.9,Black,Ahmedabad,Kharif,Cotton
7.13,0.34,0.63,234,58,482,784,34,Black,Surendranagar,Kharif,Cotton
7.54,0.7,0.56,284,38,414,717,27.5,Black,Navsari,Kharif,Cotton
7.38,0.56,0.67,302,26,350,707,28.7,Black,Surendranagar,Kharif,Cotton
7.11,0.55,0.63,216,28,358,877,32.3,Black,Mehsana,Kharif,Cotton
7.58,0.75,0.55,294,33,313,765,27.6,Black,Bharuch,Kharif,Cotton
7.15,0.74,0.53,277,59,318,623,30.9,Black,Vadodara,Kharif,Cotton
7.63,0.26,0.44,270,33,345,522,29.8,Black,Amreli,Kharif,Cotton
7.96,0.33,0.57,266,34,459,726,26.6,Black,Bhavnagar,Kharif,Cotton
7.91,0.48,0.59,308,46,307,516,32.9,Black,Bharuch,Kharif,Cotton
7.8,0.21,0.63,203,30,382,584,32.8,Black,Rajkot,Kharif,Cotton
7.83,0.49,0.63,256,59,465,690,26.5,Black,Bhavnagar,Kharif,Cotton
7.18,0.41,0.48,214,57,465,648,32.8,Black,Amreli,Kharif,Cotton
7.1,0.69,0.56,273,59,422,647,30.4,Black,Amreli,Kharif,Cotton
7.21,0.66,0.53,300,27,380,694,30.2,Black,Gandhinagar,Kharif,Cotton
7.03,0.56,0.35,233,40,396,676,31.7,Black,Vadodara,Kharif,Cotton
7.87,0.37,0.4,248,32,360,711,27.3,Black,Mehsana,Kharif,Cotton
7.27,0.39,0.58,246,44,343,795,29.4,Black,Mehsana,Kharif,Cotton
7.86,0.58,0.37,226,40,405,808,33.7,Black,Banaskantha,Kharif,Cotton
7.43,0.8,0.62,299,58,347,564,26.6,Black,Bharuch,Kharif,Cotton
7.06,0.27,0.49,306,58,331,784,34.2,Black,Navsari,Kharif,Cotton
7.75,0.36,0.65,222,60,421,755,33.9,Black,Mehsana,Kharif,Cotton
7.23,0.63,0.42,282,29,402,637,28.2,Black,Amreli,Kharif,Cotton
7.84,0.57,0.45,221,58,446,830,32,Black,Ahmedabad,Kharif,Cotton
7.36,0.21,0.66,296,33,394,869,32.5,Black,Surat,Kharif,Cotton
7.12,0.78,0.44,259,27,399,649,34.5,Black,Amreli,Kharif,Cotton
7.43,0.65,0.62,310,27,347,706,33.1,Black,Vadodara,Kharif,Cotton
7.65,0.31,0.42,310,26,471,543,30.2,Black,Ahmedabad,Kharif,Cotton
7.95,0.72,0.53,304,58,429,511,32.9,Black,Vadodara,Kharif,Cotton
7.29,0.62,0.53,306,42,384,871,34.8,Black,Banaskantha,Kharif,Cotton
8,0.24,0.59,204,43,475,827,26.5,Black,Surat,Kharif,Cotton
7.25,0.33,0.69,305,47,349,769,28.3,Black,Surendranagar,Kharif,Cotton
7.85,0.44,0.43,218,31,323,548,32.4,Black,Mehsana,Kharif,Cotton
7.56,0.73,0.39,206,37,361,803,26.8,Black,Gandhinagar,Kharif,Cotton
7.26,0.44,0.46,228,27,404,517,32.5,Black,Surendranagar,Kharif,Cotton
7.9,0.66,0.52,241,49,324,736,34.6,Black,Bharuch,Kharif,Cotton
7.66,0.72,0.66,201,36,353,513,35,Black,Banaskantha,Kharif,Cotton
7.13,0.67,0.39,216,58,303,625,32.2,Black,Gandhinagar,Kharif,Cotton
7.76,0.5,0.61,305,32,485,712,34.3,Black,Ahmedabad,Kharif,Cotton
7.44,0.68,0.4,207,29,379,809,26.6,Black,Anand,Kharif,Cotton
7.63,0.66,0.45,269,43,357,618,29.6,Black,Vadodara,Kharif,Cotton
8.01,0.55,0.61,252,37,343,870,27.4,Black,Banaskantha,Kharif,Cotton
7.72,0.29,0.43,235,46,386,714,26.7,Black,Surendranagar,Kharif,Cotton
7.04,0.65,0.61,216,58,437,708,34.5,Black,Anand,Kharif,Cotton
7.44,0.21,0.63,230,56,401,719,29.9,Black,Mehsana,Kharif,Cotton
7.83,0.27,0.4,299,26,310,598,33.9,Black,Mehsana,Kharif,Cotton
8.06,0.42,0.49,277,30,495,513,29.5,Black,Rajkot,Kharif,Cotton
7.38,0.65,0.38,222,38,365,674,29.2,Black,Mehsana,Kharif,Cotton
7.66,0.46,0.39,280,56,408,890,31.1,Black,Banaskantha,Kharif,Cotton
7.25,0.51,0.44,295,27,329,623,28.7,Black,Bharuch,Kharif,Cotton
7.63,0.47,0.42,238,40,422,841,34.2,Black,Ahmedabad,Kharif,Cotton
7.06,0.34,0.48,292,32,313,552,32,Black,Bhavnagar,Kharif,Cotton
7.83,0.56,0.37,247,29,374,646,31.2,Black,Bhavnagar,Kharif,Cotton
8.19,0.8,0.55,221,50,493,806,32.4,Black,Bharuch,Kharif,Cotton
7.75,0.68,0.65,284,43,441,828,31.4,Black,Rajkot,Kharif,Cotton
8.07,0.38,0.54,246,49,463,791,28.2,Black,Banaskantha,Kharif,Cotton
7.12,0.21,0.53,239,37,344,597,27,Black,Navsari,Kharif,Cotton
7.94,0.67,0.5,272,60,314,708,31.6,Black,Mehsana,Kharif,Cotton
7.57,0.44,0.39,297,51,307,828,30,Black,Navsari,Kharif,Cotton
7.67,0.8,0.43,277,39,383,843,32,Black,Kutch,Kharif,Cotton
7.29,0.77,0.4,314,60,493,508,33.5,Black,Anand,Kharif,Cotton
7,0.41,0.49,284,32,336,855,31.1,Black,Vadodara,Kharif,Cotton
7.04,0.68,0.62,251,47,439,846,27.3,Black,Rajkot,Kharif,Cotton
7.94,0.43,0.48,252,29,355,507,31.1,Black,Rajkot,Kharif,Cotton
7.81,0.61,0.4,224,58,380,792,29,Black,Navsari,Kharif,Cotton
8.01,0.67,0.49,219,40,450,895,28.8,Black,Kutch,Kharif,Cotton
8.08,0.71,0.64,221,55,492,614,26,Black,Banaskantha,Kharif,Cotton
7.47,0.73,0.37,207,32,495,698,30.5,Black,Rajkot,Kharif,Cotton
7.8,0.69,0.47,305,26,312,533,29.4,Black,Banaskantha,Kharif,Cotton
7.78,0.25,0.57,209,45,313,732,29.7,Black,Anand,Kharif,Cotton
7.76,0.32,0.55,256,51,460,573,26.5,Black,Surat,Kharif,Cotton
7.77,0.36,0.66,256,53,453,644,29.5,Black,Bhavnagar,Kharif,Cotton
8.13,0.73,0.6,297,51,471,566,31.4,Black,Junagadh,Kharif,Cotton
7.67,0.26,0.66,292,55,398,524,34.8,Black,Bharuch,Kharif,Cotton
7.93,0.21,0.68,286,59,367,534,34.7,Black,Surat,Kharif,Cotton
7.54,0.25,0.4,319,45,391,866,34.4,Black,Vadodara,Kharif,Cotton
8.1,0.44,0.51,318,30,418,505,27.8,Black,Kutch,Kharif,Cotton
7.12,0.56,0.35,214,39,492,716,28.1,Black,Amreli,Kharif,Cotton
7.56,0.53,0.69,248,32,348,611,30,Black,Navsari,Kharif,Cotton
7.32,0.23,0.69,310,45,312,572,33.8,Black,Mehsana,Kharif,Cotton
7.05,0.69,0.5,236,28,360,731,27.8,Black,Anand,Kharif,Cotton
7.12,0.48,0.39,218,54,489,755,32,Black,Surendranagar,Kharif,Cotton
7.22,0.21,0.41,211,56,450,774,33.4,Black,Kutch,Kharif,Cotton
7.23,0.51,0.69,221,59,387,876,33.5,Black,Surat,Kharif,Cotton
7.91,0.72,0.43,305,59,362,558,33.6,Black,Mehsana,Kharif,Cotton
7.82,0.39,0.36,229,53,489,511,30.4,Black,Ahmedabad,Kharif,Cotton
7.82,0.8,0.51,289,28,403,754,28.1,Black,Mehsana,Kharif,Cotton
7.94,0.29,0.63,246,25,396,776,27.3,Black,Amreli,Kharif,Cotton
7.27,0.41,0.59,211,50,473,837,29.3,Black,Mehsana,Kharif,Cotton
8.19,0.76,0.59,251,34,487,537,30.7,Black,Rajkot,Kharif,Cotton
8.18,0.28,0.55,258,27,442,802,30.8,Black,Surat,Kharif,Cotton
7.52,0.57,0.45,269,26,340,564,34,Black,Anand,Kharif,Cotton
7.4,0.22,0.56,293,39,469,777,29.9,Black,Mehsana,Kharif,Cotton
8.16,0.59,0.45,277,46,488,812,30.6,Black,Kutch,Kharif,Cotton
7.1,0.41,0.57,264,54,492,518,32.3,Black,Rajkot,Kharif,Cotton
7.43,0.31,0.66,251,53,399,744,27.8,Black,Junagadh,Kharif,Cotton
8.12,0.47,0.48,209,29,484,821,32,Black,Gandhinagar,Kharif,Cotton
7.73,0.5,0.54,309,52,429,754,32.5,Black,Anand,Kharif,Cotton
8,0.39,0.55,263,27,464,772,28.9,Black,Ahmedabad,Kharif,Cotton
7.77,0.61,0.63,247,28,478,637,33.9,Black,Bharuch,Kharif,Cotton
8.19,0.43,0.57,287,54,445,519,26.3,Black,Amreli,Kharif,Cotton
7.34,0.53,0.62,243,48,368,628,27.6,Black,Gandhinagar,Kharif,Cotton
7.71,0.32,0.47,304,43,347,826,28.2,Black,Kutch,Kharif,Cotton
7.64,0.55,0.44,250,39,349,779,34.6,Black,Vadodara,Kharif,Cotton
7.49,0.36,0.59,317,45,347,772,32.9,Black,Amreli,Kharif,Cotton
8.1,0.41,0.41,273,35,403,801,28,Black,Vadodara,Kharif,Cotton
7.64,0.67,0.48,228,57,327,786,32.4,Black,Vadodara,Kharif,Cotton
7.03,0.59,0.53,249,60,383,508,31.5,Black,Bharuch,Kharif,Cotton
7.82,0.69,0.43,224,44,460,819,27.1,Black,Surendranagar,Kharif,Cotton
8,0.75,0.56,221,28,350,767,33.5,Black,Banaskantha,Kharif,Cotton
7.28,0.68,0.38,246,38,400,657,26.8,Black,Gandhinagar,Kharif,Cotton
7.13,0.7,0.42,227,36,393,817,34,Black,Gandhinagar,Kharif,Cotton
7.87,0.77,0.38,302,52,414,662,26.4,Black,Anand,Kharif,Cotton
7.18,0.72,0.63,236,30,309,897,29.2,Black,Ahmedabad,Kharif,Cotton
7.74,0.77,0.39,275,58,421,787,26.5,Black,Bharuch,Kharif,Cotton
7.57,0.36,0.4,308,57,434,785,33.7,Black,Ahmedabad,Kharif,Cotton
7.2,0.28,0.47,303,52,406,529,34.6,Black,Bharuch,Kharif,Cotton
7.91,0.52,0.45,310,35,335,752,32.4,Black,Bhavnagar,Kharif,Cotton
8.07,0.37,0.57,293,52,393,662,33.1,Black,Amreli,Kharif,Cotton
7.6,0.38,0.57,215,30,477,719,34.9,Black,Amreli,Kharif,Cotton
8.12,0.2,0.36,219,44,395,827,28.1,Black,Rajkot,Kharif,Cotton
8.15,0.28,0.66,313,32,383,662,26.6,Black,Vadodara,Kharif,Cotton
7.41,0.22,0.42,281,52,442,877,27.6,Black,Navsari,Kharif,Cotton
7.36,0.71,0.53,249,49,450,817,35,Black,Amreli,Kharif,Cotton
7.6,0.71,0.7,228,52,414,826,33.1,Black,Kutch,Kharif,Cotton
7.5,0.65,0.4,308,57,489,860,27.5,Black,Navsari,Kharif,Cotton
7.25,0.78,0.53,303,36,481,778,33.3,Black,Bhavnagar,Kharif,Cotton
7.16,0.7,0.39,277,34,465,503,31.6,Black,Junagadh,Kharif,Cotton
7.45,0.2,0.38,231,51,367,750,27.4,Black,Vadodara,Kharif,Cotton
7.03,0.3,0.52,266,30,470,733,27.6,Black,Surendranagar,Kharif,Cotton
7.42,0.48,0.44,246,60,460,636,30.4,Black,Amreli,Kharif,Cotton
8.04,0.77,0.46,279,30,430,897,33.7,Black,Ahmedabad,Kharif,Cotton
8.08,0.53,0.61,250,28,440,593,32.5,Black,Kutch,Kharif,Cotton
7.56,0.24,0.59,225,53,483,872,28,Black,Anand,Kharif,Cotton
8.11,0.4,0.41,273,38,489,710,33.9,Black,Bhavnagar,Kharif,Cotton
7.51,0.4,0.65,209,44,360,783,31,Black,Surendranagar,Kharif,Cotton
7.2,0.59,0.6,231,59,352,663,31,Black,Navsari,Kharif,Cotton
7.5,0.49,0.58,294,56,356,582,33.3,Black,Surat,Kharif,Cotton
8.13,0.54,0.44,232,56,456,866,32.5,Black,Surendranagar,Kharif,Cotton
7.54,0.69,0.65,256,25,347,792,27.6,Black,Amreli,Kharif,Cotton
7.07,0.35,0.67,259,58,427,868,27,Black,Bhavnagar,Kharif,Cotton
8.07,0.4,0.55,271,58,362,566,27.3,Black,Amreli,Kharif,Cotton
7.95,0.44,0.63,310,28,440,596,27.6,Black,Navsari,Kharif,Cotton
7.91,0.49,0.63,287,54,432,757,30.6,Black,Vadodara,Kharif,Cotton
7.82,0.62,0.6,312,48,470,763,29.2,Black,Kutch,Kharif,Cotton
7.64,0.75,0.63,318,27,351,508,28.5,Black,Surat,Kharif,Cotton
8.11,0.59,0.64,309,45,328,735,26.6,Black,Surat,Kharif,Cotton
8.05,0.54,0.67,211,26,499,576,31.8,Black,Bharuch,Kharif,Cotton
8.11,0.77,0.61,284,26,323,655,27.8,Black,Kutch,Kharif,Cotton
8.04,0.51,0.37,305,37,301,795,29.7,Black,Rajkot,Kharif,Cotton
7.25,0.56,0.38,214,34,401,524,31.7,Black,Rajkot,Kharif,Cotton
7.25,0.27,0.59,289,54,404,738,32.8,Black,Junagadh,Kharif,Cotton
7.14,0.66,0.59,214,32,397,706,26.9,Black,Junagadh,Kharif,Cotton
7.15,0.63,0.51,292,46,469,880,34.3,Black,Surendranagar,Kharif,Cotton
7.3,0.76,0.61,227,27,375,792,27.7,Black,Vadodara,Kharif,Cotton
7.25,0.21,0.41,283,44,498,766,26.9,Black,Amreli,Kharif,Cotton
7.12,0.37,0.63,287,50,460,768,27.3,Black,Anand,Kharif,Cotton
7.01,0.6,0.69,219,43,396,565,26.2,Black,Bhavnagar,Kharif,Cotton
8.02,0.8,0.47,248,29,489,876,31.9,Black,Bhavnagar,Kharif,Cotton
7.8,0.56,0.39,288,56,304,897,26.9,Black,Rajkot,Kharif,Cotton
7.17,0.31,0.68,270,45,438,687,29.5,Black,Surat,Kharif,Cotton
8.02,0.36,0.38,295,34,306,572,34.9,Black,Ahmedabad,Kharif,Cotton
7.15,0.57,0.52,271,56,371,530,27.5,Black,Gandhinagar,Kharif,Cotton
7.86,0.78,0.5,310,26,405,616,27.2,Black,Mehsana,Kharif,Cotton
7.78,0.74,0.47,233,35,475,823,31.8,Black,Bhavnagar,Kharif,Cotton
7.85,0.37,0.44,215,26,457,685,34.2,Black,Gandhinagar,Kharif,Cotton
7.68,0.66,0.51,254,44,459,533,29.3,Black,Vadodara,Kharif,Cotton
7.34,0.71,0.68,232,55,327,570,33.5,Black,Gandhinagar,Kharif,Cotton
7.52,0.27,0.54,298,32,500,763,27.1,Black,Junagadh,Kharif,Cotton
7.97,0.64,0.49,229,31,415,704,28.5,Black,Gandhinagar,Kharif,Cotton
7.19,0.51,0.54,266,31,486,843,29.3,Black,Amreli,Kharif,Cotton
7.71,0.72,0.39,243,28,418,543,27.8,Black,Ahmedabad,Kharif,Cotton
7.54,0.35,0.51,229,46,320,524,33.3,Black,Vadodara,Kharif,Cotton
8.16,0.77,0.52,225,50,344,558,32.3,Black,Junagadh,Kharif,Cotton
7.68,0.31,0.54,267,47,414,718,32.3,Black,Gandhinagar,Kharif,Cotton
7.04,0.27,0.35,225,37,455,706,27.4,Black,Surendranagar,Kharif,Cotton
7.31,0.46,0.49,305,34,320,680,31.3,Black,Anand,Kharif,Cotton
7.17,0.71,0.36,207,42,403,712,29.8,Black,Vadodara,Kharif,Cotton
7.75,0.21,0.37,214,28,414,801,30.4,Black,Rajkot,Kharif,Cotton
8.1,0.22,0.61,233,40,439,893,34.5,Black,Anand,Kharif,Cotton
7.86,0.65,0.65,280,42,446,501,28.8,Black,Vadodara,Kharif,Cotton
7.94,0.23,0.56,264,27,450,652,31.8,Black,Surendranagar,Kharif,Cotton
8.1,0.67,0.54,263,39,465,533,27.8,Black,Kutch,Kharif,Cotton
7.14,0.45,0.56,295,43,326,710,34.2,Black,Amreli,Kharif,Cotton
7.26,0.37,0.37,261,42,363,619,33.5,Black,Ahmedabad,Kharif,Cotton
7.22,0.64,0.69,285,43,449,791,34.2,Black,Bharuch,Kharif,Cotton
7.02,0.63,0.67,221,52,469,571,26.2,Black,Junagadh,Kharif,Cotton
7.62,0.69,0.54,221,31,322,710,26.5,Black,Kutch,Kharif,Cotton
7.8,0.22,0.63,280,41,324,779,34.5,Black,Surat,Kharif,Cotton
7.44,0.62,0.57,265,57,499,799,30,Black,Surendranagar,Kharif,Cotton
7.13,0.79,0.69,293,59,428,820,31.3,Black,Surendranagar,Kharif,Cotton
7.79,0.22,0.64,209,59,402,633,28.7,Black,Amreli,Kharif,Cotton
7.91,0.47,0.66,245,58,431,877,34.3,Black,Mehsana,Kharif,Cotton
7.45,0.76,0.54,207,26,366,776,26.4,Black,Vadodara,Kharif,Cotton
7.57,0.26,0.64,307,37,397,788,26.8,Black,Rajkot,Kharif,Cotton
7.92,0.6,0.68,265,56,472,802,28.4,Black,Banaskantha,Kharif,Cotton
7.8,0.54,0.53,259,50,448,843,34.4,Black,Kutch,Kharif,Cotton
7.76,0.36,0.56,229,32,366,545,33.1,Black,Rajkot,Kharif,Cotton
7.43,0.23,0.66,282,40,345,749,28.6,Black,Vadodara,Kharif,Cotton
7.87,0.41,0.62,258,50,346,649,31.8,Black,Bhavnagar,Kharif,Cotton
7.77,0.7,0.48,269,40,484,635,34.4,Black,Junagadh,Kharif,Cotton
7.32,0.51,0.4,256,25,339,787,29,Black,Amreli,Kharif,Cotton
7.19,0.76,0.55,231,51,370,777,30.9,Black,Mehsana,Kharif,Cotton
8.16,0.78,0.62,234,59,402,772,32.3,Black,Banaskantha,Kharif,Cotton
7.05,0.46,0.69,250,55,338,885,30.7,Black,Ahmedabad,Kharif,Cotton
7.03,0.7,0.38,209,38,328,800,34.1,Black,Vadodara,Kharif,Cotton
7.79,0.79,0.57,220,38,482,708,27,Black,Gandhinagar,Kharif,Cotton
7.86,0.74,0.47,231,27,365,664,31,Black,Ahmedabad,Kharif,Cotton
7.4,0.7,0.36,221,48,371,884,28.7,Black,Navsari,Kharif,Cotton
7.15,0.26,0.46,204,37,478,648,28.5,Black,Ahmedabad,Kharif,Cotton
8.01,0.48,0.61,314,29,497,764,27.1,Black,Banaskantha,Kharif,Cotton
7.65,0.65,0.57,269,59,486,501,33.8,Black,Anand,Kharif,Cotton
7.66,0.26,0.38,234,51,432,553,33.1,Black,Banaskantha,Kharif,Cotton
7.22,0.44,0.48,233,59,408,815,32,Black,Bhavnagar,Kharif,Cotton
8.17,0.44,0.57,256,44,429,695,31.1,Black,Vadodara,Kharif,Cotton
7.41,0.36,0.46,284,28,328,563,31.5,Black,Junagadh,Kharif,Cotton
8.01,0.67,0.7,231,49,477,522,29.2,Black,Gandhinagar,Kharif,Cotton
7.09,0.61,0.37,306,59,492,894,31,Black,Surat,Kharif,Cotton
7.51,0.35,0.69,282,33,325,763,31.2,Black,Vadodara,Kharif,Cotton
7.72,0.43,0.35,203,44,334,652,30.8,Black,Amreli,Kharif,Cotton
7.06,0.75,0.7,287,42,489,785,31.5,Black,Gandhinagar,Kharif,Cotton
7.49,0.4,0.5,220,25,379,661,29.8,Black,Gandhinagar,Kharif,Cotton
7.91,0.4,0.66,273,53,500,657,32.9,Black,Surat,Kharif,Cotton
7.94,0.68,0.36,216,40,500,689,28.3,Black,Surendranagar,Kharif,Cotton
7.46,0.28,0.57,298,51,386,858,28.6,Black,Ahmedabad,Kharif,Cotton
7.76,0.56,0.47,318,28,302,855,34.4,Black,Amreli,Kharif,Cotton
8.03,0.27,0.4,223,53,409,744,32.2,Black,Navsari,Kharif,Cotton
7.48,0.66,0.56,249,26,326,540,27.6,Black,Rajkot,Kharif,Cotton
7.45,0.78,0.53,232,59,432,827,29.5,Black,Junagadh,Kharif,Cotton
7.91,0.79,0.36,260,58,401,746,32.4,Black,Surat,Kharif,Cotton
8.05,0.3,0.56,320,47,413,506,34.4,Black,Gandhinagar,Kharif,Cotton
7.16,0.63,0.63,309,35,463,717,26.7,Black,Surendranagar,Kharif,Cotton
7.2,0.32,0.44,294,55,387,616,29.9,Black,Anand,Kharif,Cotton
7.9,0.23,0.54,304,35,394,635,34.5,Black,Navsari,Kharif,Cotton
7.15,0.6,0.59,229,57,383,629,29.3,Black,Junagadh,Kharif,Cotton
7.04,0.77,0.44,283,48,373,833,30.2,Black,Anand,Kharif,Cotton
7.24,0.73,0.39,320,37,339,865,34.9,Black,Bharuch,Kharif,Cotton
7.64,0.66,0.61,262,30,415,724,34.1,Black,Bharuch,Kharif,Cotton
7.25,0.6,0.58,286,35,425,586,26.3,Black,Kutch,Kharif,Cotton
7.2,0.24,0.52,291,25,467,777,26.5,Black,Banaskantha,Kharif,Cotton
7.94,0.78,0.64,232,46,482,825,27.7,Black,Banaskantha,Kharif,Cotton
8.19,0.79,0.46,269,57,337,636,31.6,Black,Vadodara,Kharif,Cotton
8.02,0.73,0.35,309,31,431,535,32.4,Black,Gandhinagar,Kharif,Cotton
7.57,0.37,0.67,307,52,388,588,28.5,Black,Surendranagar,Kharif,Cotton
7.8,0.42,0.44,206,59,353,773,33.9,Black,Gandhinagar,Kharif,Cotton
7.72,0.33,0.6,270,31,303,828,32.2,Black,Surat,Kharif,Cotton
7.77,0.27,0.54,264,57,469,630,33.9,Black,Bharuch,Kharif,Cotton
7.75,0.55,0.7,267,57,498,579,34,Black,Navsari,Kharif,Cotton
8.19,0.39,0.55,217,55,326,640,33.6,Black,Navsari,Kharif,Cotton
7.45,0.22,0.38,293,59,491,695,32.4,Black,Navsari,Kharif,Cotton
7.16,0.32,0.54,228,53,341,766,28.1,Black,Amreli,Kharif,Cotton
8.17,0.79,0.58,263,26,400,580,34.5,Black,Amreli,Kharif,Cotton
7.62,0.51,0.37,273,60,354,585,27.3,Black,Anand,Kharif,Cotton
7.14,0.31,0.41,200,26,316,854,30.7,Black,Ahmedabad,Kharif,Cotton
7.46,0.23,0.36,307,60,473,746,32.4,Black,Junagadh,Kharif,Cotton
7.66,0.69,0.42,249,30,373,531,34.3,Black,Surendranagar,Kharif,Cotton
7.66,0.76,0.58,282,30,450,761,32.8,Black,Navsari,Kharif,Cotton
7.51,0.65,0.65,282,33,349,661,28.8,Black,Anand,Kharif,Cotton
7.81,0.26,0.35,293,26,417,884,29.6,Black,Junagadh,Kharif,Cotton
7.44,0.69,0.68,295,49,412,538,29,Black,Ahmedabad,Kharif,Cotton
7.52,0.74,0.49,234,30,318,506,34.1,Black,Surendranagar,Kharif,Cotton
7.45,0.72,0.6,290,39,372,500,33.3,Black,Rajkot,Kharif,Cotton
7.48,0.69,0.67,234,55,310,767,31.5,Black,Bharuch,Kharif,Cotton
7.67,0.32,0.5,225,43,441,572,29.4,Black,Amreli,Kharif,Cotton
7.47,0.48,0.36,229,59,410,785,31,Black,Gandhinagar,Kharif,Cotton
7.63,0.61,0.57,300,29,393,515,29.3,Black,Amreli,Kharif,Cotton
7.44,0.71,0.55,314,49,305,854,31.4,Black,Junagadh,Kharif,Cotton
8.13,0.28,0.66,297,47,416,823,30.7,Black,Ahmedabad,Kharif,Cotton
7.02,0.79,0.54,200,48,335,537,33.1,Black,Vadodara,Kharif,Cotton
7.41,0.78,0.5,344,44,324,661,18.9,Loam,Gandhinagar,Rabi,Wheat
7.16,0.56,0.8,244,47,422,630,23.5,Alluvial,Rajkot,Rabi,Wheat
7.53,0.56,0.87,331,38,295,383,19.4,Alluvial,Vadodara,Rabi,Wheat
7.41,0.24,0.47,287,53,437,487,20.7,Loam,Rajkot,Rabi,Wheat
7.79,0.41,0.58,344,56,261,463,22.4,Loam,Junagadh,Rabi,Wheat
7.81,0.28,0.83,313,45,250,663,23.7,Loam,Rajkot,Rabi,Wheat
7.56,0.33,0.77,307,43,320,327,22.6,Loam,Anand,Rabi,Wheat
6.96,0.71,0.66,265,46,291,586,24.1,Alluvial,Junagadh,Rabi,Wheat
6.87,0.49,0.74,266,35,426,434,25.2,Loam,Rajkot,Rabi,Wheat
6.96,0.45,0.63,315,30,373,333,18.6,Alluvial,Mehsana,Rabi,Wheat
7.57,0.65,0.48,249,48,345,300,24.1,Alluvial,Surendranagar,Rabi,Wheat
7.77,0.79,0.75,300,35,359,341,25.5,Loam,Bhavnagar,Rabi,Wheat
7.24,0.77,0.84,332,31,395,369,20,Loam,Gandhinagar,Rabi,Wheat
6.89,0.46,0.59,223,30,373,431,27.1,Loam,Surendranagar,Rabi,Wheat
7.41,0.67,0.7,303,52,325,416,26.1,Loam,Bharuch,Rabi,Wheat
7.48,0.48,0.72,274,57,355,476,19.3,Alluvial,Navsari,Rabi,Wheat
7.95,0.66,0.64,242,60,409,669,23.1,Loam,Gandhinagar,Rabi,Wheat
7.04,0.39,0.69,274,58,447,671,25.7,Loam,Navsari,Rabi,Wheat
7.2,0.29,0.8,323,37,425,393,18.7,Alluvial,Surat,Rabi,Wheat
7.96,0.67,0.78,332,38,384,691,26.8,Loam,Vadodara,Rabi,Wheat
7.85,0.29,0.69,323,57,319,579,22.4,Alluvial,Gandhinagar,Rabi,Wheat
7.03,0.53,0.9,284,58,326,577,23,Alluvial,Amreli,Rabi,Wheat
7.18,0.34,0.86,296,42,285,576,18.5,Alluvial,Junagadh,Rabi,Wheat
7.33,0.47,0.57,232,42,342,529,24.2,Alluvial,Rajkot,Rabi,Wheat
7.24,0.44,0.54,266,53,252,604,18.3,Alluvial,Surendranagar,Rabi,Wheat
7.72,0.26,0.67,299,53,257,641,27.9,Loam,Surendranagar,Rabi,Wheat
7.08,0.77,0.9,338,54,379,498,18.9,Loam,Amreli,Rabi,Wheat
7.19,0.38,0.87,319,31,425,659,19.8,Loam,Ahmedabad,Rabi,Wheat
7.66,0.42,0.56,288,52,271,649,19.8,Loam,Surendranagar,Rabi,Wheat
6.9,0.28,0.65,300,55,394,482,26.7,Loam,Junagadh,Rabi,Wheat
6.99,0.45,0.82,232,32,331,356,21.4,Loam,Surendranagar,Rabi,Wheat
7.85,0.78,0.74,286,44,412,616,21.4,Alluvial,Navsari,Rabi,Wheat
6.85,0.7,0.49,333,52,298,366,22.6,Loam,Surendranagar,Rabi,Wheat
7.22,0.65,0.75,227,59,309,641,25.5,Loam,Junagadh,Rabi,Wheat
6.81,0.44,0.88,275,39,447,669,18.1,Loam,Junagadh,Rabi,Wheat
7.13,0.28,0.46,274,43,261,559,24.1,Alluvial,Rajkot,Rabi,Wheat
6.89,0.38,0.73,244,60,306,634,21.4,Loam,Mehsana,Rabi,Wheat
7.23,0.66,0.56,315,51,395,474,19.5,Alluvial,Ahmedabad,Rabi,Wheat
6.88,0.24,0.88,223,50,254,503,23.7,Loam,Rajkot,Rabi,Wheat
7.46,0.63,0.66,231,54,428,423,28,Alluvial,Bhavnagar,Rabi,Wheat
7.62,0.63,0.88,269,48,323,457,23.8,Alluvial,Anand,Rabi,Wheat
7.07,0.2,0.67,316,54,290,471,21.3,Loam,Amreli,Rabi,Wheat
7.56,0.7,0.48,274,42,330,430,19.3,Alluvial,Amreli,Rabi,Wheat
7.14,0.48,0.56,235,50,297,638,27.5,Loam,Surat,Rabi,Wheat
7.75,0.38,0.84,237,30,438,316,23.7,Alluvial,Anand,Rabi,Wheat
7.61,0.41,0.45,325,46,314,424,18.1,Loam,Rajkot,Rabi,Wheat
7.26,0.47,0.81,221,39,423,471,27.6,Alluvial,Vadodara,Rabi,Wheat
7.71,0.8,0.7,335,40,394,395,18.9,Alluvial,Navsari,Rabi,Wheat
7,0.23,0.88,281,43,421,391,26,Loam,Gandhinagar,Rabi,Wheat
7.24,0.51,0.48,338,44,256,655,24,Loam,Surendranagar,Rabi,Wheat
7.33,0.25,0.6,261,37,432,684,23.5,Loam,Surat,Rabi,Wheat
7.32,0.77,0.49,263,32,340,568,25.9,Alluvial,Bhavnagar,Rabi,Wheat
6.81,0.42,0.49,247,54,278,557,22.4,Alluvial,Vadodara,Rabi,Wheat
7.46,0.25,0.71,300,48,441,537,24.9,Alluvial,Amreli,Rabi,Wheat
7.64,0.26,0.7,231,52,262,684,27.9,Alluvial,Surendranagar,Rabi,Wheat
7.08,0.52,0.81,275,32,390,492,24.1,Loam,Mehsana,Rabi,Wheat
7.89,0.49,0.53,350,38,334,459,26.7,Loam,Mehsana,Rabi,Wheat
6.97,0.63,0.66,220,31,295,582,20.1,Alluvial,Mehsana,Rabi,Wheat
6.95,0.76,0.89,254,51,289,330,20.5,Alluvial,Navsari,Rabi,Wheat
7.38,0.37,0.55,253,59,441,568,25.5,Loam,Ahmedabad,Rabi,Wheat
7.97,0.77,0.71,270,52,252,644,19.3,Loam,Amreli,Rabi,Wheat
6.84,0.32,0.47,258,37,283,366,25.2,Alluvial,Vadodara,Rabi,Wheat
7.82,0.28,0.84,282,41,433,399,18.4,Loam,Mehsana,Rabi,Wheat
6.91,0.4,0.47,284,42,300,301,24.8,Loam,Vadodara,Rabi,Wheat
7.66,0.56,0.87,332,44,367,482,22,Loam,Banaskantha,Rabi,Wheat
7.44,0.28,0.48,225,50,291,606,18.9,Loam,Gandhinagar,Rabi,Wheat
7.16,0.72,0.47,260,48,441,571,20.2,Loam,Navsari,Rabi,Wheat
7.1,0.78,0.69,290,32,408,498,21.9,Loam,Banaskantha,Rabi,Wheat
6.9,0.72,0.87,327,45,253,556,18.6,Alluvial,Mehsana,Rabi,Wheat
7.86,0.78,0.64,320,44,442,320,21.8,Alluvial,Surendranagar,Rabi,Wheat
6.98,0.54,0.81,312,41,265,455,23.8,Alluvial,Navsari,Rabi,Wheat
7.59,0.46,0.64,270,51,328,609,25.7,Loam,Banaskantha,Rabi,Wheat
7.3,0.21,0.74,316,35,366,397,19.3,Loam,Ahmedabad,Rabi,Wheat
6.96,0.73,0.5,295,60,287,430,20.2,Alluvial,Kutch,Rabi,Wheat
6.96,0.7,0.6,302,38,422,377,19,Loam,Mehsana,Rabi,Wheat
7.68,0.77,0.72,245,53,409,508,19.5,Loam,Bhavnagar,Rabi,Wheat
7.17,0.69,0.49,317,38,306,402,23.6,Loam,Surendranagar,Rabi,Wheat
6.96,0.78,0.9,337,60,297,487,24.7,Alluvial,Mehsana,Rabi,Wheat
7.08,0.35,0.88,228,55,426,423,18.8,Alluvial,Anand,Rabi,Wheat
7.6,0.5,0.46,288,41,369,698,25.3,Alluvial,Gandhinagar,Rabi,Wheat
7.2,0.47,0.71,288,53,447,625,21.4,Loam,Vadodara,Rabi,Wheat
7.96,0.46,0.7,289,42,348,672,23.9,Alluvial,Bharuch,Rabi,Wheat
6.88,0.33,0.58,240,35,337,446,21.7,Loam,Banaskantha,Rabi,Wheat
7.2,0.7,0.73,298,46,272,474,19.9,Alluvial,Banaskantha,Rabi,Wheat
6.97,0.67,0.62,317,42,327,528,19.8,Loam,Junagadh,Rabi,Wheat
7.34,0.79,0.51,314,54,433,601,27.9,Alluvial,Amreli,Rabi,Wheat
7.26,0.76,0.58,287,50,389,598,20,Loam,Ahmedabad,Rabi,Wheat
7.78,0.38,0.59,299,36,433,328,22.5,Alluvial,Surat,Rabi,Wheat
7.59,0.47,0.5,224,30,386,630,24.9,Loam,Gandhinagar,Rabi,Wheat
7.93,0.69,0.86,256,59,280,340,21.7,Alluvial,Rajkot,Rabi,Wheat
7.9,0.53,0.59,273,41,418,443,25.4,Loam,Ahmedabad,Rabi,Wheat
7.87,0.5,0.66,288,57,424,633,26.9,Alluvial,Junagadh,Rabi,Wheat
6.93,0.32,0.88,226,52,385,510,26,Loam,Surat,Rabi,Wheat
7.89,0.48,0.51,330,42,424,465,22.1,Loam,Gandhinagar,Rabi,Wheat
6.8,0.37,0.48,231,59,445,622,25,Loam,Anand,Rabi,Wheat
7.33,0.52,0.46,314,40,416,565,24.6,Loam,Junagadh,Rabi,Wheat
6.83,0.29,0.84,265,53,282,333,21.1,Alluvial,Gandhinagar,Rabi,Wheat
7.6,0.77,0.5,226,49,327,416,27.7,Loam,Bharuch,Rabi,Wheat
7.9,0.66,0.69,242,45,292,317,20,Loam,Ahmedabad,Rabi,Wheat
7.55,0.41,0.52,320,35,434,313,24,Loam,Banaskantha,Rabi,Wheat
7.67,0.71,0.8,308,34,434,491,27.7,Alluvial,Anand,Rabi,Wheat
7.87,0.6,0.55,280,34,293,377,24.4,Alluvial,Surat,Rabi,Wheat
7.64,0.31,0.68,264,30,323,486,26.5,Loam,Bharuch,Rabi,Wheat
7.22,0.28,0.64,242,46,339,317,22.7,Loam,Surendranagar,Rabi,Wheat
6.86,0.79,0.47,267,42,405,554,25.9,Loam,Bharuch,Rabi,Wheat
7.41,0.3,0.83,317,31,275,307,22.9,Loam,Ahmedabad,Rabi,Wheat
6.92,0.59,0.88,276,58,392,647,23.6,Loam,Bhavnagar,Rabi,Wheat
6.91,0.72,0.75,331,59,431,690,20.6,Alluvial,Bharuch,Rabi,Wheat
7.28,0.32,0.65,287,34,287,407,27.8,Loam,Bhavnagar,Rabi,Wheat
7.98,0.28,0.52,350,30,412,354,25.5,Alluvial,Navsari,Rabi,Wheat
8,0.41,0.9,259,52,420,650,24.3,Loam,Amreli,Rabi,Wheat
7.68,0.41,0.48,266,56,408,472,20.1,Loam,Surendranagar,Rabi,Wheat
7.27,0.7,0.74,342,57,312,334,26.6,Loam,Mehsana,Rabi,Wheat
6.87,0.44,0.81,290,33,310,303,22.9,Alluvial,Surat,Rabi,Wheat
7.83,0.77,0.8,302,34,253,637,18.7,Alluvial,Amreli,Rabi,Wheat
7.28,0.23,0.8,322,37,396,668,22.7,Alluvial,Ahmedabad,Rabi,Wheat
6.88,0.64,0.81,231,41,331,428,23.7,Loam,Surendranagar,Rabi,Wheat
7.55,0.24,0.49,288,32,269,589,25.7,Alluvial,Vadodara,Rabi,Wheat
7.31,0.21,0.87,243,48,434,492,23.9,Loam,Banaskantha,Rabi,Wheat
7.19,0.53,0.61,267,31,372,300,26.1,Loam,Navsari,Rabi,Wheat
7,0.79,0.75,238,49,416,554,19,Loam,Amreli,Rabi,Wheat
7.17,0.76,0.71,330,58,408,506,22.6,Alluvial,Ahmedabad,Rabi,Wheat
6.84,0.77,0.66,238,35,359,551,26.9,Loam,Rajkot,Rabi,Wheat
7.76,0.79,0.53,332,50,349,645,25.6,Alluvial,Vadodara,Rabi,Wheat
7.63,0.78,0.69,341,50,389,515,21.5,Loam,Kutch,Rabi,Wheat
7.62,0.74,0.76,299,36,279,608,18.9,Alluvial,Vadodara,Rabi,Wheat
7.17,0.22,0.68,305,35,309,363,19.4,Loam,Rajkot,Rabi,Wheat
7.5,0.41,0.46,309,45,346,439,27.9,Alluvial,Bharuch,Rabi,Wheat
7.91,0.49,0.77,220,34,357,587,22.6,Alluvial,Navsari,Rabi,Wheat
7.45,0.66,0.67,296,48,364,603,22.5,Alluvial,Surendranagar,Rabi,Wheat
7.93,0.45,0.54,308,43,426,317,20.6,Alluvial,Junagadh,Rabi,Wheat
6.83,0.35,0.59,276,45,300,319,23.9,Alluvial,Navsari,Rabi,Wheat
7.48,0.57,0.88,332,32,278,625,23.7,Alluvial,Amreli,Rabi,Wheat
7.48,0.43,0.59,232,52,344,603,22.7,Loam,Amreli,Rabi,Wheat
7.24,0.27,0.69,338,43,422,405,22.3,Loam,Rajkot,Rabi,Wheat
7.82,0.57,0.86,305,49,350,478,27.2,Alluvial,Kutch,Rabi,Wheat
7.32,0.38,0.6,287,57,324,681,20.2,Alluvial,Bharuch,Rabi,Wheat
6.89,0.74,0.73,321,48,404,601,20.4,Loam,Anand,Rabi,Wheat
7.65,0.71,0.57,335,39,307,594,26.8,Alluvial,Navsari,Rabi,Wheat
6.82,0.66,0.83,263,34,307,324,23.9,Alluvial,Amreli,Rabi,Wheat
7.53,0.49,0.87,289,33,313,380,19,Loam,Surendranagar,Rabi,Wheat
7.71,0.47,0.48,264,33,372,689,18.4,Alluvial,Navsari,Rabi,Wheat
7.88,0.51,0.54,325,41,336,541,26,Loam,Anand,Rabi,Wheat
7.73,0.22,0.45,297,38,395,521,26.5,Alluvial,Surendranagar,Rabi,Wheat
6.88,0.63,0.55,233,56,257,372,27,Alluvial,Rajkot,Rabi,Wheat
6.96,0.27,0.78,338,40,350,482,23.3,Alluvial,Surat,Rabi,Wheat
7.2,0.4,0.75,340,60,250,584,27.4,Loam,Surendranagar,Rabi,Wheat
7.49,0.33,0.48,312,47,326,396,20.6,Alluvial,Ahmedabad,Rabi,Wheat
7.27,0.25,0.55,314,31,302,451,26.9,Loam,Anand,Rabi,Wheat
7.29,0.76,0.78,228,57,313,399,21.1,Alluvial,Amreli,Rabi,Wheat
7.12,0.32,0.5,297,37,419,530,25.1,Alluvial,Mehsana,Rabi,Wheat
7.69,0.6,0.75,227,31,391,633,21.1,Loam,Banaskantha,Rabi,Wheat
7.83,0.43,0.71,232,34,417,345,24.5,Alluvial,Gandhinagar,Rabi,Wheat
7.87,0.24,0.57,229,39,303,463,18.6,Loam,Mehsana,Rabi,Wheat
7.75,0.7,0.88,261,35,393,612,27.4,Alluvial,Ahmedabad,Rabi,Wheat
7.21,0.47,0.6,260,36,301,368,23.2,Loam,Banaskantha,Rabi,Wheat
7.75,0.21,0.46,304,42,396,355,20.2,Loam,Surat,Rabi,Wheat
6.83,0.32,0.63,332,32,437,654,19.2,Alluvial,Bharuch,Rabi,Wheat
7.35,0.76,0.45,329,34,448,544,24.1,Alluvial,Bharuch,Rabi,Wheat
7.78,0.35,0.79,264,38,414,489,20.1,Loam,Surendranagar,Rabi,Wheat
7.01,0.34,0.71,286,56,374,387,20.3,Loam,Navsari,Rabi,Wheat
7.66,0.77,0.51,252,47,325,534,18.7,Loam,Rajkot,Rabi,Wheat
7.35,0.3,0.52,253,39,263,491,18.6,Alluvial,Surendranagar,Rabi,Wheat
7.8,0.6,0.7,246,56,371,628,24.4,Alluvial,Vadodara,Rabi,Wheat
7.79,0.45,0.73,266,59,317,325,21.9,Loam,Mehsana,Rabi,Wheat
7.85,0.46,0.8,340,50,287,473,23.1,Loam,Amreli,Rabi,Wheat
6.99,0.56,0.81,307,42,350,688,23.3,Alluvial,Surendranagar,Rabi,Wheat
7.41,0.64,0.88,344,37,410,396,22.5,Loam,Bharuch,Rabi,Wheat
7.02,0.28,0.49,232,33,385,534,27.7,Loam,Surat,Rabi,Wheat
7.64,0.79,0.7,232,51,268,532,26.6,Alluvial,Navsari,Rabi,Wheat
7.63,0.68,0.87,258,41,276,600,27.7,Alluvial,Bhavnagar,Rabi,Wheat
7.23,0.56,0.78,248,45,276,388,19.8,Alluvial,Ahmedabad,Rabi,Wheat
7.7,0.35,0.7,266,35,255,484,26.6,Loam,Amreli,Rabi,Wheat
6.94,0.31,0.76,286,48,415,495,26.5,Loam,Surendranagar,Rabi,Wheat
7.03,0.64,0.76,270,36,324,450,21,Loam,Navsari,Rabi,Wheat
7.4,0.51,0.68,304,30,319,537,18.2,Loam,Junagadh,Rabi,Wheat
7.83,0.57,0.62,349,51,339,336,24.1,Alluvial,Surat,Rabi,Wheat
7.75,0.47,0.57,266,42,359,624,24.6,Loam,Surendranagar,Rabi,Wheat
7.52,0.39,0.55,267,44,377,542,21.2,Loam,Amreli,Rabi,Wheat
7.89,0.54,0.46,240,58,352,478,23.4,Loam,Bharuch,Rabi,Wheat
7.53,0.22,0.62,260,34,401,446,19.2,Alluvial,Surendranagar,Rabi,Wheat
7.84,0.76,0.63,230,34,401,462,21.2,Alluvial,Surat,Rabi,Wheat
7.32,0.48,0.77,259,50,354,388,26.3,Alluvial,Kutch,Rabi,Wheat
7.72,0.31,0.64,239,40,419,432,24.2,Loam,Kutch,Rabi,Wheat
7.6,0.4,0.54,247,37,417,575,25.6,Loam,Junagadh,Rabi,Wheat
7.13,0.52,0.83,260,32,414,342,19.8,Loam,Rajkot,Rabi,Wheat
7.94,0.3,0.48,295,46,419,357,25.1,Loam,Anand,Rabi,Wheat
7.32,0.45,0.67,322,39,252,353,25.6,Loam,Mehsana,Rabi,Wheat
7.19,0.53,0.48,299,39,442,368,26.4,Loam,Junagadh,Rabi,Wheat
7.75,0.31,0.87,347,44,413,568,22.8,Alluvial,Mehsana,Rabi,Wheat
7.19,0.64,0.62,322,39,352,683,21.1,Loam,Banaskantha,Rabi,Wheat
7.32,0.28,0.58,266,33,406,372,25.1,Alluvial,Bharuch,Rabi,Wheat
6.97,0.25,0.53,298,52,266,323,20.8,Alluvial,Mehsana,Rabi,Wheat
7.06,0.78,0.58,344,60,380,590,25.7,Loam,Rajkot,Rabi,Wheat
7.37,0.57,0.52,324,48,406,604,27.8,Alluvial,Banaskantha,Rabi,Wheat
7.63,0.26,0.52,270,33,438,581,18.2,Loam,Surendranagar,Rabi,Wheat
7.32,0.45,0.78,263,52,250,331,18.1,Loam,Bhavnagar,Rabi,Wheat
6.99,0.4,0.69,268,57,274,301,21.2,Loam,Vadodara,Rabi,Wheat
7.77,0.36,0.85,280,47,431,300,27.4,Loam,Surendranagar,Rabi,Wheat
7.3,0.69,0.53,235,31,365,503,23.3,Alluvial,Amreli,Rabi,Wheat
7.79,0.65,0.87,278,35,392,405,26.8,Alluvial,Kutch,Rabi,Wheat
7.75,0.78,0.55,343,43,441,342,23.1,Loam,Surendranagar,Rabi,Wheat
7.56,0.53,0.82,323,35,351,532,19,Alluvial,Mehsana,Rabi,Wheat
7.17,0.67,0.45,239,36,289,639,23.1,Loam,Surat,Rabi,Wheat
7.88,0.63,0.52,350,53,307,478,27,Alluvial,Bhavnagar,Rabi,Wheat
7.52,0.71,0.69,303,52,445,676,27.4,Loam,Ahmedabad,Rabi,Wheat
7.94,0.49,0.62,231,43,443,622,25.2,Loam,Junagadh,Rabi,Wheat
7.56,0.76,0.69,288,37,447,338,24.2,Alluvial,Banaskantha,Rabi,Wheat
7.33,0.45,0.66,348,52,278,480,27.7,Alluvial,Banaskantha,Rabi,Wheat
7.82,0.59,0.69,296,41,419,554,19.8,Loam,Bhavnagar,Rabi,Wheat
7.79,0.29,0.63,314,52,352,573,21.8,Loam,Banaskantha,Rabi,Wheat
7.84,0.54,0.49,302,44,302,457,24.2,Loam,Vadodara,Rabi,Wheat
7.19,0.56,0.75,222,54,363,677,21,Loam,Banaskantha,Rabi,Wheat
7.83,0.21,0.57,341,34,445,616,22.1,Alluvial,Rajkot,Rabi,Wheat
7.72,0.54,0.63,225,47,250,583,25.8,Alluvial,Navsari,Rabi,Wheat
7.62,0.5,0.7,292,42,320,338,27.5,Loam,Bharuch,Rabi,Wheat
7.53,0.5,0.59,325,44,312,447,26.4,Alluvial,Surat,Rabi,Wheat
7.28,0.55,0.81,247,42,324,697,23.8,Loam,Navsari,Rabi,Wheat
7.15,0.21,0.72,320,58,252,467,27.6,Loam,Anand,Rabi,Wheat
7.87,0.22,0.63,337,31,351,504,20.9,Loam,Junagadh,Rabi,Wheat
7.81,0.31,0.69,284,41,383,353,25.7,Loam,Mehsana,Rabi,Wheat
7.85,0.54,0.54,230,40,373,456,24.7,Loam,Banaskantha,Rabi,Wheat
7.51,0.48,0.83,247,47,338,512,27.8,Loam,Junagadh,Rabi,Wheat
6.98,0.78,0.8,223,31,250,408,18.5,Alluvial,Bhavnagar,Rabi,Wheat
7.27,0.61,0.5,311,50,302,308,27.1,Alluvial,Ahmedabad,Rabi,Wheat
7.15,0.53,0.8,269,56,362,577,24.6,Alluvial,Ahmedabad,Rabi,Wheat
7.34,0.23,0.79,224,50,280,571,22.7,Alluvial,Surendranagar,Rabi,Wheat
7.57,0.22,0.5,272,43,345,652,19.2,Loam,Navsari,Rabi,Wheat
7.9,0.38,0.89,253,49,402,322,21.9,Alluvial,Kutch,Rabi,Wheat
7.21,0.45,0.86,322,56,345,384,21,Loam,Ahmedabad,Rabi,Wheat
6.97,0.67,0.5,308,49,402,523,26.7,Loam,Vadodara,Rabi,Wheat
7.92,0.66,0.53,266,33,405,304,21.3,Loam,Surendranagar,Rabi,Wheat
7.56,0.6,0.65,227,38,377,457,22.8,Alluvial,Navsari,Rabi,Wheat
7.45,0.61,0.6,277,49,361,467,19.7,Loam,Mehsana,Rabi,Wheat
7.07,0.2,0.82,255,39,335,673,21.5,Loam,Amreli,Rabi,Wheat
7.64,0.72,0.72,220,53,313,501,19.3,Loam,Rajkot,Rabi,Wheat
7.92,0.24,0.77,340,37,449,627,19.4,Alluvial,Gandhinagar,Rabi,Wheat
6.99,0.66,0.69,283,49,338,584,21.2,Alluvial,Mehsana,Rabi,Wheat
7.19,0.31,0.75,263,51,338,371,25.1,Alluvial,Rajkot,Rabi,Wheat
7.29,0.79,0.6,314,49,271,529,18.7,Alluvial,Surendranagar,Rabi,Wheat
6.86,0.71,0.47,298,49,273,432,22.5,Alluvial,Navsari,Rabi,Wheat
7.37,0.66,0.74,311,54,286,452,22.4,Alluvial,Rajkot,Rabi,Wheat
7.8,0.71,0.5,296,52,396,535,20,Alluvial,Anand,Rabi,Wheat
7.88,0.32,0.6,345,46,386,315,20.2,Loam,Mehsana,Rabi,Wheat
7.06,0.25,0.8,271,37,414,566,27.2,Loam,Ahmedabad,Rabi,Wheat
7.92,0.51,0.68,264,55,392,334,21.5,Loam,Gandhinagar,Rabi,Wheat
7.45,0.32,0.58,331,35,330,650,18.6,Loam,Rajkot,Rabi,Wheat
7.33,0.38,0.6,274,59,333,673,20.3,Loam,Rajkot,Rabi,Wheat
7.41,0.72,0.61,342,36,324,442,26.7,Alluvial,Rajkot,Rabi,Wheat
7.68,0.47,0.62,261,48,351,601,27.3,Alluvial,Surat,Rabi,Wheat
7.05,0.44,0.71,285,58,346,622,25.9,Alluvial,Surendranagar,Rabi,Wheat
7.21,0.57,0.71,227,52,259,357,18.5,Alluvial,Gandhinagar,Rabi,Wheat
7.07,0.21,0.86,307,35,274,660,18.8,Alluvial,Kutch,Rabi,Wheat
7.43,0.74,0.53,295,42,320,676,27.4,Alluvial,Banaskantha,Rabi,Wheat
7.7,0.74,0.75,337,48,344,524,19.7,Alluvial,Anand,Rabi,Wheat
7.73,0.49,0.74,309,54,383,364,27.5,Loam,Anand,Rabi,Wheat
7.51,0.31,0.48,338,53,387,611,24.6,Loam,Anand,Rabi,Wheat
6.97,0.52,0.53,335,58,270,536,18.1,Alluvial,Bharuch,Rabi,Wheat
7.5,0.38,0.88,304,55,275,436,25.9,Loam,Ahmedabad,Rabi,Wheat
7.4,0.72,0.69,320,46,276,342,19.8,Loam,Kutch,Rabi,Wheat
6.84,0.52,0.6,331,57,387,358,25.8,Loam,Banaskantha,Rabi,Wheat
7.98,0.5,0.69,290,60,336,595,18.1,Loam,Bhavnagar,Rabi,Wheat
7.75,0.59,0.84,262,56,276,527,22.7,Loam,Vadodara,Rabi,Wheat
7.18,0.54,0.64,328,48,303,413,26.2,Alluvial,Rajkot,Rabi,Wheat
7.55,0.59,0.79,225,54,434,537,27.6,Loam,Bharuch,Rabi,Wheat
7.8,0.39,0.51,321,30,441,681,19.2,Loam,Bharuch,Rabi,Wheat
7.5,0.21,0.88,252,57,396,542,21.1,Alluvial,Vadodara,Rabi,Wheat
6.95,0.63,0.47,235,52,385,467,26.3,Loam,Anand,Rabi,Wheat
7.4,0.27,0.58,235,58,284,453,20.1,Alluvial,Surat,Rabi,Wheat
7.28,0.74,0.87,347,36,347,687,22,Alluvial,Rajkot,Rabi,Wheat
7.06,0.41,0.77,322,48,312,407,21.5,Loam,Bhavnagar,Rabi,Wheat
6.81,0.4,0.59,330,32,343,624,27.6,Alluvial,Kutch,Rabi,Wheat
7.1,0.59,0.84,316,37,399,549,23.7,Alluvial,Vadodara,Rabi,Wheat
7.75,0.27,0.62,283,42,423,614,18.4,Loam,Anand,Rabi,Wheat
7.41,0.34,0.67,336,30,290,578,23.9,Alluvial,Ahmedabad,Rabi,Wheat
6.81,0.75,0.58,241,42,315,431,18.7,Alluvial,Rajkot,Rabi,Wheat
6.84,0.26,0.9,338,60,332,624,26.9,Alluvial,Mehsana,Rabi,Wheat
7.85,0.58,0.58,287,31,345,363,18.4,Loam,Amreli,Rabi,Wheat
7.39,0.33,0.57,344,43,303,516,19.3,Loam,Navsari,Rabi,Wheat
7.56,0.61,0.65,278,48,331,408,27.3,Alluvial,Banaskantha,Rabi,Wheat
7.76,0.45,0.63,220,48,294,388,23.1,Alluvial,Banaskantha,Rabi,Wheat
7.41,0.66,0.84,309,33,430,421,26.3,Alluvial,Mehsana,Rabi,Wheat
7.7,0.47,0.83,251,44,318,400,18.2,Alluvial,Bharuch,Rabi,Wheat
7.46,0.54,0.5,247,54,348,438,25.8,Loam,Surat,Rabi,Wheat
7.17,0.32,0.68,236,46,376,405,23.5,Alluvial,Kutch,Rabi,Wheat
7.7,0.78,0.55,279,36,353,445,25.6,Alluvial,Junagadh,Rabi,Wheat
7.8,0.26,0.77,223,49,278,478,19.9,Alluvial,Junagadh,Rabi,Wheat
7.02,0.28,0.51,287,55,292,320,27.2,Loam,Kutch,Rabi,Wheat
7.82,0.72,0.55,241,49,258,670,24.5,Alluvial,Gandhinagar,Rabi,Wheat
6.96,0.36,0.58,225,31,431,653,22.9,Alluvial,Rajkot,Rabi,Wheat
7.48,0.3,0.62,281,56,391,629,18.8,Alluvial,Bhavnagar,Rabi,Wheat
7.54,0.26,0.74,256,34,442,441,23.4,Alluvial,Junagadh,Rabi,Wheat
7.5,0.64,0.66,319,38,397,508,20,Loam,Vadodara,Rabi,Wheat
6.89,0.5,0.58,256,35,324,307,20.7,Loam,Amreli,Rabi,Wheat
7.3,0.26,0.82,233,31,299,456,21.8,Alluvial,Rajkot,Rabi,Wheat
7.63,0.33,0.66,258,47,352,529,24.9,Loam,Junagadh,Rabi,Wheat
7.92,0.29,0.47,305,54,310,500,26.9,Alluvial,Bhavnagar,Rabi,Wheat
6.96,0.54,0.54,227,30,336,538,22.8,Alluvial,Junagadh,Rabi,Wheat
6.87,0.5,0.51,223,30,368,410,24.2,Loam,Surat,Rabi,Wheat
7.7,0.22,0.65,261,32,277,404,23.4,Alluvial,Banaskantha,Rabi,Wheat
6.85,0.51,0.85,319,45,286,395,19.2,Alluvial,Vadodara,Rabi,Wheat
7.84,0.63,0.58,324,55,278,553,19.1,Loam,Mehsana,Rabi,Wheat
7.77,0.78,0.66,221,44,315,456,20.4,Loam,Amreli,Rabi,Wheat
7.79,0.66,0.58,253,35,342,373,18.9,Alluvial,Junagadh,Rabi,Wheat
6.97,0.31,0.86,289,54,271,372,27.5,Loam,Banaskantha,Rabi,Wheat
7.13,0.65,0.65,341,58,296,492,24.2,Loam,Kutch,Rabi,Wheat
7.02,0.58,0.61,244,37,283,540,22.1,Alluvial,Banaskantha,Rabi,Wheat
7.78,0.63,0.46,254,38,338,654,21.6,Alluvial,Rajkot,Rabi,Wheat
7.26,0.28,0.5,248,40,387,597,27.2,Loam,Amreli,Rabi,Wheat
7.77,0.52,0.63,293,53,405,574,26.8,Alluvial,Gandhinagar,Rabi,Wheat
7.47,0.67,0.86,327,34,304,537,21.8,Loam,Surendranagar,Rabi,Wheat
6.81,0.52,0.59,286,30,380,683,20.3,Loam,Banaskantha,Rabi,Wheat
6.93,0.22,0.58,253,32,361,453,18.4,Alluvial,Banaskantha,Rabi,Wheat
7.68,0.66,0.87,271,42,405,673,24.3,Loam,Bharuch,Rabi,Wheat
7.19,0.34,0.69,350,43,319,529,27.4,Loam,Mehsana,Rabi,Wheat
6.99,0.33,0.88,325,40,320,521,19.9,Loam,Amreli,Rabi,Wheat
6.88,0.3,0.78,345,51,440,375,26.7,Alluvial,Surendranagar,Rabi,Wheat
7.19,0.73,0.79,220,31,255,309,23.5,Alluvial,Surat,Rabi,Wheat
7.75,0.65,0.9,336,37,401,356,24.1,Loam,Mehsana,Rabi,Wheat
7.43,0.66,0.71,243,33,314,360,22.1,Loam,Junagadh,Rabi,Wheat
7.5,0.71,0.49,258,56,310,371,24.9,Loam,Surendranagar,Rabi,Wheat
7.35,0.7,0.75,337,53,433,616,18.4,Loam,Mehsana,Rabi,Wheat
7.75,0.4,0.69,241,60,390,517,22.8,Alluvial,Ahmedabad,Rabi,Wheat
7.09,0.23,0.86,290,51,306,427,22.3,Loam,Bhavnagar,Rabi,Wheat
7.8,0.77,0.49,244,46,271,462,18.9,Alluvial,Bhavnagar,Rabi,Wheat
7.11,0.5,0.79,299,34,254,396,24.4,Loam,Rajkot,Rabi,Wheat
7.24,0.39,0.56,325,43,257,528,21.2,Alluvial,Navsari,Rabi,Wheat
7.5,0.62,0.84,330,44,287,666,18.5,Loam,Mehsana,Rabi,Wheat
6.97,0.73,0.77,255,52,447,576,27.1,Loam,Surendranagar,Rabi,Wheat
6.97,0.33,0.65,293,60,250,376,27.6,Alluvial,Amreli,Rabi,Wheat
6.84,0.41,0.85,347,38,426,466,27,Alluvial,Surat,Rabi,Wheat
7.75,0.42,0.89,325,39,290,413,21.4,Alluvial,Junagadh,Rabi,Wheat
6.81,0.25,0.73,255,47,429,469,19.1,Loam,Kutch,Rabi,Wheat
7.3,0.24,0.53,303,41,394,309,20.9,Alluvial,Rajkot,Rabi,Wheat
7.86,0.24,0.72,276,31,317,518,22.1,Loam,Rajkot,Rabi,Wheat
6.95,0.35,0.51,242,30,272,670,26.8,Loam,Surat,Rabi,Wheat
7.98,0.28,0.78,329,32,339,345,19.3,Alluvial,Mehsana,Rabi,Wheat
7.66,0.21,0.78,331,54,333,414,27.6,Alluvial,Navsari,Rabi,Wheat
7.26,0.23,0.84,265,58,286,525,22.2,Loam,Anand,Rabi,Wheat
7.56,0.43,0.88,247,49,272,470,20.4,Alluvial,Gandhinagar,Rabi,Wheat
7.66,0.68,0.89,299,45,288,432,20.3,Alluvial,Rajkot,Rabi,Wheat
7.39,0.45,0.53,301,54,275,683,24.8,Alluvial,Kutch,Rabi,Wheat
7.94,0.44,0.89,350,42,357,660,26.1,Alluvial,Surendranagar,Rabi,Wheat
7.64,0.44,0.52,253,38,269,618,26.8,Alluvial,Anand,Rabi,Wheat
7.45,0.51,0.83,295,45,369,341,24.6,Loam,Kutch,Rabi,Wheat
7.05,0.21,0.64,247,55,380,455,23,Alluvial,Navsari,Rabi,Wheat
7.97,0.28,0.59,289,55,303,457,18.5,Alluvial,Surendranagar,Rabi,Wheat
7.69,0.43,0.52,248,34,272,472,25.9,Alluvial,Anand,Rabi,Wheat
7.1,0.64,0.61,311,38,397,388,18.2,Alluvial,Kutch,Rabi,Wheat
7.63,0.68,0.74,242,54,281,351,24.7,Alluvial,Bharuch,Rabi,Wheat
7.03,0.53,0.69,338,37,250,642,22.3,Alluvial,Surat,Rabi,Wheat
7.2,0.55,0.58,348,55,295,670,18.6,Alluvial,Banaskantha,Rabi,Wheat
7.76,0.52,0.9,323,38,448,309,21.5,Loam,Anand,Rabi,Wheat
6.92,0.23,0.49,314,39,300,636,25.5,Loam,Bharuch,Rabi,Wheat
7.67,0.35,0.46,322,31,329,612,25.4,Alluvial,Junagadh,Rabi,Wheat
7.79,0.34,0.51,349,42,263,329,20,Loam,Bhavnagar,Rabi,Wheat
7.04,0.56,0.7,232,32,272,441,18.3,Loam,Surat,Rabi,Wheat
7.16,0.76,0.82,281,33,442,653,23,Loam,Banaskantha,Rabi,Wheat
7.79,0.66,0.7,231,54,441,353,26.8,Alluvial,Surendranagar,Rabi,Wheat
7.91,0.66,0.87,233,53,379,432,19,Alluvial,Anand,Rabi,Wheat
7.97,0.48,0.69,313,59,252,621,19.2,Loam,Gandhinagar,Rabi,Wheat
7.21,0.4,0.52,250,30,370,385,23.6,Alluvial,Mehsana,Rabi,Wheat
7.69,0.48,0.8,234,52,308,539,19.1,Alluvial,Rajkot,Rabi,Wheat
7.31,0.53,0.68,340,56,289,366,26.9,Alluvial,Navsari,Rabi,Wheat
7.38,0.66,0.69,344,40,308,320,22.5,Alluvial,Mehsana,Rabi,Wheat
7.84,0.74,0.45,293,47,253,644,25.2,Alluvial,Bharuch,Rabi,Wheat
7.22,0.72,0.68,223,35,416,431,24.7,Alluvial,Surat,Rabi,Wheat
7.76,0.28,0.84,267,35,281,500,23.9,Alluvial,Banaskantha,Rabi,Wheat
7.6,0.43,0.61,336,38,351,641,22.7,Alluvial,Bharuch,Rabi,Wheat
7.33,0.61,0.48,250,37,397,486,25,Loam,Rajkot,Rabi,Wheat
7.19,0.64,0.83,296,56,287,498,18.7,Alluvial,Surendranagar,Rabi,Wheat
6.81,0.32,0.47,286,58,450,380,20.8,Loam,Bhavnagar,Rabi,Wheat
7.7,0.27,0.69,276,48,285,447,23.4,Alluvial,Mehsana,Rabi,Wheat
6.88,0.21,0.59,247,53,358,607,26.1,Loam,Anand,Rabi,Wheat
6.82,0.71,0.47,245,41,268,493,22.8,Alluvial,Bharuch,Rabi,Wheat
7.77,0.53,0.62,294,42,432,425,20.3,Alluvial,Surat,Rabi,Wheat
7.17,0.25,0.45,224,56,280,689,20.8,Alluvial,Ahmedabad,Rabi,Wheat
7.11,0.8,0.67,328,57,281,463,22.7,Alluvial,Vadodara,Rabi,Wheat
7.69,0.75,0.5,239,58,364,552,21.3,Loam,Amreli,Rabi,Wheat
7.08,0.42,0.7,349,33,337,485,20.6,Alluvial,Anand,Rabi,Wheat
7.93,0.23,0.75,338,35,308,675,21.8,Loam,Navsari,Rabi,Wheat
7.74,0.46,0.78,314,54,321,516,25.7,Alluvial,Amreli,Rabi,Wheat
6.84,0.24,0.5,337,36,265,556,22.6,Alluvial,Ahmedabad,Rabi,Wheat
7.77,0.65,0.67,278,45,420,670,18.6,Loam,Gandhinagar,Rabi,Wheat
7.18,0.79,0.69,267,58,363,451,26.2,Alluvial,Mehsana,Rabi,Wheat
7.82,0.62,0.75,318,31,291,588,19.7,Alluvial,Bharuch,Rabi,Wheat
7.7,0.61,0.63,257,58,365,395,23.6,Alluvial,Junagadh,Rabi,Wheat
7.34,0.46,0.51,334,50,346,649,20.1,Alluvial,Rajkot,Rabi,Wheat
7.83,0.62,0.87,273,53,390,505,22.8,Loam,Vadodara,Rabi,Wheat
7.52,0.33,0.69,349,56,371,610,18.5,Loam,Bharuch,Rabi,Wheat
7.12,0.75,0.69,320,48,423,419,19.8,Alluvial,Bharuch,Rabi,Wheat
7.24,0.34,0.45,226,51,384,609,25.7,Alluvial,Surat,Rabi,Wheat
7.49,0.65,0.88,303,49,365,519,27.5,Loam,Vadodara,Rabi,Wheat
7.03,0.59,0.59,335,31,438,542,23,Alluvial,Gandhinagar,Rabi,Wheat
7.65,0.41,0.52,239,48,430,314,20.4,Alluvial,Amreli,Rabi,Wheat
7.81,0.49,0.84,253,44,436,405,19.8,Loam,Amreli,Rabi,Wheat
7.93,0.29,0.5,239,56,368,489,24.5,Alluvial,Ahmedabad,Rabi,Wheat
7.53,0.78,0.5,262,31,449,450,19.6,Alluvial,Rajkot,Rabi,Wheat
7.15,0.7,0.63,279,31,345,389,27.4,Alluvial,Banaskantha,Rabi,Wheat
6.81,0.55,0.81,267,30,296,682,22.1,Loam,Rajkot,Rabi,Wheat
8,0.73,0.53,321,38,376,339,18.6,Loam,Anand,Rabi,Wheat
6.89,0.48,0.85,224,59,305,341,22,Loam,Gandhinagar,Rabi,Wheat
7.86,0.22,0.6,222,60,258,449,23.8,Loam,Amreli,Rabi,Wheat
7.3,0.48,0.56,291,42,397,414,26.5,Alluvial,Amreli,Rabi,Wheat
7.48,0.67,0.64,281,59,392,302,23.4,Loam,Bhavnagar,Rabi,Wheat
7.28,0.76,0.57,260,58,339,615,25.3,Alluvial,Rajkot,Rabi,Wheat
7.64,0.33,0.72,252,44,429,380,27.9,Alluvial,Amreli,Rabi,Wheat
7.45,0.25,0.85,250,56,349,413,21.5,Loam,Navsari,Rabi,Wheat
7.97,0.54,0.64,252,56,360,667,22.2,Alluvial,Kutch,Rabi,Wheat
7.2,0.3,0.84,297,41,302,601,22.9,Alluvial,Junagadh,Rabi,Wheat
7.34,0.2,0.84,331,39,250,514,25.5,Alluvial,Bharuch,Rabi,Wheat
7.3,0.72,0.53,222,51,433,352,23.7,Loam,Banaskantha,Rabi,Wheat
6.86,0.31,0.48,315,54,326,421,24.2,Alluvial,Navsari,Rabi,Wheat
7.45,0.75,0.71,264,58,290,478,27.6,Loam,Surat,Rabi,Wheat
7.01,0.77,0.56,237,31,289,491,27.1,Alluvial,Vadodara,Rabi,Wheat
7.82,0.24,0.73,277,40,322,468,26,Loam,Surat,Rabi,Wheat
7.83,0.55,0.82,292,52,450,406,24.2,Loam,Surat,Rabi,Wheat
7.85,0.38,0.56,261,48,359,367,18.1,Loam,Vadodara,Rabi,Wheat
7.48,0.64,0.9,279,33,282,437,25.5,Loam,Amreli,Rabi,Wheat
7.86,0.23,0.8,320,40,406,607,24.1,Loam,Rajkot,Rabi,Wheat
6.97,0.78,0.63,239,45,367,458,23.9,Alluvial,Amreli,Rabi,Wheat
6.88,0.21,0.53,288,50,273,589,20,Alluvial,Vadodara,Rabi,Wheat
7.55,0.68,0.71,266,42,364,338,25,Loam,Gandhinagar,Rabi,Wheat
7.25,0.63,0.51,328,57,320,542,21.2,Alluvial,Navsari,Rabi,Wheat
7.26,0.74,0.51,226,58,408,517,19.2,Loam,Junagadh,Rabi,Wheat
6.81,0.56,0.75,288,40,285,438,18.6,Loam,Bhavnagar,Rabi,Wheat
6.93,0.41,0.55,304,41,252,462,18.9,Loam,Bhavnagar,Rabi,Wheat
7.73,0.26,0.74,296,37,420,325,23.2,Alluvial,Gandhinagar,Rabi,Wheat
7.9,0.48,0.51,339,49,282,491,24.9,Alluvial,Anand,Rabi,Wheat
6.96,0.78,0.68,280,52,315,621,26,Alluvial,Bhavnagar,Rabi,Wheat
7.92,0.67,0.72,221,39,447,577,22.8,Loam,Ahmedabad,Rabi,Wheat
7.39,0.43,0.71,273,58,310,687,19.7,Alluvial,Vadodara,Rabi,Wheat
6.91,0.72,0.87,262,40,369,666,23.4,Alluvial,Ahmedabad,Rabi,Wheat
7.13,0.73,0.6,348,55,450,483,25.4,Loam,Anand,Rabi,Wheat
7.69,0.3,0.8,331,52,372,369,22,Loam,Junagadh,Rabi,Wheat
7.69,0.36,0.67,263,41,328,410,26.6,Alluvial,Bhavnagar,Rabi,Wheat
7.25,0.67,0.63,260,35,296,479,18.1,Loam,Mehsana,Rabi,Wheat
7.02,0.64,0.75,323,35,443,453,22.5,Alluvial,Surat,Rabi,Wheat
7.51,0.35,0.53,223,32,293,383,20.5,Alluvial,Rajkot,Rabi,Wheat
7.14,0.54,0.72,223,49,429,635,22.2,Loam,Anand,Rabi,Wheat
7.63,0.22,0.63,220,38,337,326,27.6,Alluvial,Ahmedabad,Rabi,Wheat
7.03,0.24,0.83,230,30,433,418,24.1,Loam,Bhavnagar,Rabi,Wheat
7.71,0.54,0.56,271,47,408,390,19.3,Alluvial,Anand,Rabi,Wheat
7.36,0.25,0.72,317,57,251,655,18.5,Loam,Surendranagar,Rabi,Wheat
7.43,0.48,0.75,302,42,321,504,19.1,Alluvial,Anand,Rabi,Wheat
7.81,0.48,0.65,253,42,322,411,25.1,Alluvial,Junagadh,Rabi,Wheat
6.82,0.4,0.66,271,38,358,346,22.4,Alluvial,Kutch,Rabi,Wheat
6.98,0.33,0.5,270,55,355,358,18.1,Alluvial,Navsari,Rabi,Wheat
7.66,0.78,0.58,271,52,275,499,21.5,Alluvial,Rajkot,Rabi,Wheat
7.9,0.32,0.53,340,51,349,567,21.6,Alluvial,Surendranagar,Rabi,Wheat
7.9,0.22,0.84,273,55,314,609,20.9,Loam,Anand,Rabi,Wheat
7.13,0.46,0.48,303,57,337,351,23.1,Alluvial,Junagadh,Rabi,Wheat
8,0.7,0.67,268,35,326,657,19.8,Loam,Navsari,Rabi,Wheat
7.47,0.47,0.57,288,32,446,554,19.7,Alluvial,Vadodara,Rabi,Wheat
7.31,0.4,0.54,319,48,315,529,23.7,Loam,Amreli,Rabi,Wheat
7.23,0.38,0.69,277,42,444,370,22.2,Loam,Navsari,Rabi,Wheat
7.63,0.3,0.68,288,32,417,306,27.8,Loam,Banaskantha,Rabi,Wheat
7.21,0.5,0.6,300,45,439,437,19.7,Alluvial,Bhavnagar,Rabi,Wheat
7.13,0.39,0.72,224,56,258,597,25.8,Alluvial,Mehsana,Rabi,Wheat
6.89,0.6,0.47,345,57,415,625,22.1,Loam,Navsari,Rabi,Wheat
7.07,0.5,0.86,287,38,304,534,18.5,Alluvial,Rajkot,Rabi,Wheat
7.45,0.47,0.74,309,58,356,431,27,Alluvial,Amreli,Rabi,Wheat
7.62,0.43,0.56,237,41,418,452,26.8,Loam,Mehsana,Rabi,Wheat
7.25,0.51,0.72,228,60,265,376,22.5,Loam,Banaskantha,Rabi,Wheat
7.81,0.21,0.68,305,31,428,532,24.5,Alluvial,Junagadh,Rabi,Wheat
7.15,0.34,0.64,329,31,336,318,20.3,Loam,Gandhinagar,Rabi,Wheat
7.12,0.45,0.68,274,30,351,547,24.4,Loam,Junagadh,Rabi,Wheat
7.78,0.48,0.81,250,47,284,393,25.3,Alluvial,Ahmedabad,Rabi,Wheat
7.87,0.49,0.71,291,54,270,614,18.2,Alluvial,Mehsana,Rabi,Wheat
7.58,0.46,0.55,304,51,403,323,21.9,Loam,Banaskantha,Rabi,Wheat
7.3,0.38,0.82,348,54,373,504,18.2,Alluvial,Bharuch,Rabi,Wheat
7.99,0.39,0.46,297,48,285,371,26.3,Alluvial,Junagadh,Rabi,Wheat
7.11,0.71,0.64,239,47,352,649,25.2,Loam,Ahmedabad,Rabi,Wheat
7.27,0.31,0.48,237,42,445,383,23.8,Loam,Gandhinagar,Rabi,Wheat
7.03,0.69,0.71,350,56,407,341,24.7,Loam,Gandhinagar,Rabi,Wheat
6.94,0.29,0.77,272,54,309,537,18.9,Loam,Mehsana,Rabi,Wheat
7.31,0.7,0.72,263,42,400,449,19.6,Loam,Bhavnagar,Rabi,Wheat
7.63,0.52,0.88,280,58,272,645,25.7,Alluvial,Navsari,Rabi,Wheat
7.62,0.58,0.76,248,39,341,696,23.7,Alluvial,Gandhinagar,Rabi,Wheat
6.83,0.43,0.53,307,56,387,524,19.9,Alluvial,Navsari,Rabi,Wheat
8,0.52,0.88,289,37,393,562,25.4,Alluvial,Kutch,Rabi,Wheat
7.74,0.69,0.76,239,44,435,575,19.1,Alluvial,Mehsana,Rabi,Wheat
7.83,0.2,0.74,289,51,306,647,19.1,Loam,Rajkot,Rabi,Wheat
7.26,0.71,0.85,256,58,417,561,18.9,Loam,Surat,Rabi,Wheat
7.93,0.66,0.5,233,59,403,379,22.1,Alluvial,Junagadh,Rabi,Wheat
7.34,0.23,0.46,228,46,413,333,22.5,Alluvial,Amreli,Rabi,Wheat
7.43,0.56,0.64,264,50,447,451,26.3,Alluvial,Bharuch,Rabi,Wheat
7.94,0.6,0.46,257,46,379,637,23.8,Alluvial,Banaskantha,Rabi,Wheat
7.02,0.59,0.73,242,32,357,576,18,Loam,Bhavnagar,Rabi,Wheat
7.52,0.74,0.84,263,55,370,507,21.9,Loam,Mehsana,Rabi,Wheat
6.84,0.28,0.46,250,44,264,625,25.6,Loam,Surendranagar,Rabi,Wheat
7.31,0.6,0.85,291,38,305,466,26,Alluvial,Kutch,Rabi,Wheat
7.58,0.59,0.6,344,58,251,341,19.8,Alluvial,Bharuch,Rabi,Wheat
7.59,0.59,0.58,315,36,354,605,18.2,Loam,Surendranagar,Rabi,Wheat
6.99,0.33,0.61,222,35,391,436,23.7,Alluvial,Anand,Rabi,Wheat
7.78,0.62,0.56,316,50,444,529,18,Alluvial,Surat,Rabi,Wheat
7.25,0.28,0.79,298,31,340,481,20.2,Alluvial,Navsari,Rabi,Wheat
7.4,0.25,0.69,332,55,344,698,27.4,Loam,Surat,Rabi,Wheat
7.85,0.7,0.57,350,47,287,360,21.5,Alluvial,Gandhinagar,Rabi,Wheat
7.1,0.42,0.87,322,43,288,401,27.6,Loam,Ahmedabad,Rabi,Wheat
6.85,0.44,0.66,324,39,399,337,19.3,Alluvial,Banaskantha,Rabi,Wheat
7.78,0.78,0.83,264,34,441,325,27.5,Loam,Banaskantha,Rabi,Wheat
7.43,0.31,0.88,252,30,348,513,22,Alluvial,Surendranagar,Rabi,Wheat
7.48,0.44,0.54,308,42,406,602,27.1,Loam,Banaskantha,Rabi,Wheat
7.9,0.56,0.88,283,36,332,684,23.5,Alluvial,Anand,Rabi,Wheat
7.97,0.53,0.66,346,44,406,395,21.7,Alluvial,Junagadh,Rabi,Wheat
7.16,0.35,0.69,232,46,314,611,26.1,Loam,Vadodara,Rabi,Wheat
7.04,0.52,0.54,241,34,282,506,18.1,Loam,Surendranagar,Rabi,Wheat
6.88,0.38,0.74,339,59,352,375,26.4,Loam,Bharuch,Rabi,Wheat
7.17,0.59,0.55,228,57,322,674,27.4,Loam,Surat,Rabi,Wheat
7.16,0.21,0.68,346,40,288,625,26.4,Alluvial,Amreli,Rabi,Wheat
6.84,0.57,0.65,303,56,421,496,21,Loam,Navsari,Rabi,Wheat
7.89,0.4,0.89,258,31,382,393,20.3,Loam,Junagadh,Rabi,Wheat
7.48,0.49,0.64,246,49,316,586,27.1,Alluvial,Amreli,Rabi,Wheat
7.9,0.54,0.89,228,50,344,505,23.3,Loam,Rajkot,Rabi,Wheat
7.37,0.42,0.73,220,44,407,509,22.1,Alluvial,Banaskantha,Rabi,Wheat
7.2,0.49,0.79,294,57,251,458,20.5,Alluvial,Gandhinagar,Rabi,Wheat
7.11,0.63,0.59,238,51,299,546,24.6,Alluvial,Anand,Rabi,Wheat
7.29,0.21,0.67,346,36,414,386,18.7,Alluvial,Junagadh,Rabi,Wheat
7.07,0.25,0.71,265,60,261,375,25,Loam,Banaskantha,Rabi,Wheat
7.04,0.49,0.54,230,36,326,674,19.8,Alluvial,Anand,Rabi,Wheat
8,0.37,0.65,220,54,319,552,22.3,Alluvial,Bhavnagar,Rabi,Wheat
7.95,0.45,0.51,277,40,266,302,24.9,Alluvial,Ahmedabad,Rabi,Wheat
7.19,0.67,0.72,340,50,258,652,23.6,Alluvial,Rajkot,Rabi,Wheat
7.38,0.34,0.75,308,32,318,480,21.8,Alluvial,Junagadh,Rabi,Wheat
7.53,0.24,0.81,350,30,338,477,23.4,Loam,Bhavnagar,Rabi,Wheat
7.68,0.26,0.85,335,38,319,667,26,Alluvial,Kutch,Rabi,Wheat
7.24,0.56,0.5,321,31,415,551,26.2,Loam,Junagadh,Rabi,Wheat
7.14,0.55,0.85,223,52,329,463,26.9,Loam,Mehsana,Rabi,Wheat
7.13,0.21,0.79,258,35,270,576,18.2,Loam,Banaskantha,Rabi,Wheat
7.26,0.66,0.8,230,37,381,490,27.2,Alluvial,Kutch,Rabi,Wheat
7.94,0.58,0.76,225,51,363,573,23.4,Loam,Ahmedabad,Rabi,Wheat
7.19,0.56,0.6,317,39,427,523,25.1,Loam,Anand,Rabi,Wheat
7.04,0.34,0.77,253,36,264,397,24,Alluvial,Navsari,Rabi,Wheat
7.12,0.21,0.86,233,54,446,521,22.9,Alluvial,Junagadh,Rabi,Wheat
7.52,0.22,0.76,250,49,429,614,18.9,Alluvial,Anand,Rabi,Wheat
7.07,0.26,0.76,257,55,349,493,19,Alluvial,Mehsana,Rabi,Wheat
7.13,0.4,0.47,261,55,352,423,19.9,Loam,Rajkot,Rabi,Wheat
7.51,0.44,0.58,336,55,425,644,27.9,Loam,Junagadh,Rabi,Wheat
7.18,0.56,0.66,221,45,372,439,21.6,Alluvial,Navsari,Rabi,Wheat
7.38,0.62,0.81,255,59,413,400,18.8,Loam,Navsari,Rabi,Wheat
7.27,0.24,0.73,306,53,312,595,20.7,Alluvial,Bharuch,Rabi,Wheat
7.26,0.44,0.84,266,37,333,659,25.6,Alluvial,Surendranagar,Rabi,Wheat
6.8,0.34,0.46,318,32,439,573,21,Loam,Vadodara,Rabi,Wheat
7.38,0.53,0.65,275,59,349,564,22,Alluvial,Surendranagar,Rabi,Wheat
7.78,0.44,0.47,321,37,361,304,21.7,Loam,Bhavnagar,Rabi,Wheat
7.44,0.58,0.74,329,38,252,619,23.5,Loam,Junagadh,Rabi,Wheat
7.83,0.55,0.72,262,31,439,421,24.4,Loam,Vadodara,Rabi,Wheat
6.96,0.56,0.6,271,54,367,687,21.7,Alluvial,Bhavnagar,Rabi,Wheat
7.52,0.34,0.5,267,42,260,325,24.2,Alluvial,Junagadh,Rabi,Wheat
6.96,0.78,0.61,346,59,325,638,21.2,Alluvial,Kutch,Rabi,Wheat
7.51,0.28,0.59,292,52,323,468,20.3,Loam,Rajkot,Rabi,Wheat
7.47,0.58,0.5,319,41,411,479,23.3,Alluvial,Surendranagar,Rabi,Wheat
7.81,0.37,0.6,323,35,292,605,25.9,Alluvial,Amreli,Rabi,Wheat
6.95,0.57,0.47,324,42,253,420,27.7,Alluvial,Rajkot,Rabi,Wheat
7.77,0.7,0.59,328,30,364,305,21,Loam,Bharuch,Rabi,Wheat
7.31,0.75,0.46,270,41,266,487,23,Loam,Rajkot,Rabi,Wheat
7.25,0.32,0.45,332,37,423,671,24.3,Loam,Ahmedabad,Rabi,Wheat
7.4,0.26,0.64,308,46,362,592,18.6,Loam,Amreli,Rabi,Wheat
7.11,0.25,0.56,303,39,363,590,20.7,Alluvial,Navsari,Rabi,Wheat
7.68,0.42,0.49,301,52,369,598,18.5,Alluvial,Rajkot,Rabi,Wheat
7.49,0.64,0.79,321,43,440,453,26.5,Alluvial,Banaskantha,Rabi,Wheat
7.06,0.4,0.85,280,36,332,665,24.1,Alluvial,Kutch,Rabi,Wheat
7.6,0.48,0.7,221,41,425,539,18.5,Loam,Surat,Rabi,Wheat
7.99,0.62,0.83,242,47,317,425,26.6,Loam,Banaskantha,Rabi,Wheat
7.02,0.22,0.61,345,37,305,397,26.5,Loam,Bhavnagar,Rabi,Wheat
7.65,0.62,0.55,254,36,394,507,20.9,Loam,Amreli,Rabi,Wheat
7.84,0.75,0.59,261,56,351,535,21.8,Loam,Navsari,Rabi,Wheat
7,0.48,0.56,260,37,434,573,26.7,Loam,Junagadh,Rabi,Wheat
6.96,0.61,0.46,244,38,426,300,18.7,Loam,Surat,Rabi,Wheat
7.71,0.31,0.58,255,36,326,553,24.6,Loam,Surendranagar,Rabi,Wheat
7.53,0.68,0.67,302,57,271,468,26.4,Alluvial,Amreli,Rabi,Wheat
7.88,0.23,0.87,302,43,395,653,24.1,Loam,Surat,Rabi,Wheat
7.46,0.33,0.46,320,55,322,425,20.1,Loam,Amreli,Rabi,Wheat
7.73,0.46,0.73,258,59,282,552,22.5,Alluvial,Surat,Rabi,Wheat
7.04,0.25,0.85,349,52,258,503,22,Alluvial,Bhavnagar,Rabi,Wheat
7.37,0.76,0.65,273,47,342,326,20.4,Loam,Vadodara,Rabi,Wheat
7.54,0.3,0.68,297,34,411,447,18.8,Loam,Kutch,Rabi,Wheat
7.37,0.62,0.78,253,58,376,438,18.2,Alluvial,Gandhinagar,Rabi,Wheat
7.74,0.42,0.53,336,43,285,490,23.7,Loam,Anand,Rabi,Wheat
7.91,0.7,0.46,230,37,430,507,19.9,Alluvial,Kutch,Rabi,Wheat
7.82,0.69,0.63,287,60,355,673,18.7,Alluvial,Navsari,Rabi,Wheat
7.18,0.49,0.71,246,46,305,600,25,Alluvial,Bhavnagar,Rabi,Wheat
7.49,0.53,0.58,239,38,403,661,23.1,Loam,Banaskantha,Rabi,Wheat
7.69,0.73,0.82,223,57,322,605,25,Loam,Amreli,Rabi,Wheat
7.79,0.67,0.65,275,34,283,681,20.2,Alluvial,Surendranagar,Rabi,Wheat
7.26,0.28,0.52,239,51,276,468,24.2,Alluvial,Surat,Rabi,Wheat
7.1,0.2,0.48,335,43,439,657,27.9,Loam,Amreli,Rabi,Wheat
7.89,0.69,0.89,297,60,377,453,19.7,Loam,Vadodara,Rabi,Wheat
7.28,0.48,0.68,345,32,381,696,23,Loam,Surendranagar,Rabi,Wheat
7.96,0.32,0.69,343,31,334,636,23.5,Alluvial,Rajkot,Rabi,Wheat
7.27,0.23,0.76,271,52,435,430,23.8,Alluvial,Ahmedabad,Rabi,Wheat
7.17,0.65,0.71,289,42,256,685,24.8,Alluvial,Kutch,Rabi,Wheat
7.33,0.36,0.8,319,36,423,577,20.4,Loam,Anand,Rabi,Wheat
7.55,0.75,0.52,321,55,280,325,26.4,Loam,Banaskantha,Rabi,Wheat
7.86,0.45,0.62,253,30,275,514,21.2,Alluvial,Bhavnagar,Rabi,Wheat
7.34,0.5,0.88,304,45,420,567,27.5,Alluvial,Vadodara,Rabi,Wheat
7.7,0.42,0.67,245,60,294,430,22.7,Alluvial,Junagadh,Rabi,Wheat
6.81,0.43,0.65,326,55,385,367,20.9,Loam,Vadodara,Rabi,Wheat
6.89,0.43,0.56,247,34,294,431,26.6,Alluvial,Rajkot,Rabi,Wheat
7.72,0.55,0.66,295,30,286,403,20,Alluvial,Surendranagar,Rabi,Wheat
7.44,0.46,0.68,279,56,331,540,26.7,Loam,Gandhinagar,Rabi,Wheat
6.82,0.35,0.54,296,55,318,378,27.2,Alluvial,Junagadh,Rabi,Wheat
7.01,0.68,0.6,232,47,406,676,23.3,Loam,Banaskantha,Rabi,Wheat
7.73,0.37,0.48,288,51,398,306,23.8,Alluvial,Kutch,Rabi,Wheat
6.88,0.56,0.72,344,34,319,472,27.9,Alluvial,Rajkot,Rabi,Wheat
7.05,0.43,0.57,223,39,331,321,22.6,Alluvial,Bharuch,Rabi,Wheat
7.72,0.65,0.67,350,30,396,464,23,Loam,Banaskantha,Rabi,Wheat
7.1,0.21,0.6,231,34,418,521,18,Alluvial,Navsari,Rabi,Wheat
6.98,0.72,0.84,279,32,340,571,24,Loam,Vadodara,Rabi,Wheat
7.42,0.57,0.84,339,36,329,378,18.4,Loam,Banaskantha,Rabi,Wheat
7.69,0.6,0.66,331,44,342,612,21.7,Loam,Kutch,Rabi,Wheat
7.17,0.51,0.64,288,59,425,567,25.2,Loam,Junagadh,Rabi,Wheat
7.4,0.65,0.51,301,55,414,566,26.7,Alluvial,Rajkot,Rabi,Wheat
7.48,0.3,0.74,276,35,359,315,25.4,Alluvial,Bhavnagar,Rabi,Wheat
7.46,0.63,0.79,262,44,357,546,20.9,Loam,Rajkot,Rabi,Wheat
7.82,0.47,0.76,318,42,296,602,20.1,Loam,Vadodara,Rabi,Wheat
6.91,0.69,0.87,243,44,388,556,19.5,Loam,Surendranagar,Rabi,Wheat
7.26,0.42,0.6,299,43,409,580,23.9,Loam,Surendranagar,Rabi,Wheat
7.3,0.29,0.51,256,37,417,542,19.2,Loam,Amreli,Rabi,Wheat
7.86,0.34,0.76,234,31,431,690,27.8,Alluvial,Anand,Rabi,Wheat
7.13,0.68,0.69,334,31,421,582,20.8,Alluvial,Gandhinagar,Rabi,Wheat
7.5,0.62,0.48,333,43,377,460,21.1,Loam,Anand,Rabi,Wheat
7.85,0.53,0.73,230,56,365,683,20.1,Loam,Vadodara,Rabi,Wheat
7.5,0.39,0.72,297,41,380,611,25.6,Alluvial,Amreli,Rabi,Wheat
7.29,0.53,0.68,333,43,302,568,18.2,Loam,Junagadh,Rabi,Wheat
7.62,0.44,0.52,322,51,277,392,19.1,Loam,Kutch,Rabi,Wheat
7.82,0.64,0.7,245,34,395,631,25.9,Alluvial,Anand,Rabi,Wheat
7.59,0.66,0.68,254,56,256,632,26.3,Loam,Surendranagar,Rabi,Wheat
7.28,0.63,0.83,229,57,280,324,22.5,Loam,Surat,Rabi,Wheat
7.38,0.29,0.7,319,47,405,418,20.2,Alluvial,Kutch,Rabi,Wheat
7.16,0.74,0.86,282,52,330,322,22.2,Alluvial,Gandhinagar,Rabi,Wheat
7.41,0.45,0.68,277,36,336,481,24.9,Loam,Bharuch,Rabi,Wheat
7.38,0.34,0.5,263,56,418,411,19,Alluvial,Vadodara,Rabi,Wheat
7.56,0.61,0.8,332,51,258,483,19.3,Loam,Mehsana,Rabi,Wheat
7.37,0.56,0.84,276,46,320,663,26.2,Alluvial,Junagadh,Rabi,Wheat
7.17,0.79,0.69,246,32,329,332,21.1,Alluvial,Junagadh,Rabi,Wheat
7.58,0.62,0.79,278,50,332,325,20,Alluvial,Rajkot,Rabi,Wheat
7.19,0.65,0.82,239,53,259,598,24.4,Alluvial,Banaskantha,Rabi,Wheat
7.34,0.23,0.85,279,50,327,698,24.3,Alluvial,Ahmedabad,Rabi,Wheat
7.41,0.36,0.89,295,30,444,418,26.2,Alluvial,Bhavnagar,Rabi,Wheat
7.83,0.77,0.82,236,43,305,368,24.1,Alluvial,Surat,Rabi,Wheat
7.71,0.5,0.54,250,41,399,555,21.7,Loam,Banaskantha,Rabi,Wheat
7.89,0.6,0.75,279,33,380,501,27.6,Loam,Bhavnagar,Rabi,Wheat
6.85,0.54,0.49,314,59,430,638,21,Loam,Anand,Rabi,Wheat
7.07,0.31,0.49,315,32,390,477,24.3,Alluvial,Mehsana,Rabi,Wheat
7.1,0.46,0.63,339,59,303,453,20.9,Alluvial,Anand,Rabi,Wheat
7.37,0.35,0.53,251,41,440,623,23.7,Alluvial,Kutch,Rabi,Wheat
6.9,0.58,0.57,249,43,266,526,18,Loam,Amreli,Rabi,Wheat
7.88,0.25,0.75,323,48,391,336,24.5,Alluvial,Surendranagar,Rabi,Wheat
8,0.34,0.79,290,51,372,497,25,Loam,Bhavnagar,Rabi,Wheat
7.51,0.69,0.54,344,55,365,447,18.3,Loam,Banaskantha,Rabi,Wheat
7.77,0.72,0.69,293,51,413,423,27.7,Loam,Bharuch,Rabi,Wheat
6.98,0.78,0.74,227,48,435,630,23.9,Loam,Rajkot,Rabi,Wheat
7.47,0.31,0.62,337,33,403,682,21.8,Alluvial,Ahmedabad,Rabi,Wheat
7.32,0.25,0.51,300,53,350,423,20.8,Loam,Amreli,Rabi,Wheat
7.75,0.7,0.51,276,38,407,601,23.4,Loam,Surendranagar,Rabi,Wheat
7.99,0.64,0.89,276,58,357,549,21.6,Loam,Rajkot,Rabi,Wheat
7.37,0.47,0.48,258,50,327,441,26.1,Loam,Navsari,Rabi,Wheat
7.15,0.57,0.55,309,32,367,455,26.5,Alluvial,Ahmedabad,Rabi,Wheat
7.86,0.28,0.81,233,33,390,496,20.5,Loam,Ahmedabad,Rabi,Wheat
7.06,0.54,0.8,311,53,414,495,26.9,Alluvial,Vadodara,Rabi,Wheat
7.5,0.29,0.53,332,42,317,347,21,Loam,Junagadh,Rabi,Wheat
7.06,0.71,0.81,302,30,295,680,26,Alluvial,Rajkot,Rabi,Wheat
7.67,0.79,0.82,289,54,323,649,20.6,Alluvial,Gandhinagar,Rabi,Wheat
6.97,0.52,0.69,220,39,370,686,20.4,Loam,Rajkot,Rabi,Wheat
7.1,0.42,0.62,241,41,425,546,20.9,Loam,Amreli,Rabi,Wheat
7.23,0.27,0.76,337,46,382,538,23.9,Alluvial,Surat,Rabi,Wheat
6.88,0.72,0.45,223,48,332,446,20.4,Alluvial,Kutch,Rabi,Wheat
7.32,0.26,0.54,315,46,263,330,19,Alluvial,Surat,Rabi,Wheat
6.9,0.32,0.49,243,60,266,428,20.3,Alluvial,Mehsana,Rabi,Wheat
7.3,0.58,0.88,223,45,390,339,23.5,Loam,Junagadh,Rabi,Wheat
7.54,0.44,0.69,328,39,282,469,25.6,Loam,Ahmedabad,Rabi,Wheat
7.57,0.59,0.45,329,56,398,636,20,Loam,Vadodara,Rabi,Wheat
7.93,0.31,0.78,223,42,258,327,19.8,Loam,Amreli,Rabi,Wheat
7.95,0.46,0.6,305,59,428,309,24.8,Loam,Amreli,Rabi,Wheat
7.15,0.26,0.58,259,30,353,509,22.8,Loam,Vadodara,Rabi,Wheat
6.89,0.39,0.71,256,30,274,505,22.2,Loam,Surat,Rabi,Wheat
7.82,0.51,0.51,254,38,259,316,27.9,Loam,Anand,Rabi,Wheat
7.97,0.28,0.75,232,41,346,371,24.6,Loam,Kutch,Rabi,Wheat
7.69,0.65,0.83,249,54,303,431,23.3,Loam,Surat,Rabi,Wheat
7.49,0.32,0.74,313,35,382,493,27.6,Loam,Bharuch,Rabi,Wheat
7.06,0.35,0.72,305,56,355,647,20.8,Loam,Surat,Rabi,Wheat
7.17,0.5,0.58,296,49,363,519,25.9,Loam,Navsari,Rabi,Wheat
7.5,0.46,0.54,264,53,263,673,26.1,Alluvial,Surat,Rabi,Wheat
7.32,0.47,0.75,282,38,419,593,23.5,Alluvial,Amreli,Rabi,Wheat
7.55,0.7,0.61,243,40,426,390,28,Alluvial,Vadodara,Rabi,Wheat
7.78,0.54,0.48,344,54,349,380,21.7,Loam,Anand,Rabi,Wheat
7.57,0.24,0.86,326,39,276,436,22.7,Alluvial,Surat,Rabi,Wheat
7.1,0.71,0.76,260,39,363,698,27.9,Alluvial,Surendranagar,Rabi,Wheat
7.72,0.46,0.59,279,40,303,587,23.8,Alluvial,Amreli,Rabi,Wheat
7.71,0.73,0.71,306,53,313,378,20.9,Alluvial,Gandhinagar,Rabi,Wheat
7.91,0.29,0.5,341,32,290,628,22.6,Alluvial,Surat,Rabi,Wheat
7.69,0.53,0.55,289,36,418,446,22.1,Alluvial,Mehsana,Rabi,Wheat
7.7,0.35,0.71,325,55,275,501,25.3,Loam,Navsari,Rabi,Wheat
7.48,0.55,0.56,239,43,274,481,26.6,Loam,Rajkot,Rabi,Wheat
7.27,0.67,0.75,338,32,257,425,18.2,Loam,Gandhinagar,Rabi,Wheat
6.96,0.24,0.76,221,60,274,440,23.4,Alluvial,Anand,Rabi,Wheat
7.38,0.53,0.77,255,42,437,440,23.7,Loam,Amreli,Rabi,Wheat
7.98,0.79,0.63,270,48,446,452,25.8,Alluvial,Ahmedabad,Rabi,Wheat
7.02,0.59,0.83,262,42,429,451,21.4,Alluvial,Surat,Rabi,Wheat
7.9,0.31,0.5,255,53,399,601,24.3,Alluvial,Junagadh,Rabi,Wheat
7.06,0.69,0.57,240,51,278,392,24.4,Alluvial,Bhavnagar,Rabi,Wheat
7.15,0.48,0.73,335,51,256,510,24.8,Loam,Surat,Rabi,Wheat
7.19,0.56,0.46,319,33,293,479,25.9,Loam,Rajkot,Rabi,Wheat
7.28,0.63,0.71,289,53,399,317,25.6,Loam,Surat,Rabi,Wheat
7.07,0.36,0.57,341,59,420,514,26.3,Loam,Kutch,Rabi,Wheat
7.13,0.68,0.58,287,32,436,331,27.6,Alluvial,Gandhinagar,Rabi,Wheat
7.52,0.22,0.9,243,33,352,305,27.8,Loam,Bharuch,Rabi,Wheat
6.83,0.71,0.75,261,58,259,377,23.3,Alluvial,Anand,Rabi,Wheat
7.3,0.27,0.86,228,53,268,617,24,Loam,Navsari,Rabi,Wheat
6.97,0.77,0.8,286,46,440,468,21,Alluvial,Surendranagar,Rabi,Wheat
6.99,0.24,0.59,239,43,265,656,22.8,Loam,Gandhinagar,Rabi,Wheat
7.8,0.76,0.49,317,31,270,465,25.9,Loam,Anand,Rabi,Wheat
7.64,0.25,0.67,272,58,284,700,25.1,Alluvial,Surendranagar,Rabi,Wheat
7.82,0.21,0.51,338,51,251,382,27.7,Loam,Navsari,Rabi,Wheat
6.91,0.28,0.69,296,40,284,548,27.3,Loam,Bharuch,Rabi,Wheat
7.92,0.33,0.65,350,41,375,494,20.9,Alluvial,Surat,Rabi,Wheat
7.53,0.34,0.8,240,31,413,555,21,Loam,Kutch,Rabi,Wheat
7.98,0.27,0.71,293,35,313,628,19.5,Alluvial,Navsari,Rabi,Wheat
7.85,0.25,0.56,305,36,334,326,22.1,Alluvial,Kutch,Rabi,Wheat
7.02,0.24,0.7,308,40,292,465,19.8,Alluvial,Bhavnagar,Rabi,Wheat
7.17,0.25,0.51,313,39,374,668,26.1,Alluvial,Banaskantha,Rabi,Wheat
7.45,0.62,0.57,311,43,349,609,20.8,Loam,Junagadh,Rabi,Wheat
6.84,0.26,0.9,307,43,365,478,27.4,Alluvial,Surat,Rabi,Wheat
7.24,0.67,0.58,257,57,297,529,24.4,Loam,Gandhinagar,Rabi,Wheat
6.99,0.44,0.79,312,42,343,313,20.6,Loam,Gandhinagar,Rabi,Wheat
6.83,0.23,0.58,290,33,306,302,27.9,Alluvial,Mehsana,Rabi,Wheat
7.58,0.78,0.84,286,31,429,562,22.5,Loam,Surendranagar,Rabi,Wheat
6.81,0.78,0.89,325,43,388,606,18.6,Alluvial,Bharuch,Rabi,Wheat
7.71,0.49,0.69,221,45,354,386,19.9,Loam,Rajkot,Rabi,Wheat
7.22,0.68,0.52,278,34,391,375,19.8,Loam,Navsari,Rabi,Wheat
6.82,0.37,0.6,259,46,299,483,28,Alluvial,Junagadh,Rabi,Wheat
6.8,0.26,0.78,288,44,404,359,20.3,Loam,Bhavnagar,Rabi,Wheat
6.94,0.35,0.75,300,36,331,699,27.4,Loam,Amreli,Rabi,Wheat
7.72,0.52,0.51,221,55,361,448,19.2,Alluvial,Gandhinagar,Rabi,Wheat
7.47,0.22,0.79,281,30,282,576,18.2,Loam,Junagadh,Rabi,Wheat
7.87,0.26,0.58,304,37,327,339,24.1,Loam,Bharuch,Rabi,Wheat
7.71,0.66,0.49,287,39,370,584,22.1,Alluvial,Navsari,Rabi,Wheat
7.68,0.58,0.7,264,32,414,561,24.7,Loam,Junagadh,Rabi,Wheat
7.26,0.65,0.67,226,51,308,537,23.6,Loam,Kutch,Rabi,Wheat
6.98,0.33,0.75,333,38,311,668,22,Loam,Vadodara,Rabi,Wheat
7.78,0.53,0.88,346,55,345,603,23.7,Loam,Mehsana,Rabi,Wheat
7.71,0.31,0.85,220,56,357,608,27.6,Loam,Bhavnagar,Rabi,Wheat
7.16,0.74,0.68,329,30,346,334,25.3,Alluvial,Vadodara,Rabi,Wheat
7.3,0.34,0.65,289,41,363,322,18.8,Alluvial,Amreli,Rabi,Wheat
7.33,0.26,0.55,237,39,400,582,18.6,Alluvial,Surat,Rabi,Wheat
7.56,0.51,0.54,322,49,407,382,24.4,Alluvial,Navsari,Rabi,Wheat
7.12,0.48,0.83,266,40,252,572,20.8,Loam,Surat,Rabi,Wheat
7.69,0.74,0.53,297,46,251,692,18.3,Loam,Gandhinagar,Rabi,Wheat
7.65,0.38,0.77,307,37,351,607,19.1,Alluvial,Vadodara,Rabi,Wheat
7.35,0.71,0.71,227,42,294,555,23.6,Alluvial,Junagadh,Rabi,Wheat
6.99,0.3,0.65,281,54,304,413,24.6,Alluvial,Kutch,Rabi,Wheat
7.52,0.42,0.87,241,40,413,575,27.2,Loam,Mehsana,Rabi,Wheat
7.26,0.23,0.46,255,49,361,500,19.8,Loam,Gandhinagar,Rabi,Wheat
6.99,0.49,0.88,255,56,283,313,21,Alluvial,Gandhinagar,Rabi,Wheat
7.45,0.66,0.86,311,51,311,602,19.8,Alluvial,Ahmedabad,Rabi,Wheat
7.52,0.48,0.9,221,42,306,364,26.2,Loam,Surat,Rabi,Wheat
6.95,0.34,0.52,231,39,386,699,27.4,Alluvial,Junagadh,Rabi,Wheat
7.02,0.23,0.49,232,33,397,422,24.4,Loam,Vadodara,Rabi,Wheat
7.54,0.49,0.67,235,30,264,630,18.2,Alluvial,Ahmedabad,Rabi,Wheat
6.92,0.29,0.83,316,52,433,646,20.8,Alluvial,Rajkot,Rabi,Wheat
7.42,0.42,0.89,299,30,436,530,23.8,Loam,Surat,Rabi,Wheat
6.8,0.68,0.6,275,34,440,419,18.8,Alluvial,Kutch,Rabi,Wheat
7.55,0.48,0.8,239,39,334,492,20.9,Alluvial,Anand,Rabi,Wheat
7.09,0.21,0.78,295,60,443,480,20,Loam,Surendranagar,Rabi,Wheat
6.9,0.47,0.67,327,52,359,474,18.6,Loam,Kutch,Rabi,Wheat
7.37,0.74,0.64,252,30,450,594,19.6,Loam,Anand,Rabi,Wheat
7.64,0.39,0.7,324,51,268,669,24.2,Loam,Amreli,Rabi,Wheat
7.1,0.61,0.63,333,30,348,622,26.3,Alluvial,Surat,Rabi,Wheat
7.2,0.28,0.54,344,33,388,482,23.9,Loam,Anand,Rabi,Wheat
6.97,0.69,0.68,292,50,381,488,22.1,Alluvial,Rajkot,Rabi,Wheat
6.9,0.71,0.72,269,30,260,314,27.4,Loam,Gandhinagar,Rabi,Wheat
7.8,0.66,0.56,258,57,312,659,25,Loam,Amreli,Rabi,Wheat
7.11,0.41,0.75,348,57,347,494,24.1,Loam,Gandhinagar,Rabi,Wheat
7.71,0.52,0.57,345,51,391,403,26,Alluvial,Ahmedabad,Rabi,Wheat
7.21,0.24,0.89,273,59,384,371,18.4,Loam,Bharuch,Rabi,Wheat
7.13,0.72,0.82,310,35,429,519,21.9,Loam,Ahmedabad,Rabi,Wheat
7.33,0.68,0.55,314,32,286,549,19.8,Alluvial,Vadodara,Rabi,Wheat
7.93,0.33,0.81,283,45,343,644,21.9,Alluvial,Banaskantha,Rabi,Wheat
7.36,0.45,0.69,350,39,400,518,19.6,Alluvial,Anand,Rabi,Wheat
7.76,0.37,0.62,250,30,328,508,24.3,Alluvial,Junagadh,Rabi,Wheat
7.95,0.55,0.89,327,40,348,573,27.3,Loam,Amreli,Rabi,Wheat
7.78,0.23,0.64,252,54,364,513,25.1,Loam,Banaskantha,Rabi,Wheat
7.93,0.64,0.77,332,48,449,410,20.6,Alluvial,Anand,Rabi,Wheat
6.97,0.28,0.5,331,57,450,636,21.7,Loam,Amreli,Rabi,Wheat
6.98,0.32,0.85,338,47,426,658,24.7,Loam,Navsari,Rabi,Wheat
7.89,0.78,0.78,338,57,285,491,19.2,Alluvial,Bhavnagar,Rabi,Wheat
7.59,0.48,0.54,254,32,324,531,23.6,Loam,Bharuch,Rabi,Wheat
7.09,0.47,0.78,259,52,264,590,25,Alluvial,Vadodara,Rabi,Wheat
6.88,0.75,0.67,333,30,351,400,22.1,Loam,Kutch,Rabi,Wheat
6.97,0.72,0.89,329,36,251,357,18.7,Loam,Surendranagar,Rabi,Wheat
7.75,0.29,0.82,232,58,434,646,23.2,Alluvial,Amreli,Rabi,Wheat
7.27,0.35,0.88,272,36,442,408,22.2,Alluvial,Kutch,Rabi,Wheat
7.49,0.21,0.81,262,60,426,576,24.1,Alluvial,Bhavnagar,Rabi,Wheat
7.69,0.25,0.54,222,57,335,627,24.8,Alluvial,Surendranagar,Rabi,Wheat
7.32,0.75,0.51,314,59,357,443,23.7,Loam,Rajkot,Rabi,Wheat
7.84,0.29,0.73,243,59,394,410,21.7,Loam,Rajkot,Rabi,Wheat
6.93,0.4,0.63,341,41,385,666,24.9,Loam,Mehsana,Rabi,Wheat
7.85,0.33,0.69,350,48,413,687,25.3,Loam,Navsari,Rabi,Wheat
7.11,0.24,0.58,289,37,266,478,22.1,Alluvial,Rajkot,Rabi,Wheat
7.62,0.7,0.54,246,38,381,630,20.2,Alluvial,Gandhinagar,Rabi,Wheat
7.18,0.5,0.54,223,33,353,564,27.3,Alluvial,Navsari,Rabi,Wheat
7.34,0.49,0.82,287,31,273,611,18.4,Alluvial,Bharuch,Rabi,Wheat
7.89,0.26,0.85,272,45,429,352,22.4,Loam,Vadodara,Rabi,Wheat
7.42,0.43,0.89,328,33,271,591,23.7,Alluvial,Gandhinagar,Rabi,Wheat
7.23,0.64,0.68,270,35,355,333,22.8,Loam,Bhavnagar,Rabi,Wheat
7.19,0.22,0.89,273,41,298,430,21.6,Loam,Banaskantha,Rabi,Wheat
7.22,0.4,0.77,314,37,343,422,27.9,Loam,Navsari,Rabi,Wheat
6.99,0.44,0.51,339,58,448,658,22.8,Loam,Rajkot,Rabi,Wheat
7.62,0.52,0.57,328,43,390,548,24,Loam,Junagadh,Rabi,Wheat
7.78,0.67,0.45,307,36,290,536,19.8,Alluvial,Ahmedabad,Rabi,Wheat
7.51,0.69,0.55,301,32,413,489,26.1,Loam,Amreli,Rabi,Wheat
7.18,0.72,0.62,296,43,277,422,18,Alluvial,Anand,Rabi,Wheat
7.03,0.75,0.69,340,34,434,304,24.4,Loam,Mehsana,Rabi,Wheat
7.84,0.71,0.88,341,45,366,682,27.5,Loam,Rajkot,Rabi,Wheat
7.85,0.5,0.51,252,52,437,546,24.5,Alluvial,Surat,Rabi,Wheat
6.8,0.56,0.45,241,34,268,324,26.3,Alluvial,Amreli,Rabi,Wheat
7.03,0.61,0.67,233,41,439,637,22.8,Alluvial,Gandhinagar,Rabi,Wheat
6.91,0.57,0.87,329,59,280,647,23.8,Alluvial,Rajkot,Rabi,Wheat
7.25,0.63,0.65,322,42,447,533,22.1,Loam,Banaskantha,Rabi,Wheat
7.53,0.61,0.69,280,36,323,698,20.7,Loam,Banaskantha,Rabi,Wheat
7.66,0.29,0.87,292,60,285,645,21.8,Alluvial,Surat,Rabi,Wheat
7.74,0.57,0.88,266,34,272,596,18.8,Alluvial,Surat,Rabi,Wheat
7.98,0.62,0.66,312,52,322,544,24.7,Alluvial,Junagadh,Rabi,Wheat
7.71,0.4,0.8,249,32,334,319,25.5,Loam,Junagadh,Rabi,Wheat
6.88,0.63,0.86,327,30,257,558,18.3,Alluvial,Vadodara,Rabi,Wheat
7.47,0.63,0.75,339,59,336,606,22.6,Loam,Surat,Rabi,Wheat
7.18,0.5,0.77,311,45,272,607,19.9,Alluvial,Banaskantha,Rabi,Wheat
7.28,0.54,0.82,318,37,431,558,27.2,Alluvial,Anand,Rabi,Wheat
7.14,0.7,0.82,225,58,303,346,27.4,Alluvial,Bhavnagar,Rabi,Wheat
6.97,0.59,0.64,257,54,382,372,21.1,Alluvial,Navsari,Rabi,Wheat
7.83,0.56,0.52,347,51,282,448,18,Loam,Bhavnagar,Rabi,Wheat
7.86,0.61,0.51,320,51,262,344,21,Alluvial,Bharuch,Rabi,Wheat
6.82,0.25,0.46,306,38,303,373,23,Loam,Ahmedabad,Rabi,Wheat
7.95,0.32,0.48,270,37,331,515,26.5,Loam,Ahmedabad,Rabi,Wheat
7.52,0.66,0.85,223,32,264,329,25.2,Loam,Mehsana,Rabi,Wheat
7.78,0.55,0.48,333,46,279,672,18,Alluvial,Anand,Rabi,Wheat
7.79,0.78,0.53,279,40,428,442,18.6,Loam,Banaskantha,Rabi,Wheat
7.62,0.57,0.55,287,52,306,624,22.4,Alluvial,Rajkot,Rabi,Wheat
7.09,0.45,0.53,226,46,271,371,27.9,Alluvial,Mehsana,Rabi,Wheat
6.88,0.71,0.84,297,54,367,657,27.8,Alluvial,Anand,Rabi,Wheat
6.8,0.41,0.77,238,56,272,318,27.8,Loam,Kutch,Rabi,Wheat
7.74,0.35,0.84,330,45,301,609,22.5,Alluvial,Amreli,Rabi,Wheat
6.91,0.55,0.51,298,34,420,516,24.1,Alluvial,Ahmedabad,Rabi,Wheat
7.68,0.41,0.46,246,42,374,518,22.8,Loam,Mehsana,Rabi,Wheat
7.39,0.44,0.85,275,43,310,521,23.4,Alluvial,Junagadh,Rabi,Wheat
6.91,0.59,0.85,261,44,352,388,23.9,Loam,Ahmedabad,Rabi,Wheat
7.32,0.47,0.82,222,48,429,652,19.9,Alluvial,Rajkot,Rabi,Wheat
7.94,0.79,0.6,267,47,414,608,24.8,Loam,Gandhinagar,Rabi,Wheat
7.15,0.55,0.81,247,34,332,474,24.2,Alluvial,Gandhinagar,Rabi,Wheat
6.98,0.39,0.72,346,42,325,312,23.5,Loam,Surendranagar,Rabi,Wheat
7.47,0.78,0.69,301,30,268,663,27.4,Alluvial,Rajkot,Rabi,Wheat
7.73,0.27,0.88,319,40,373,582,23.8,Loam,Anand,Rabi,Wheat
6.97,0.77,0.84,321,41,273,573,23.3,Loam,Kutch,Rabi,Wheat
6.94,0.79,0.69,230,31,416,484,25.7,Loam,Bhavnagar,Rabi,Wheat
7.52,0.36,0.72,266,46,364,587,26.4,Alluvial,Vadodara,Rabi,Wheat
7.57,0.8,0.73,224,54,286,601,20,Loam,Rajkot,Rabi,Wheat
7.68,0.29,0.74,236,50,379,500,26.4,Loam,Gandhinagar,Rabi,Wheat
7.13,0.54,0.89,322,51,414,607,21.4,Loam,Amreli,Rabi,Wheat
7.07,0.31,0.72,250,50,393,308,21.8,Loam,Junagadh,Rabi,Wheat
7.74,0.5,0.54,254,55,316,388,27,Alluvial,Amreli,Rabi,Wheat
7.11,0.68,0.65,281,45,438,625,20.9,Loam,Bhavnagar,Rabi,Wheat
7.77,0.5,0.8,243,55,414,690,20.8,Alluvial,Kutch,Rabi,Wheat
7.95,0.42,0.63,346,38,262,668,21.8,Alluvial,Bharuch,Rabi,Wheat
7.05,0.59,0.56,315,37,315,469,25.2,Alluvial,Ahmedabad,Rabi,Wheat
7.59,0.74,0.89,327,41,381,401,24.7,Alluvial,Mehsana,Rabi,Wheat
7.04,0.38,0.78,278,51,340,635,23.5,Alluvial,Kutch,Rabi,Wheat
6.99,0.45,0.67,331,42,326,565,21.1,Loam,Junagadh,Rabi,Wheat
7.83,0.69,0.66,340,30,380,611,20.9,Loam,Bharuch,Rabi,Wheat
7.86,0.45,0.81,275,51,416,428,21,Alluvial,Banaskantha,Rabi,Wheat
7.63,0.72,0.46,226,54,435,456,21.2,Loam,Vadodara,Rabi,Wheat
7.99,0.22,0.53,288,42,368,384,25.3,Loam,Junagadh,Rabi,Wheat
7.35,0.37,0.86,270,48,261,656,22.7,Loam,Surendranagar,Rabi,Wheat
7.69,0.74,0.83,300,38,412,476,24.7,Loam,Surat,Rabi,Wheat
7.47,0.22,0.64,305,47,339,356,21.5,Loam,Bhavnagar,Rabi,Wheat
7.64,0.2,0.9,225,51,297,587,18.9,Loam,Vadodara,Rabi,Wheat
7.07,0.24,0.86,287,54,425,651,24.7,Loam,Anand,Rabi,Wheat
7.07,0.49,0.84,304,36,270,669,25.2,Loam,Rajkot,Rabi,Wheat
6.97,0.59,0.71,290,57,292,505,21.6,Alluvial,Anand,Rabi,Wheat
7.12,0.53,0.83,317,58,296,641,21.4,Loam,Mehsana,Rabi,Wheat
7.24,0.33,0.54,309,41,324,475,27.5,Alluvial,Kutch,Rabi,Wheat
7.71,0.79,0.81,240,48,309,465,18.9,Alluvial,Kutch,Rabi,Wheat
7.88,0.38,0.82,300,54,425,412,24.9,Loam,Surendranagar,Rabi,Wheat
7.72,0.28,0.53,247,43,366,402,20.5,Alluvial,Ahmedabad,Rabi,Wheat
6.91,0.71,0.83,301,56,371,491,27.6,Loam,Bharuch,Rabi,Wheat
7.31,0.73,0.53,328,30,381,431,23.3,Alluvial,Ahmedabad,Rabi,Wheat
6.99,0.55,0.87,328,48,309,342,24,Alluvial,Surat,Rabi,Wheat
6.82,0.71,0.87,306,60,268,523,25.4,Loam,Navsari,Rabi,Wheat
7.2,0.63,0.77,256,59,282,646,25,Alluvial,Gandhinagar,Rabi,Wheat
7.07,0.68,0.88,275,38,450,417,26.3,Loam,Navsari,Rabi,Wheat
7.4,0.71,0.49,294,50,288,329,19.5,Loam,Ahmedabad,Rabi,Wheat
7.16,0.23,0.76,264,55,434,421,19.1,Alluvial,Amreli,Rabi,Wheat
7.37,0.66,0.65,339,35,405,612,18.6,Alluvial,Navsari,Rabi,Wheat
7.51,0.65,0.73,269,58,271,566,26.5,Loam,Kutch,Rabi,Wheat
7.16,0.46,0.73,277,59,271,319,24.9,Loam,Kutch,Rabi,Wheat
7.98,0.49,0.5,247,40,254,508,19.5,Loam,Kutch,Rabi,Wheat
7.92,0.56,0.63,306,55,266,531,20.1,Loam,Mehsana,Rabi,Wheat
6.93,0.46,0.76,241,53,263,674,23,Loam,Anand,Rabi,Wheat
7.54,0.29,0.72,283,42,395,338,25.9,Alluvial,Surat,Rabi,Wheat
7.62,0.46,0.67,226,41,285,589,23.1,Alluvial,Gandhinagar,Rabi,Wheat
6.8,0.59,0.61,240,41,300,328,20.5,Alluvial,Junagadh,Rabi,Wheat
6.81,0.79,0.45,316,53,383,424,23.6,Loam,Surendranagar,Rabi,Wheat
7.06,0.76,0.74,234,35,402,461,23,Alluvial,Bharuch,Rabi,Wheat
7.28,0.34,0.8,289,30,404,699,25.2,Loam,Navsari,Rabi,Wheat
7.29,0.61,0.76,296,50,267,574,25.1,Loam,Surat,Rabi,Wheat
7.75,0.53,0.49,239,58,312,581,24.7,Alluvial,Amreli,Rabi,Wheat
6.89,0.72,0.59,282,37,321,492,18.6,Alluvial,Amreli,Rabi,Wheat
6.98,0.26,0.69,263,41,310,388,18.3,Loam,Kutch,Rabi,Wheat
7.68,0.73,0.75,251,53,449,626,22.1,Alluvial,Anand,Rabi,Wheat
6.81,0.52,0.75,242,50,429,545,27.9,Alluvial,Banaskantha,Rabi,Wheat
6.82,0.65,0.72,298,50,374,519,22.8,Loam,Junagadh,Rabi,Wheat
6.83,0.28,0.57,245,54,262,542,27.1,Alluvial,Rajkot,Rabi,Wheat
7.32,0.36,0.61,227,55,417,643,23.3,Alluvial,Rajkot,Rabi,Wheat
7.02,0.48,0.69,240,54,278,699,23.8,Loam,Banaskantha,Rabi,Wheat
7.12,0.59,0.61,313,43,405,541,19.4,Alluvial,Vadodara,Rabi,Wheat
7.21,0.69,0.72,336,43,377,340,20.4,Alluvial,Bhavnagar,Rabi,Wheat
7.62,0.27,0.79,348,46,356,684,19.4,Alluvial,Surat,Rabi,Wheat
7.5,0.44,0.51,322,54,347,697,22.4,Loam,Junagadh,Rabi,Wheat
7.25,0.5,0.66,270,47,384,544,25.5,Loam,Amreli,Rabi,Wheat
7.68,0.33,0.74,293,51,347,335,21,Alluvial,Surendranagar,Rabi,Wheat
7.26,0.5,0.54,275,30,325,648,19.1,Alluvial,Ahmedabad,Rabi,Wheat
7.73,0.61,0.53,246,41,297,451,23.1,Loam,Banaskantha,Rabi,Wheat
7.28,0.52,0.64,326,38,372,313,26.4,Alluvial,Vadodara,Rabi,Wheat
7.25,0.79,0.62,350,58,373,311,20.2,Loam,Junagadh,Rabi,Wheat
6.83,0.52,0.67,278,42,436,416,24.9,Loam,Bharuch,Rabi,Wheat
7.21,0.79,0.79,257,54,430,604,19.1,Loam,Gandhinagar,Rabi,Wheat
7.92,0.43,0.72,291,32,261,435,18.5,Loam,Banaskantha,Rabi,Wheat
6.91,0.53,0.53,260,38,372,363,23.2,Loam,Rajkot,Rabi,Wheat
7.44,0.47,0.71,322,50,263,545,21.3,Alluvial,Mehsana,Rabi,Wheat
7.54,0.67,0.78,284,56,397,544,26.9,Alluvial,Banaskantha,Rabi,Wheat
7.52,0.39,0.87,254,33,375,363,19.1,Alluvial,Bharuch,Rabi,Wheat
7.2,0.45,0.68,244,47,408,573,24.6,Loam,Ahmedabad,Rabi,Wheat
6.89,0.33,0.81,300,43,312,348,27.9,Loam,Anand,Rabi,Wheat
6.91,0.56,0.89,313,56,340,529,26.2,Alluvial,Rajkot,Rabi,Wheat
7.3,0.38,0.63,344,59,393,559,18.7,Loam,Mehsana,Rabi,Wheat
7.82,0.63,0.74,233,42,385,385,25,Loam,Bharuch,Rabi,Wheat
7.05,0.69,0.67,329,45,339,396,26,Loam,Rajkot,Rabi,Wheat
7.27,0.68,0.76,327,59,280,423,18.8,Alluvial,Navsari,Rabi,Wheat
7.49,0.65,0.47,234,37,371,644,19.6,Alluvial,Bhavnagar,Rabi,Wheat
7.16,0.51,0.6,277,40,427,515,27,Loam,Kutch,Rabi,Wheat
7.52,0.55,0.79,251,34,373,442,28,Loam,Banaskantha,Rabi,Wheat
7.56,0.29,0.59,307,33,362,439,18.7,Loam,Vadodara,Rabi,Wheat
7.47,0.73,0.73,285,56,376,515,27,Loam,Anand,Rabi,Wheat
7.64,0.31,0.53,229,33,428,577,22,Alluvial,Vadodara,Rabi,Wheat
7.11,0.69,0.78,284,40,309,348,21.1,Loam,Bharuch,Rabi,Wheat
6.86,0.35,0.85,340,49,352,566,24.6,Alluvial,Bharuch,Rabi,Wheat
7.95,0.23,0.71,298,41,398,575,22.6,Alluvial,Surendranagar,Rabi,Wheat
7.68,0.54,0.79,265,52,277,535,22.8,Loam,Vadodara,Rabi,Wheat
7.58,0.66,0.49,322,46,266,334,26.8,Loam,Banaskantha,Rabi,Wheat
7.36,0.76,0.65,342,52,284,361,22.8,Loam,Bhavnagar,Rabi,Wheat
7.15,0.21,0.86,298,34,416,387,24.5,Alluvial,Rajkot,Rabi,Wheat
7.63,0.52,0.81,278,55,265,510,24.7,Loam,Amreli,Rabi,Wheat
7.68,0.46,0.59,223,33,389,351,24.5,Alluvial,Navsari,Rabi,Wheat
7.12,0.38,0.89,289,34,421,642,18.3,Alluvial,Surat,Rabi,Wheat
7.77,0.65,0.45,298,44,355,479,25,Loam,Rajkot,Rabi,Wheat
7.6,0.51,0.75,306,43,320,304,24.1,Alluvial,Rajkot,Rabi,Wheat
7.17,0.41,0.73,236,58,299,539,18.4,Alluvial,Anand,Rabi,Wheat
7.56,0.38,0.6,243,51,412,619,18.6,Loam,Ahmedabad,Rabi,Wheat
7.83,0.6,0.82,238,30,414,402,21.2,Alluvial,Banaskantha,Rabi,Wheat
7.12,0.65,0.72,264,31,412,389,20.4,Alluvial,Bhavnagar,Rabi,Wheat
7.26,0.55,0.87,328,49,294,696,19.7,Alluvial,Surat,Rabi,Wheat
7.08,0.43,0.71,243,56,266,620,26.2,Loam,Banaskantha,Rabi,Wheat
7.61,0.7,0.81,298,34,321,634,24.3,Loam,Navsari,Rabi,Wheat
6.8,0.45,0.53,268,38,354,397,20,Alluvial,Kutch,Rabi,Wheat
7.42,0.56,0.88,285,36,370,489,19,Alluvial,Ahmedabad,Rabi,Wheat
7.88,0.35,0.47,331,54,342,447,19.8,Loam,Bhavnagar,Rabi,Wheat
7.47,0.43,0.73,254,47,334,475,18.2,Alluvial,Surat,Rabi,Wheat
7.21,0.7,0.71,308,35,444,586,24.3,Alluvial,Banaskantha,Rabi,Wheat
7.13,0.79,0.67,222,37,395,518,26.1,Alluvial,Navsari,Rabi,Wheat
7.19,0.39,0.49,340,42,334,322,20.6,Loam,Bharuch,Rabi,Wheat
7.46,0.32,0.47,307,38,284,581,23.1,Alluvial,Surat,Rabi,Wheat
7.92,0.79,0.78,322,51,346,564,27.6,Alluvial,Gandhinagar,Rabi,Wheat
7.51,0.57,0.57,224,43,429,354,22.6,Loam,Anand,Rabi,Wheat
7.84,0.71,0.71,241,57,316,618,22.4,Loam,Rajkot,Rabi,Wheat
6.83,0.66,0.81,286,55,433,529,19,Alluvial,Gandhinagar,Rabi,Wheat
7.8,0.45,0.78,220,50,336,339,23.4,Alluvial,Junagadh,Rabi,Wheat
7.62,0.43,0.75,286,48,435,649,19.8,Alluvial,Bhavnagar,Rabi,Wheat
7.05,0.78,0.72,331,48,382,467,18.2,Alluvial,Vadodara,Rabi,Wheat
7.71,0.21,0.6,324,43,431,595,25.9,Loam,Gandhinagar,Rabi,Wheat
7.21,0.23,0.82,287,58,295,587,22.3,Alluvial,Anand,Rabi,Wheat
7.64,0.55,0.85,334,33,326,317,26.4,Alluvial,Junagadh,Rabi,Wheat
7.98,0.61,0.56,302,57,430,551,22.3,Loam,Bharuch,Rabi,Wheat
7.25,0.7,0.68,238,50,355,689,25.6,Alluvial,Banaskantha,Rabi,Wheat
7.09,0.65,0.84,233,51,348,400,21.2,Alluvial,Surat,Rabi,Wheat
6.82,0.7,0.46,240,57,445,372,22.4,Alluvial,Banaskantha,Rabi,Wheat
7.2,0.78,0.72,273,30,444,450,24.4,Alluvial,Amreli,Rabi,Wheat
7.89,0.74,0.67,309,46,346,688,22.7,Loam,Ahmedabad,Rabi,Wheat
7.19,0.29,0.88,328,36,314,455,24.8,Loam,Kutch,Rabi,Wheat
7.51,0.44,0.8,316,53,439,667,20.4,Loam,Mehsana,Rabi,Wheat
6.89,0.78,0.54,314,44,423,515,18.9,Loam,Gandhinagar,Rabi,Wheat
7.86,0.7,0.85,297,38,341,536,22.6,Alluvial,Amreli,Rabi,Wheat
7.61,0.73,0.62,320,44,387,460,25,Alluvial,Anand,Rabi,Wheat
7.4,0.67,0.88,315,49,319,650,20.9,Loam,Navsari,Rabi,Wheat
7.81,0.63,0.51,310,57,298,528,25.5,Alluvial,Surendranagar,Rabi,Wheat
7.79,0.22,0.79,281,45,349,538,22.2,Alluvial,Navsari,Rabi,Wheat
6.83,0.72,0.46,342,43,369,481,18.8,Alluvial,Vadodara,Rabi,Wheat
7.04,0.25,0.59,340,54,303,633,25.8,Loam,Banaskantha,Rabi,Wheat
7.51,0.67,0.74,231,48,321,678,18.3,Alluvial,Vadodara,Rabi,Wheat
7.28,0.64,0.52,294,53,317,475,20.4,Alluvial,Kutch,Rabi,Wheat
7.81,0.32,0.37,143,21,213,460,32.3,Sandy Loam,Kutch,Kharif,Bajra
7.87,0.65,0.52,124,23,299,264,36.6,Sandy Loam,Rajkot,Kharif,Bajra
6.62,0.25,0.36,216,36,272,465,28.8,Sandy Loam,Anand,Kharif,Bajra
7.13,0.15,0.44,207,25,308,360,35.5,Sandy Loam,Bharuch,Kharif,Bajra
8.36,0.34,0.28,213,24,300,479,32.3,Sandy Loam,Mehsana,Kharif,Bajra
7.79,0.49,0.43,205,15,251,486,35.3,Sandy Loam,Ahmedabad,Kharif,Bajra
7.84,0.62,0.54,190,19,337,258,35.4,Sandy Loam,Vadodara,Kharif,Bajra
7.31,0.69,0.46,122,31,344,566,28.7,Sandy Loam,Bhavnagar,Kharif,Bajra
6.97,0.24,0.51,193,37,227,504,32.2,Sandy Loam,Anand,Kharif,Bajra
6.53,0.27,0.42,150,34,316,466,29.7,Sandy Loam,Rajkot,Kharif,Bajra
7.01,0.31,0.33,131,32,279,442,28.3,Sandy Loam,Navsari,Kharif,Bajra
7.4,0.25,0.44,131,23,296,506,31.4,Sandy Loam,Gandhinagar,Kharif,Bajra
7.1,0.28,0.29,144,25,335,384,30.8,Sandy Loam,Surendranagar,Kharif,Bajra
8.29,0.62,0.31,212,22,309,496,34.5,Sandy Loam,Rajkot,Kharif,Bajra
7.57,0.55,0.49,172,28,259,504,32.8,Sandy Loam,Surat,Kharif,Bajra
6.68,0.22,0.38,184,36,228,254,29.4,Sandy Loam,Surat,Kharif,Bajra
7.04,0.67,0.4,160,32,200,428,30.1,Sandy Loam,Kutch,Kharif,Bajra
6.84,0.17,0.44,161,25,339,567,28.6,Sandy Loam,Bhavnagar,Kharif,Bajra
8.27,0.58,0.28,141,32,276,419,31.6,Sandy Loam,Ahmedabad,Kharif,Bajra
7.42,0.55,0.31,188,21,204,550,30.2,Sandy Loam,Mehsana,Kharif,Bajra
8.28,0.56,0.51,145,32,196,382,36.7,Sandy Loam,Navsari,Kharif,Bajra
6.75,0.46,0.54,159,20,206,561,36.8,Sandy Loam,Bhavnagar,Kharif,Bajra
8.18,0.69,0.55,195,38,206,338,28.6,Sandy Loam,Amreli,Kharif,Bajra
7.44,0.22,0.28,131,24,282,295,30,Sandy Loam,Vadodara,Kharif,Bajra
8.27,0.31,0.32,126,17,262,364,28.4,Sandy Loam,Bharuch,Kharif,Bajra
7.11,0.11,0.4,131,36,205,274,34.2,Sandy Loam,Vadodara,Kharif,Bajra
7.73,0.28,0.52,160,29,284,471,30.4,Sandy Loam,Vadodara,Kharif,Bajra
8.48,0.28,0.52,214,20,332,552,29,Sandy Loam,Banaskantha,Kharif,Bajra
8.22,0.46,0.37,127,28,258,600,28.8,Sandy Loam,Junagadh,Kharif,Bajra
7.34,0.16,0.49,168,35,277,565,28.9,Sandy Loam,Surendranagar,Kharif,Bajra
8.01,0.6,0.5,187,35,213,331,34.6,Sandy Loam,Bharuch,Kharif,Bajra
7.98,0.34,0.3,184,19,218,292,34.3,Sandy Loam,Vadodara,Kharif,Bajra
8.36,0.34,0.48,168,34,325,445,37.5,Sandy Loam,Mehsana,Kharif,Bajra
6.89,0.26,0.45,210,17,180,255,31.5,Sandy Loam,Amreli,Kharif,Bajra
7.82,0.48,0.57,201,26,306,316,35.6,Sandy Loam,Junagadh,Kharif,Bajra
7.91,0.19,0.26,202,36,298,386,33.6,Sandy Loam,Bhavnagar,Kharif,Bajra
6.76,0.58,0.44,135,19,336,429,28.9,Sandy Loam,Amreli,Kharif,Bajra
8.3,0.59,0.37,185,40,344,261,35.1,Sandy Loam,Surendranagar,Kharif,Bajra
7.76,0.41,0.26,168,16,253,532,28.3,Sandy Loam,Navsari,Kharif,Bajra
6.53,0.57,0.55,181,23,295,454,34.9,Sandy Loam,Junagadh,Kharif,Bajra
7.94,0.11,0.55,201,31,329,508,31.3,Sandy Loam,Bhavnagar,Kharif,Bajra
7.02,0.12,0.57,162,35,270,470,36.1,Sandy Loam,Mehsana,Kharif,Bajra
7.62,0.42,0.57,176,38,277,427,32.3,Sandy Loam,Rajkot,Kharif,Bajra
6.91,0.5,0.27,202,19,215,552,28.2,Sandy Loam,Rajkot,Kharif,Bajra
8.1,0.62,0.44,121,23,303,551,30.8,Sandy Loam,Surendranagar,Kharif,Bajra
8.26,0.55,0.47,147,31,184,356,31.3,Sandy Loam,Anand,Kharif,Bajra
8.49,0.45,0.6,161,38,242,536,29.7,Sandy Loam,Navsari,Kharif,Bajra
6.65,0.53,0.29,178,40,324,274,37.6,Sandy Loam,Navsari,Kharif,Bajra
7.38,0.44,0.46,131,38,284,492,30.2,Sandy Loam,Anand,Kharif,Bajra
7.63,0.54,0.29,213,27,306,254,36.1,Sandy Loam,Anand,Kharif,Bajra
7.52,0.41,0.54,187,38,285,419,31.8,Sandy Loam,Banaskantha,Kharif,Bajra
8.28,0.32,0.48,204,32,349,345,36.7,Sandy Loam,Mehsana,Kharif,Bajra
8.31,0.53,0.57,217,39,208,519,30.2,Sandy Loam,Vadodara,Kharif,Bajra
6.92,0.36,0.43,163,28,317,402,34.8,Sandy Loam,Gandhinagar,Kharif,Bajra
8.31,0.48,0.43,198,27,251,415,36,Sandy Loam,Gandhinagar,Kharif,Bajra
8.45,0.54,0.45,193,30,265,325,28.8,Sandy Loam,Kutch,Kharif,Bajra
6.9,0.66,0.36,164,36,264,557,34.3,Sandy Loam,Navsari,Kharif,Bajra
7.57,0.37,0.35,207,17,342,399,37.7,Sandy Loam,Kutch,Kharif,Bajra
8.27,0.66,0.4,161,39,210,583,29.2,Sandy Loam,Ahmedabad,Kharif,Bajra
7.01,0.23,0.46,165,40,261,286,35.7,Sandy Loam,Navsari,Kharif,Bajra
8.27,0.47,0.4,196,28,240,254,37.1,Sandy Loam,Banaskantha,Kharif,Bajra
8.41,0.31,0.43,143,16,208,452,35.8,Sandy Loam,Rajkot,Kharif,Bajra
8.02,0.3,0.42,201,19,224,393,29.4,Sandy Loam,Bharuch,Kharif,Bajra
7.58,0.55,0.36,204,34,222,495,31.8,Sandy Loam,Banaskantha,Kharif,Bajra
7.76,0.56,0.4,208,16,201,574,36.7,Sandy Loam,Navsari,Kharif,Bajra
6.52,0.22,0.57,190,15,198,420,36.7,Sandy Loam,Bhavnagar,Kharif,Bajra
6.98,0.58,0.43,171,38,304,303,37.3,Sandy Loam,Navsari,Kharif,Bajra
7.05,0.63,0.37,194,19,280,270,34.2,Sandy Loam,Gandhinagar,Kharif,Bajra
8.21,0.66,0.54,171,35,215,503,29.4,Sandy Loam,Bhavnagar,Kharif,Bajra
6.91,0.66,0.55,158,34,326,282,29.1,Sandy Loam,Bhavnagar,Kharif,Bajra
7.56,0.69,0.39,214,35,219,506,31.6,Sandy Loam,Amreli,Kharif,Bajra
8.46,0.63,0.58,161,38,346,586,30.2,Sandy Loam,Anand,Kharif,Bajra
6.54,0.4,0.37,160,32,215,295,37.1,Sandy Loam,Amreli,Kharif,Bajra
7.33,0.23,0.46,170,30,344,512,30.7,Sandy Loam,Junagadh,Kharif,Bajra
7.39,0.47,0.54,181,25,201,591,35.8,Sandy Loam,Banaskantha,Kharif,Bajra
7.51,0.37,0.38,128,19,326,596,34.9,Sandy Loam,Rajkot,Kharif,Bajra
8.09,0.46,0.31,146,36,205,469,37.2,Sandy Loam,Mehsana,Kharif,Bajra
8.02,0.56,0.43,202,25,349,542,32.8,Sandy Loam,Gandhinagar,Kharif,Bajra
7.37,0.33,0.36,124,30,184,435,31.3,Sandy Loam,Kutch,Kharif,Bajra
8.09,0.23,0.54,148,39,290,524,32.7,Sandy Loam,Rajkot,Kharif,Bajra
7.17,0.35,0.45,138,38,180,548,30.7,Sandy Loam,Gandhinagar,Kharif,Bajra
7.31,0.67,0.33,134,26,233,434,33.9,Sandy Loam,Rajkot,Kharif,Bajra
8.49,0.5,0.29,162,35,244,486,32.5,Sandy Loam,Bharuch,Kharif,Bajra
7.08,0.68,0.33,129,36,247,524,32.8,Sandy Loam,Vadodara,Kharif,Bajra
8.39,0.38,0.43,171,23,206,364,31.4,Sandy Loam,Navsari,Kharif,Bajra
6.69,0.42,0.56,167,29,234,567,34.7,Sandy Loam,Surat,Kharif,Bajra
8.22,0.42,0.59,164,32,184,595,35.5,Sandy Loam,Gandhinagar,Kharif,Bajra
7.99,0.28,0.42,184,18,347,459,32,Sandy Loam,Bharuch,Kharif,Bajra
8.3,0.42,0.57,200,35,210,349,32.1,Sandy Loam,Surat,Kharif,Bajra
7.98,0.49,0.59,158,29,180,403,28.2,Sandy Loam,Navsari,Kharif,Bajra
7.3,0.46,0.59,201,37,204,380,35.3,Sandy Loam,Kutch,Kharif,Bajra
7.68,0.53,0.53,208,22,254,313,33.6,Sandy Loam,Banaskantha,Kharif,Bajra
7.18,0.13,0.5,183,24,275,456,28.4,Sandy Loam,Junagadh,Kharif,Bajra
6.88,0.59,0.29,129,29,269,565,34.8,Sandy Loam,Bharuch,Kharif,Bajra
6.71,0.55,0.58,178,33,345,388,33.7,Sandy Loam,Mehsana,Kharif,Bajra
7.36,0.46,0.58,160,25,205,453,37,Sandy Loam,Rajkot,Kharif,Bajra
8,0.32,0.53,150,36,320,549,32.2,Sandy Loam,Kutch,Kharif,Bajra
7,0.7,0.53,182,22,274,594,36,Sandy Loam,Junagadh,Kharif,Bajra
7.48,0.37,0.3,188,21,249,293,37.7,Sandy Loam,Bharuch,Kharif,Bajra
7.19,0.16,0.32,120,17,249,347,28.5,Sandy Loam,Surendranagar,Kharif,Bajra
8.21,0.2,0.47,198,22,290,457,36.5,Sandy Loam,Vadodara,Kharif,Bajra
7.46,0.56,0.45,176,39,196,387,33.2,Sandy Loam,Surat,Kharif,Bajra
7.91,0.61,0.56,121,36,193,483,34.7,Sandy Loam,Bharuch,Kharif,Bajra
7.23,0.48,0.55,191,19,279,262,33.1,Sandy Loam,Amreli,Kharif,Bajra
8.4,0.5,0.33,213,30,331,385,35.1,Sandy Loam,Amreli,Kharif,Bajra
8.27,0.62,0.43,174,33,206,295,36.1,Sandy Loam,Surat,Kharif,Bajra
8.09,0.2,0.34,204,20,262,331,36.1,Sandy Loam,Surendranagar,Kharif,Bajra
6.72,0.39,0.47,192,40,217,420,36.1,Sandy Loam,Ahmedabad,Kharif,Bajra
8.45,0.56,0.41,153,35,341,389,31.8,Sandy Loam,Bhavnagar,Kharif,Bajra
6.93,0.32,0.54,155,24,199,306,33.2,Sandy Loam,Rajkot,Kharif,Bajra
6.93,0.65,0.32,122,36,266,323,28.6,Sandy Loam,Bhavnagar,Kharif,Bajra
7.69,0.37,0.58,174,31,257,301,33.4,Sandy Loam,Anand,Kharif,Bajra
7.49,0.15,0.38,137,20,187,288,30.6,Sandy Loam,Surat,Kharif,Bajra
6.99,0.26,0.27,132,18,227,476,29.7,Sandy Loam,Surendranagar,Kharif,Bajra
7.28,0.22,0.43,219,27,254,489,37.1,Sandy Loam,Bhavnagar,Kharif,Bajra
7.65,0.69,0.48,181,28,207,528,30.4,Sandy Loam,Ahmedabad,Kharif,Bajra
6.79,0.46,0.25,173,35,303,283,34.4,Sandy Loam,Rajkot,Kharif,Bajra
7.5,0.13,0.44,186,27,323,275,34.6,Sandy Loam,Mehsana,Kharif,Bajra
7.28,0.44,0.27,205,20,279,402,34.5,Sandy Loam,Navsari,Kharif,Bajra
7.73,0.38,0.29,198,17,282,268,31.2,Sandy Loam,Banaskantha,Kharif,Bajra
7.86,0.33,0.57,192,16,324,499,34.5,Sandy Loam,Navsari,Kharif,Bajra
6.76,0.59,0.6,210,34,295,599,28.5,Sandy Loam,Bhavnagar,Kharif,Bajra
8.23,0.44,0.28,170,32,216,546,31.9,Sandy Loam,Gandhinagar,Kharif,Bajra
7.05,0.17,0.37,151,17,333,377,34.4,Sandy Loam,Bhavnagar,Kharif,Bajra
6.78,0.62,0.58,171,40,180,321,29.7,Sandy Loam,Banaskantha,Kharif,Bajra
7.97,0.55,0.44,185,29,273,391,33.1,Sandy Loam,Anand,Kharif,Bajra
8.19,0.46,0.32,167,32,239,507,36.3,Sandy Loam,Kutch,Kharif,Bajra
8.18,0.48,0.25,166,29,241,417,36.5,Sandy Loam,Navsari,Kharif,Bajra
7.18,0.25,0.45,218,37,268,312,28.3,Sandy Loam,Bhavnagar,Kharif,Bajra
6.66,0.13,0.53,131,19,319,375,29.9,Sandy Loam,Vadodara,Kharif,Bajra
7.53,0.48,0.5,192,33,183,362,31.4,Sandy Loam,Rajkot,Kharif,Bajra
7.49,0.4,0.55,209,15,229,266,31.5,Sandy Loam,Surendranagar,Kharif,Bajra
6.61,0.44,0.28,152,37,277,252,31.3,Sandy Loam,Navsari,Kharif,Bajra
7.58,0.24,0.47,191,33,262,356,30.4,Sandy Loam,Mehsana,Kharif,Bajra
7.02,0.55,0.41,171,29,298,591,32.4,Sandy Loam,Junagadh,Kharif,Bajra
7.28,0.23,0.36,203,37,330,482,34.8,Sandy Loam,Anand,Kharif,Bajra
6.66,0.56,0.52,125,22,237,340,30.6,Sandy Loam,Bhavnagar,Kharif,Bajra
8.16,0.54,0.37,216,30,247,424,29.2,Sandy Loam,Navsari,Kharif,Bajra
7.59,0.64,0.55,195,24,292,361,36.4,Sandy Loam,Vadodara,Kharif,Bajra
7.27,0.61,0.55,140,30,193,482,33.9,Sandy Loam,Anand,Kharif,Bajra
7.66,0.63,0.53,172,18,206,305,28.5,Sandy Loam,Ahmedabad,Kharif,Bajra
7.11,0.37,0.35,215,26,287,424,32.6,Sandy Loam,Amreli,Kharif,Bajra
6.83,0.51,0.32,184,25,248,598,28.2,Sandy Loam,Banaskantha,Kharif,Bajra
6.52,0.4,0.58,168,31,269,463,28.1,Sandy Loam,Ahmedabad,Kharif,Bajra
7.95,0.54,0.31,203,37,284,284,30.2,Sandy Loam,Surendranagar,Kharif,Bajra
7.32,0.43,0.26,218,29,292,483,32.4,Sandy Loam,Gandhinagar,Kharif,Bajra
6.58,0.49,0.45,172,19,276,364,33,Sandy Loam,Surendranagar,Kharif,Bajra
7.99,0.56,0.41,205,40,201,278,37.5,Sandy Loam,Vadodara,Kharif,Bajra
6.75,0.43,0.4,143,36,188,458,33.4,Sandy Loam,Navsari,Kharif,Bajra
6.9,0.24,0.49,219,22,193,323,30.2,Sandy Loam,Navsari,Kharif,Bajra
7.06,0.11,0.39,210,15,276,539,37.8,Sandy Loam,Bhavnagar,Kharif,Bajra
6.95,0.65,0.39,164,35,213,347,31.4,Sandy Loam,Vadodara,Kharif,Bajra
8.06,0.46,0.28,184,25,242,496,35.2,Sandy Loam,Junagadh,Kharif,Bajra
8.07,0.62,0.34,187,32,266,397,33.3,Sandy Loam,Surat,Kharif,Bajra
6.71,0.68,0.47,217,40,313,255,30.6,Sandy Loam,Vadodara,Kharif,Bajra
8.43,0.64,0.44,120,25,243,477,32.1,Sandy Loam,Amreli,Kharif,Bajra
7.23,0.58,0.42,174,32,315,576,37.6,Sandy Loam,Junagadh,Kharif,Bajra
7.86,0.13,0.5,136,20,211,377,36.9,Sandy Loam,Junagadh,Kharif,Bajra
8.3,0.16,0.59,161,32,282,462,37.2,Sandy Loam,Mehsana,Kharif,Bajra
8.12,0.44,0.52,140,31,307,353,36.3,Sandy Loam,Navsari,Kharif,Bajra
8.1,0.58,0.45,172,20,327,307,32.7,Sandy Loam,Navsari,Kharif,Bajra
7.1,0.36,0.33,217,20,318,535,33.1,Sandy Loam,Junagadh,Kharif,Bajra
6.54,0.15,0.26,187,30,259,423,34.8,Sandy Loam,Junagadh,Kharif,Bajra
6.79,0.2,0.5,216,15,201,500,31.6,Sandy Loam,Navsari,Kharif,Bajra
6.63,0.27,0.42,137,36,197,278,36.7,Sandy Loam,Ahmedabad,Kharif,Bajra
7.33,0.62,0.36,214,15,205,432,29.7,Sandy Loam,Navsari,Kharif,Bajra
7.05,0.6,0.33,212,27,194,496,33.3,Sandy Loam,Navsari,Kharif,Bajra
7.97,0.66,0.53,145,15,326,440,33.1,Sandy Loam,Amreli,Kharif,Bajra
8.3,0.51,0.33,188,37,344,255,32.3,Sandy Loam,Anand,Kharif,Bajra
7.02,0.37,0.46,149,19,282,498,28.8,Sandy Loam,Mehsana,Kharif,Bajra
7.91,0.47,0.41,132,26,191,304,33.7,Sandy Loam,Banaskantha,Kharif,Bajra
8.46,0.69,0.48,123,34,213,429,28.7,Sandy Loam,Junagadh,Kharif,Bajra
6.74,0.44,0.44,212,26,212,371,30.3,Sandy Loam,Banaskantha,Kharif,Bajra
7.4,0.1,0.34,202,21,302,549,31.4,Sandy Loam,Banaskantha,Kharif,Bajra
8.32,0.31,0.59,200,26,262,313,28.8,Sandy Loam,Bharuch,Kharif,Bajra
7.71,0.37,0.35,141,15,299,421,36.3,Sandy Loam,Navsari,Kharif,Bajra
7.89,0.17,0.53,159,20,256,537,36.1,Sandy Loam,Banaskantha,Kharif,Bajra
7.32,0.33,0.37,130,31,319,371,34.9,Sandy Loam,Navsari,Kharif,Bajra
7.81,0.67,0.59,180,38,295,370,35.6,Sandy Loam,Bhavnagar,Kharif,Bajra
8.08,0.39,0.56,153,24,228,575,31.1,Sandy Loam,Anand,Kharif,Bajra
7.11,0.64,0.43,141,34,276,435,32.8,Sandy Loam,Surendranagar,Kharif,Bajra
7.31,0.53,0.36,186,36,345,272,36.3,Sandy Loam,Bharuch,Kharif,Bajra
8.11,0.26,0.44,122,35,255,314,30.9,Sandy Loam,Junagadh,Kharif,Bajra
7.75,0.53,0.45,121,34,196,464,35,Sandy Loam,Surat,Kharif,Bajra
7.46,0.18,0.56,171,27,215,314,31.7,Sandy Loam,Surendranagar,Kharif,Bajra
6.57,0.35,0.46,126,34,201,387,37.2,Sandy Loam,Surendranagar,Kharif,Bajra
6.7,0.3,0.41,133,37,209,485,29.8,Sandy Loam,Ahmedabad,Kharif,Bajra
7.12,0.14,0.42,162,28,326,256,36.8,Sandy Loam,Mehsana,Kharif,Bajra
7.03,0.65,0.53,147,25,336,520,37.9,Sandy Loam,Gandhinagar,Kharif,Bajra
8.1,0.2,0.45,201,22,345,415,34.2,Sandy Loam,Surendranagar,Kharif,Bajra
7.89,0.57,0.53,130,26,243,554,28.2,Sandy Loam,Amreli,Kharif,Bajra
7.36,0.65,0.51,179,38,240,456,31.2,Sandy Loam,Bhavnagar,Kharif,Bajra
6.91,0.46,0.26,124,37,342,278,32.3,Sandy Loam,Ahmedabad,Kharif,Bajra
6.64,0.6,0.36,138,29,308,500,30.5,Sandy Loam,Vadodara,Kharif,Bajra
7.02,0.66,0.5,156,20,344,377,29.2,Sandy Loam,Banaskantha,Kharif,Bajra
6.79,0.52,0.27,175,29,273,387,37.5,Sandy Loam,Banaskantha,Kharif,Bajra
6.89,0.67,0.49,171,33,184,391,31.2,Sandy Loam,Bhavnagar,Kharif,Bajra
8.06,0.45,0.31,208,26,224,512,32.7,Sandy Loam,Vadodara,Kharif,Bajra
7.41,0.25,0.53,185,18,236,376,28.2,Sandy Loam,Surat,Kharif,Bajra
7.05,0.25,0.56,206,21,192,342,37.9,Sandy Loam,Navsari,Kharif,Bajra
6.7,0.21,0.35,180,23,185,574,33.7,Sandy Loam,Surat,Kharif,Bajra
7.93,0.38,0.27,149,26,191,415,37.2,Sandy Loam,Junagadh,Kharif,Bajra
6.75,0.59,0.36,123,30,202,437,37.5,Sandy Loam,Mehsana,Kharif,Bajra
8.22,0.13,0.46,154,35,193,389,29.5,Sandy Loam,Vadodara,Kharif,Bajra
7.29,0.14,0.46,140,26,275,294,29.3,Sandy Loam,Mehsana,Kharif,Bajra
8.1,0.12,0.42,186,17,330,296,36.4,Sandy Loam,Surendranagar,Kharif,Bajra
6.54,0.53,0.33,208,24,336,380,37.3,Sandy Loam,Banaskantha,Kharif,Bajra
7.93,0.38,0.37,183,39,260,433,33,Sandy Loam,Surendranagar,Kharif,Bajra
8.36,0.36,0.33,185,35,346,317,37.8,Sandy Loam,Surat,Kharif,Bajra
6.53,0.57,0.29,172,19,199,593,34.7,Sandy Loam,Surendranagar,Kharif,Bajra
8.4,0.36,0.36,121,39,180,484,32.4,Sandy Loam,Vadodara,Kharif,Bajra
6.58,0.19,0.36,191,36,278,506,36.1,Sandy Loam,Banaskantha,Kharif,Bajra
7.39,0.63,0.36,207,21,288,262,37.1,Sandy Loam,Bhavnagar,Kharif,Bajra
8.03,0.12,0.27,156,39,286,299,36.5,Sandy Loam,Banaskantha,Kharif,Bajra
6.8,0.6,0.43,191,18,317,554,30.1,Sandy Loam,Bharuch,Kharif,Bajra
8.45,0.33,0.29,151,32,313,308,32.1,Sandy Loam,Bhavnagar,Kharif,Bajra
7.57,0.31,0.43,207,26,287,555,28.5,Sandy Loam,Kutch,Kharif,Bajra
6.57,0.45,0.37,171,39,322,524,35.6,Sandy Loam,Gandhinagar,Kharif,Bajra
6.85,0.12,0.42,139,37,304,330,36.2,Sandy Loam,Kutch,Kharif,Bajra
7.84,0.62,0.41,200,21,297,357,31.5,Sandy Loam,Junagadh,Kharif,Bajra
7.43,0.23,0.5,219,15,316,363,28.5,Sandy Loam,Banaskantha,Kharif,Bajra
7.39,0.63,0.52,194,35,325,440,29,Sandy Loam,Vadodara,Kharif,Bajra
8.45,0.46,0.32,179,17,246,448,32.8,Sandy Loam,Ahmedabad,Kharif,Bajra
7.26,0.41,0.4,167,17,323,422,35.6,Sandy Loam,Rajkot,Kharif,Bajra
7.35,0.31,0.27,205,34,273,455,30.1,Sandy Loam,Surat,Kharif,Bajra
8.35,0.15,0.27,200,35,292,357,33.9,Sandy Loam,Junagadh,Kharif,Bajra
7.94,0.18,0.44,164,28,264,359,30.4,Sandy Loam,Bhavnagar,Kharif,Bajra
7.45,0.58,0.26,145,18,276,503,34.9,Sandy Loam,Rajkot,Kharif,Bajra
7.68,0.2,0.4,167,24,320,496,34.7,Sandy Loam,Anand,Kharif,Bajra
6.71,0.26,0.27,167,24,266,414,28.2,Sandy Loam,Vadodara,Kharif,Bajra
7.09,0.7,0.43,215,38,189,590,33.6,Sandy Loam,Banaskantha,Kharif,Bajra
8.19,0.34,0.41,186,31,302,319,31.1,Sandy Loam,Ahmedabad,Kharif,Bajra
6.93,0.22,0.53,156,22,314,362,35.7,Sandy Loam,Junagadh,Kharif,Bajra
6.56,0.15,0.33,140,34,258,566,37.4,Sandy Loam,Gandhinagar,Kharif,Bajra
7.88,0.53,0.29,192,33,344,461,31.1,Sandy Loam,Ahmedabad,Kharif,Bajra
8.01,0.19,0.47,208,21,271,301,33.2,Sandy Loam,Amreli,Kharif,Bajra
6.79,0.19,0.52,200,27,194,252,29.7,Sandy Loam,Junagadh,Kharif,Bajra
6.76,0.64,0.35,167,27,299,481,36.5,Sandy Loam,Amreli,Kharif,Bajra
7.22,0.5,0.43,214,16,247,302,37.2,Sandy Loam,Bharuch,Kharif,Bajra
8.22,0.63,0.25,128,28,283,470,28.4,Sandy Loam,Anand,Kharif,Bajra
6.86,0.45,0.42,190,24,250,498,34.3,Sandy Loam,Banaskantha,Kharif,Bajra
7.61,0.58,0.4,161,19,301,450,34.1,Sandy Loam,Navsari,Kharif,Bajra
7.11,0.11,0.31,153,37,322,326,30.5,Sandy Loam,Surat,Kharif,Bajra
7.95,0.25,0.41,179,17,256,437,28.4,Sandy Loam,Anand,Kharif,Bajra
8.17,0.17,0.44,209,19,277,597,31.8,Sandy Loam,Surendranagar,Kharif,Bajra
7.03,0.17,0.52,205,33,284,253,31.8,Sandy Loam,Navsari,Kharif,Bajra
7.41,0.57,0.28,184,33,211,302,36.1,Sandy Loam,Bhavnagar,Kharif,Bajra
7.13,0.67,0.58,206,34,216,405,35.3,Sandy Loam,Mehsana,Kharif,Bajra
7.6,0.57,0.35,125,22,247,290,30.8,Sandy Loam,Bharuch,Kharif,Bajra
6.64,0.16,0.58,191,35,206,409,28.1,Sandy Loam,Surendranagar,Kharif,Bajra
6.67,0.52,0.3,201,18,293,550,34.7,Sandy Loam,Navsari,Kharif,Bajra
7.4,0.4,0.39,193,38,250,274,36.1,Sandy Loam,Gandhinagar,Kharif,Bajra
6.7,0.5,0.43,187,21,197,261,30,Sandy Loam,Bharuch,Kharif,Bajra
8.11,0.56,0.39,160,30,212,328,32.6,Sandy Loam,Banaskantha,Kharif,Bajra
7.04,0.13,0.5,123,22,234,480,30.7,Sandy Loam,Junagadh,Kharif,Bajra
7.71,0.24,0.46,210,22,280,564,30.9,Sandy Loam,Anand,Kharif,Bajra
7.76,0.68,0.27,169,15,237,335,32.3,Sandy Loam,Vadodara,Kharif,Bajra
6.97,0.14,0.48,125,26,305,453,30.4,Sandy Loam,Rajkot,Kharif,Bajra
6.55,0.42,0.39,162,24,284,298,29.7,Sandy Loam,Ahmedabad,Kharif,Bajra
6.57,0.66,0.26,155,29,254,516,32,Sandy Loam,Surendranagar,Kharif,Bajra
7.62,0.56,0.47,186,33,249,510,30.5,Sandy Loam,Gandhinagar,Kharif,Bajra
6.52,0.49,0.39,133,15,193,483,36,Sandy Loam,Bharuch,Kharif,Bajra
6.64,0.39,0.58,148,35,303,410,33.7,Sandy Loam,Banaskantha,Kharif,Bajra
6.89,0.22,0.6,124,29,315,302,29.1,Sandy Loam,Gandhinagar,Kharif,Bajra
6.71,0.52,0.4,126,16,251,565,28.2,Sandy Loam,Navsari,Kharif,Bajra
7.07,0.15,0.59,165,25,331,466,32.5,Sandy Loam,Surat,Kharif,Bajra
6.97,0.5,0.36,192,38,284,425,31.7,Sandy Loam,Surat,Kharif,Bajra
7.64,0.17,0.52,123,21,239,434,30.4,Sandy Loam,Surendranagar,Kharif,Bajra
8.37,0.13,0.47,194,33,226,446,34.3,Sandy Loam,Surat,Kharif,Bajra
7.94,0.53,0.59,198,30,345,483,30.4,Sandy Loam,Surat,Kharif,Bajra
8.42,0.62,0.52,208,19,249,509,33,Sandy Loam,Surendranagar,Kharif,Bajra
8.34,0.58,0.53,164,31,276,418,37.7,Sandy Loam,Anand,Kharif,Bajra
7.74,0.62,0.48,169,32,296,589,28.9,Sandy Loam,Surendranagar,Kharif,Bajra
8.42,0.26,0.32,135,39,303,561,31.9,Sandy Loam,Ahmedabad,Kharif,Bajra
6.51,0.32,0.47,181,22,261,486,34.1,Sandy Loam,Surendranagar,Kharif,Bajra
7.93,0.33,0.37,170,37,330,535,34.1,Sandy Loam,Bharuch,Kharif,Bajra
7.03,0.28,0.32,195,32,332,479,28.2,Sandy Loam,Kutch,Kharif,Bajra
8.45,0.49,0.38,120,22,333,371,30.5,Sandy Loam,Gandhinagar,Kharif,Bajra
7.89,0.69,0.5,170,27,329,327,31.6,Sandy Loam,Banaskantha,Kharif,Bajra
8.17,0.49,0.37,199,20,279,277,28.1,Sandy Loam,Bharuch,Kharif,Bajra
8.42,0.59,0.48,215,16,201,417,32.2,Sandy Loam,Rajkot,Kharif,Bajra
8.19,0.38,0.45,220,23,339,570,33.1,Sandy Loam,Rajkot,Kharif,Bajra
8.21,0.1,0.49,191,31,215,585,35.6,Sandy Loam,Kutch,Kharif,Bajra
8.44,0.6,0.47,217,36,323,457,32.8,Sandy Loam,Kutch,Kharif,Bajra
8.36,0.14,0.34,153,31,211,502,34.8,Sandy Loam,Kutch,Kharif,Bajra
6.99,0.7,0.55,166,25,287,285,34.1,Sandy Loam,Rajkot,Kharif,Bajra
8.04,0.42,0.3,137,15,285,359,35.5,Sandy Loam,Anand,Kharif,Bajra
7.07,0.39,0.27,200,35,237,264,29.6,Sandy Loam,Navsari,Kharif,Bajra
8.03,0.51,0.4,150,28,309,346,31.2,Sandy Loam,Ahmedabad,Kharif,Bajra
8.2,0.36,0.26,151,19,237,545,34.7,Sandy Loam,Kutch,Kharif,Bajra
6.86,0.31,0.53,188,19,342,455,36.1,Sandy Loam,Amreli,Kharif,Bajra
7.26,0.46,0.41,153,34,339,540,31.2,Sandy Loam,Surendranagar,Kharif,Bajra
6.87,0.21,0.47,217,23,246,404,34.8,Sandy Loam,Bharuch,Kharif,Bajra
8.42,0.58,0.51,174,39,318,472,33.1,Sandy Loam,Rajkot,Kharif,Bajra
7.12,0.68,0.33,174,23,186,559,35.1,Sandy Loam,Vadodara,Kharif,Bajra
7.62,0.39,0.54,160,37,269,554,34.7,Sandy Loam,Bharuch,Kharif,Bajra
7.78,0.33,0.56,219,30,315,495,37.3,Sandy Loam,Amreli,Kharif,Bajra
8.34,0.45,0.49,122,37,248,449,37.5,Sandy Loam,Amreli,Kharif,Bajra
6.73,0.21,0.5,170,27,185,360,29.5,Sandy Loam,Mehsana,Kharif,Bajra
7.09,0.42,0.25,199,25,268,586,34.2,Sandy Loam,Gandhinagar,Kharif,Bajra
8.04,0.53,0.59,193,21,334,433,37.8,Sandy Loam,Bharuch,Kharif,Bajra
7.19,0.44,0.48,138,23,295,387,34.8,Sandy Loam,Rajkot,Kharif,Bajra
7.46,0.23,0.39,178,15,235,520,32.3,Sandy Loam,Ahmedabad,Kharif,Bajra
8.42,0.38,0.4,133,20,273,534,30.9,Sandy Loam,Surat,Kharif,Bajra
6.92,0.58,0.44,166,27,243,266,35.4,Sandy Loam,Banaskantha,Kharif,Bajra
8.43,0.48,0.6,191,19,310,488,30.2,Sandy Loam,Bharuch,Kharif,Bajra
6.72,0.63,0.49,186,31,231,292,29.7,Sandy Loam,Surat,Kharif,Bajra
7.93,0.69,0.52,157,32,269,326,29.8,Sandy Loam,Amreli,Kharif,Bajra
6.51,0.47,0.55,190,24,215,528,32.7,Sandy Loam,Ahmedabad,Kharif,Bajra
7.86,0.2,0.46,175,39,233,572,32,Sandy Loam,Amreli,Kharif,Bajra
7.75,0.54,0.37,131,36,184,259,37.6,Sandy Loam,Junagadh,Kharif,Bajra
7.53,0.47,0.49,218,23,212,315,32.3,Sandy Loam,Surat,Kharif,Bajra
7.88,0.11,0.4,177,19,213,373,31.2,Sandy Loam,Bhavnagar,Kharif,Bajra
7.81,0.24,0.5,144,36,249,599,29.4,Sandy Loam,Surat,Kharif,Bajra
8.49,0.3,0.32,134,28,326,322,36.5,Sandy Loam,Anand,Kharif,Bajra
7.71,0.62,0.5,148,18,288,468,34.1,Sandy Loam,Bhavnagar,Kharif,Bajra
7.85,0.11,0.32,120,23,275,392,37.1,Sandy Loam,Junagadh,Kharif,Bajra
7.28,0.36,0.34,179,15,187,529,30.9,Sandy Loam,Mehsana,Kharif,Bajra
6.55,0.3,0.48,182,28,256,323,33.8,Sandy Loam,Anand,Kharif,Bajra
7.89,0.41,0.46,157,18,210,433,28.1,Sandy Loam,Kutch,Kharif,Bajra
7.72,0.58,0.47,210,28,205,349,29.2,Sandy Loam,Bhavnagar,Kharif,Bajra
7.16,0.2,0.34,140,19,349,532,37.4,Sandy Loam,Mehsana,Kharif,Bajra
8.17,0.22,0.41,176,35,257,370,31.5,Sandy Loam,Bhavnagar,Kharif,Bajra
6.61,0.52,0.5,183,27,224,424,35.5,Sandy Loam,Banaskantha,Kharif,Bajra
7.23,0.56,0.28,162,39,220,416,31.2,Sandy Loam,Anand,Kharif,Bajra
6.86,0.37,0.44,188,20,282,270,30.2,Sandy Loam,Navsari,Kharif,Bajra
7.56,0.11,0.33,152,26,316,509,28.1,Sandy Loam,Rajkot,Kharif,Bajra
8.17,0.36,0.53,159,19,225,561,37.9,Sandy Loam,Vadodara,Kharif,Bajra
8.41,0.3,0.49,157,36,273,555,36.8,Sandy Loam,Vadodara,Kharif,Bajra
7.97,0.31,0.39,161,29,306,556,34.1,Sandy Loam,Rajkot,Kharif,Bajra
7.86,0.57,0.6,190,22,184,406,35.6,Sandy Loam,Ahmedabad,Kharif,Bajra
8.44,0.37,0.34,218,36,206,294,38,Sandy Loam,Mehsana,Kharif,Bajra
7.64,0.64,0.37,187,33,298,269,36,Sandy Loam,Surendranagar,Kharif,Bajra
7.2,0.66,0.31,134,39,232,353,31.8,Sandy Loam,Junagadh,Kharif,Bajra
6.52,0.41,0.35,175,36,198,316,34.7,Sandy Loam,Junagadh,Kharif,Bajra
7.87,0.65,0.35,133,38,209,376,35.3,Sandy Loam,Banaskantha,Kharif,Bajra
8.27,0.61,0.29,133,35,264,451,37.4,Sandy Loam,Surat,Kharif,Bajra
7.54,0.39,0.44,186,36,270,324,33.1,Sandy Loam,Mehsana,Kharif,Bajra
7.8,0.43,0.52,219,22,327,489,32,Sandy Loam,Junagadh,Kharif,Bajra
7.92,0.64,0.25,120,30,240,504,33.9,Sandy Loam,Bharuch,Kharif,Bajra
7.05,0.38,0.57,204,23,259,391,29.1,Sandy Loam,Gandhinagar,Kharif,Bajra
7.31,0.64,0.31,174,19,278,577,35.7,Sandy Loam,Navsari,Kharif,Bajra
7.81,0.28,0.41,165,33,207,450,28.3,Sandy Loam,Surat,Kharif,Bajra
7.18,0.49,0.43,198,31,264,570,34.4,Sandy Loam,Gandhinagar,Kharif,Bajra
8.12,0.52,0.45,174,26,309,410,32.5,Sandy Loam,Surendranagar,Kharif,Bajra
7.84,0.3,0.48,190,17,276,494,33.3,Sandy Loam,Navsari,Kharif,Bajra
7.85,0.39,0.58,146,16,293,583,34.7,Sandy Loam,Gandhinagar,Kharif,Bajra
8.41,0.16,0.57,201,21,260,586,28.3,Sandy Loam,Gandhinagar,Kharif,Bajra
7.52,0.23,0.45,139,21,230,506,31.2,Sandy Loam,Surat,Kharif,Bajra
8.31,0.35,0.46,163,19,321,420,34.8,Sandy Loam,Bhavnagar,Kharif,Bajra
6.87,0.15,0.6,137,36,280,411,30,Sandy Loam,Surat,Kharif,Bajra
7.13,0.5,0.37,135,24,339,480,29.6,Sandy Loam,Surat,Kharif,Bajra
6.78,0.18,0.34,182,17,254,467,35.9,Sandy Loam,Surendranagar,Kharif,Bajra
6.57,0.25,0.37,167,26,295,271,37.1,Sandy Loam,Junagadh,Kharif,Bajra
6.58,0.17,0.34,144,28,259,385,37.4,Sandy Loam,Banaskantha,Kharif,Bajra
7.05,0.38,0.39,218,20,207,532,33.6,Sandy Loam,Kutch,Kharif,Bajra
6.79,0.51,0.51,121,28,263,265,32.4,Sandy Loam,Rajkot,Kharif,Bajra
8.31,0.2,0.3,189,35,240,585,35.1,Sandy Loam,Vadodara,Kharif,Bajra
7.27,0.27,0.45,165,22,181,381,31.7,Sandy Loam,Bharuch,Kharif,Bajra
8.38,0.45,0.27,172,21,265,469,28.1,Sandy Loam,Gandhinagar,Kharif,Bajra
8.04,0.46,0.49,147,22,345,320,32.9,Sandy Loam,Banaskantha,Kharif,Bajra
7.95,0.14,0.49,172,16,187,516,29.8,Sandy Loam,Ahmedabad,Kharif,Bajra
7.63,0.53,0.59,138,28,324,258,29.8,Sandy Loam,Amreli,Kharif,Bajra
6.62,0.37,0.58,206,15,282,303,32.6,Sandy Loam,Ahmedabad,Kharif,Bajra
7.79,0.65,0.26,212,17,267,597,29.1,Sandy Loam,Junagadh,Kharif,Bajra
6.91,0.61,0.34,198,16,297,473,34,Sandy Loam,Surendranagar,Kharif,Bajra
6.73,0.21,0.28,203,21,240,368,33.9,Sandy Loam,Bhavnagar,Kharif,Bajra
7.69,0.45,0.38,203,34,217,307,28,Sandy Loam,Surat,Kharif,Bajra
6.55,0.15,0.31,173,16,194,536,29.3,Sandy Loam,Mehsana,Kharif,Bajra
6.97,0.38,0.51,143,29,193,411,30.9,Sandy Loam,Gandhinagar,Kharif,Bajra
7.97,0.42,0.41,141,32,217,281,32,Sandy Loam,Amreli,Kharif,Bajra
7.89,0.41,0.49,215,15,200,335,32.2,Sandy Loam,Surendranagar,Kharif,Bajra
7.08,0.35,0.4,184,33,262,320,35.4,Sandy Loam,Gandhinagar,Kharif,Bajra
7.32,0.61,0.4,208,15,345,468,36.9,Sandy Loam,Gandhinagar,Kharif,Bajra
6.81,0.48,0.57,163,20,272,486,30.2,Sandy Loam,Bhavnagar,Kharif,Bajra
7,0.4,0.57,153,15,293,251,36.1,Sandy Loam,Ahmedabad,Kharif,Bajra
7.14,0.38,0.52,126,28,202,322,37,Sandy Loam,Surendranagar,Kharif,Bajra
6.81,0.28,0.39,127,40,333,319,33.1,Sandy Loam,Surendranagar,Kharif,Bajra
7.3,0.53,0.5,216,27,245,311,32.4,Sandy Loam,Vadodara,Kharif,Bajra
6.89,0.4,0.48,174,16,265,448,35.3,Sandy Loam,Mehsana,Kharif,Bajra
7.53,0.58,0.28,202,27,276,406,38,Sandy Loam,Kutch,Kharif,Bajra
6.63,0.38,0.43,135,20,247,318,33.6,Sandy Loam,Surat,Kharif,Bajra
8.47,0.5,0.34,171,40,184,293,33.8,Sandy Loam,Banaskantha,Kharif,Bajra
7.61,0.26,0.26,176,15,210,491,28,Sandy Loam,Gandhinagar,Kharif,Bajra
8.24,0.16,0.31,181,29,346,302,35.2,Sandy Loam,Gandhinagar,Kharif,Bajra
8.15,0.13,0.33,174,32,328,440,35.3,Sandy Loam,Gandhinagar,Kharif,Bajra
7.9,0.49,0.35,130,36,193,417,37.7,Sandy Loam,Junagadh,Kharif,Bajra
8.35,0.44,0.25,206,30,193,304,33,Sandy Loam,Junagadh,Kharif,Bajra
7.95,0.11,0.27,164,36,253,539,32.7,Sandy Loam,Bhavnagar,Kharif,Bajra
7.87,0.21,0.28,206,20,338,490,31.6,Sandy Loam,Navsari,Kharif,Bajra
7.8,0.5,0.48,162,35,238,556,32.2,Sandy Loam,Bhavnagar,Kharif,Bajra
7.12,0.6,0.31,139,27,349,597,34.8,Sandy Loam,Kutch,Kharif,Bajra
7.8,0.13,0.28,156,18,269,358,32.4,Sandy Loam,Bharuch,Kharif,Bajra
8.07,0.61,0.28,144,22,297,563,35.7,Sandy Loam,Bharuch,Kharif,Bajra
7.35,0.55,0.51,218,40,335,479,31.8,Sandy Loam,Bhavnagar,Kharif,Bajra
7.85,0.33,0.57,187,25,267,504,35.7,Sandy Loam,Navsari,Kharif,Bajra
7.7,0.13,0.38,158,34,280,514,33.1,Sandy Loam,Navsari,Kharif,Bajra
7.68,0.12,0.27,163,31,282,337,30.8,Sandy Loam,Kutch,Kharif,Bajra
7.21,0.25,0.37,192,34,327,535,32.4,Sandy Loam,Navsari,Kharif,Bajra
7.25,0.25,0.3,176,38,331,305,29,Sandy Loam,Rajkot,Kharif,Bajra
7.88,0.13,0.5,167,40,198,523,30.5,Sandy Loam,Surendranagar,Kharif,Bajra
7.52,0.43,0.6,161,34,236,334,28.8,Sandy Loam,Anand,Kharif,Bajra
7.65,0.17,0.48,126,36,296,351,34.5,Sandy Loam,Surendranagar,Kharif,Bajra
8.02,0.63,0.3,173,23,219,427,34.2,Sandy Loam,Kutch,Kharif,Bajra
8.36,0.11,0.55,157,32,221,544,33.2,Sandy Loam,Surendranagar,Kharif,Bajra
8.08,0.62,0.5,138,17,252,490,37.7,Sandy Loam,Banaskantha,Kharif,Bajra
7.96,0.27,0.36,120,24,224,548,30.5,Sandy Loam,Rajkot,Kharif,Bajra
7.46,0.43,0.34,180,40,226,291,30.6,Sandy Loam,Gandhinagar,Kharif,Bajra
6.87,0.3,0.27,154,26,216,568,36.3,Sandy Loam,Ahmedabad,Kharif,Bajra
7.39,0.67,0.4,184,31,346,566,32.5,Sandy Loam,Gandhinagar,Kharif,Bajra
7.16,0.27,0.43,177,39,255,285,30.4,Sandy Loam,Rajkot,Kharif,Bajra
8.34,0.66,0.3,194,37,234,462,37.9,Sandy Loam,Bhavnagar,Kharif,Bajra
7.16,0.46,0.31,178,25,349,282,37.9,Sandy Loam,Navsari,Kharif,Bajra
7.25,0.25,0.46,134,19,251,520,30.9,Sandy Loam,Gandhinagar,Kharif,Bajra
7.71,0.35,0.53,164,28,210,285,37.8,Sandy Loam,Mehsana,Kharif,Bajra
8.11,0.18,0.3,150,16,299,264,34.6,Sandy Loam,Banaskantha,Kharif,Bajra
7,0.12,0.36,149,18,276,267,29.3,Sandy Loam,Gandhinagar,Kharif,Bajra
7.77,0.28,0.34,147,29,225,583,35.2,Sandy Loam,Rajkot,Kharif,Bajra
7.57,0.48,0.31,158,29,270,464,29.9,Sandy Loam,Bharuch,Kharif,Bajra
8.11,0.18,0.28,189,37,183,501,33.4,Sandy Loam,Mehsana,Kharif,Bajra
8.31,0.42,0.53,170,28,199,413,35,Sandy Loam,Vadodara,Kharif,Bajra
7.75,0.41,0.43,168,22,270,471,31.3,Sandy Loam,Rajkot,Kharif,Bajra
7.55,0.12,0.47,190,36,313,340,31.4,Sandy Loam,Amreli,Kharif,Bajra
8.33,0.41,0.44,175,33,190,411,36.3,Sandy Loam,Ahmedabad,Kharif,Bajra
7.68,0.53,0.43,159,20,317,506,36.9,Sandy Loam,Gandhinagar,Kharif,Bajra
8.27,0.3,0.27,130,36,236,595,29.7,Sandy Loam,Rajkot,Kharif,Bajra
8.09,0.55,0.31,215,20,184,356,36.7,Sandy Loam,Mehsana,Kharif,Bajra
7.37,0.28,0.53,215,30,319,449,29.4,Sandy Loam,Amreli,Kharif,Bajra
7.44,0.42,0.51,123,38,242,326,28.1,Sandy Loam,Gandhinagar,Kharif,Bajra
7.62,0.6,0.4,130,38,181,458,29.8,Sandy Loam,Anand,Kharif,Bajra
6.94,0.48,0.37,216,39,342,438,32.8,Sandy Loam,Surendranagar,Kharif,Bajra
7.35,0.22,0.48,177,30,344,268,28.6,Sandy Loam,Surat,Kharif,Bajra
7.18,0.31,0.45,147,16,212,486,30.2,Sandy Loam,Amreli,Kharif,Bajra
7.6,0.59,0.53,122,24,221,380,28.4,Sandy Loam,Vadodara,Kharif,Bajra
7.18,0.27,0.39,197,38,237,546,36,Sandy Loam,Kutch,Kharif,Bajra
6.58,0.16,0.4,191,32,197,434,35.9,Sandy Loam,Kutch,Kharif,Bajra
8.07,0.27,0.55,178,22,315,450,36.4,Sandy Loam,Ahmedabad,Kharif,Bajra
7.72,0.28,0.59,185,36,247,593,32.3,Sandy Loam,Surat,Kharif,Bajra
6.87,0.21,0.55,208,20,252,528,34,Sandy Loam,Mehsana,Kharif,Bajra
7.43,0.51,0.26,204,28,221,372,34.8,Sandy Loam,Vadodara,Kharif,Bajra
7.67,0.46,0.54,140,28,250,266,32.9,Sandy Loam,Kutch,Kharif,Bajra
7.61,0.29,0.27,136,37,192,365,36.6,Sandy Loam,Banaskantha,Kharif,Bajra
7.52,0.52,0.33,184,30,203,442,29.4,Sandy Loam,Surat,Kharif,Bajra
7.21,0.43,0.27,190,39,199,269,33.4,Sandy Loam,Rajkot,Kharif,Bajra
7.23,0.23,0.41,145,25,283,484,28.2,Sandy Loam,Gandhinagar,Kharif,Bajra
6.83,0.56,0.27,160,27,273,561,32.3,Sandy Loam,Gandhinagar,Kharif,Bajra
7.89,0.45,0.56,165,30,267,540,31.4,Sandy Loam,Vadodara,Kharif,Bajra
6.55,0.31,0.56,150,37,341,448,29.3,Sandy Loam,Gandhinagar,Kharif,Bajra
6.73,0.41,0.56,156,17,323,364,34.2,Sandy Loam,Bhavnagar,Kharif,Bajra
7.13,0.54,0.48,166,19,195,482,36.9,Sandy Loam,Bharuch,Kharif,Bajra
8.02,0.34,0.36,128,34,341,344,28.9,Sandy Loam,Gandhinagar,Kharif,Bajra
7.09,0.28,0.3,146,16,350,319,32.7,Sandy Loam,Bharuch,Kharif,Bajra
7.75,0.26,0.32,185,38,320,322,31,Sandy Loam,Surat,Kharif,Bajra
8.15,0.32,0.55,142,38,203,336,35.4,Sandy Loam,Surendranagar,Kharif,Bajra
8.48,0.11,0.5,194,21,291,369,30.9,Sandy Loam,Banaskantha,Kharif,Bajra
7,0.21,0.5,190,16,272,587,29.6,Sandy Loam,Banaskantha,Kharif,Bajra
7.13,0.44,0.5,156,30,335,379,28.9,Sandy Loam,Surendranagar,Kharif,Bajra
6.81,0.28,0.25,190,34,202,308,30,Sandy Loam,Bhavnagar,Kharif,Bajra
8.43,0.69,0.34,184,37,273,492,28.7,Sandy Loam,Banaskantha,Kharif,Bajra
8.03,0.47,0.49,179,28,319,462,28.9,Sandy Loam,Surat,Kharif,Bajra
7.08,0.18,0.52,139,15,222,567,28.9,Sandy Loam,Mehsana,Kharif,Bajra
6.67,0.23,0.28,195,24,323,267,29.6,Sandy Loam,Mehsana,Kharif,Bajra
7.59,0.42,0.27,168,36,285,404,36.1,Sandy Loam,Surat,Kharif,Bajra
6.73,0.44,0.49,195,16,311,328,28.7,Sandy Loam,Surat,Kharif,Bajra
7.14,0.68,0.5,209,21,204,476,37.6,Sandy Loam,Bharuch,Kharif,Bajra
7.36,0.62,0.39,126,24,197,497,28.9,Sandy Loam,Bhavnagar,Kharif,Bajra
7.6,0.44,0.47,184,40,302,398,28.4,Sandy Loam,Rajkot,Kharif,Bajra
6.98,0.22,0.31,217,22,249,384,33.9,Sandy Loam,Junagadh,Kharif,Bajra
8.42,0.15,0.56,180,39,280,426,28.6,Sandy Loam,Gandhinagar,Kharif,Bajra
7.19,0.52,0.38,203,29,218,365,28.8,Sandy Loam,Bharuch,Kharif,Bajra
7.99,0.17,0.26,145,36,307,578,33,Sandy Loam,Rajkot,Kharif,Bajra
7.8,0.61,0.51,218,16,260,475,37.8,Sandy Loam,Surat,Kharif,Bajra
8.02,0.44,0.38,218,21,195,467,32,Sandy Loam,Junagadh,Kharif,Bajra
6.53,0.46,0.35,196,27,281,559,30.5,Sandy Loam,Bharuch,Kharif,Bajra
7,0.51,0.27,183,18,261,517,36.2,Sandy Loam,Banaskantha,Kharif,Bajra
7.49,0.65,0.35,126,32,287,351,30.5,Sandy Loam,Navsari,Kharif,Bajra
6.93,0.12,0.51,163,32,305,400,30.9,Sandy Loam,Banaskantha,Kharif,Bajra
8.25,0.2,0.41,196,38,181,545,32.9,Sandy Loam,Mehsana,Kharif,Bajra
8.2,0.3,0.44,208,19,275,531,37.5,Sandy Loam,Vadodara,Kharif,Bajra
7.13,0.62,0.32,218,18,327,465,35.8,Sandy Loam,Surendranagar,Kharif,Bajra
7.12,0.62,0.52,150,28,306,527,33.6,Sandy Loam,Mehsana,Kharif,Bajra
7.92,0.22,0.56,201,21,217,373,33.3,Sandy Loam,Navsari,Kharif,Bajra
7.89,0.35,0.4,186,24,285,465,37,Sandy Loam,Mehsana,Kharif,Bajra
7.36,0.39,0.5,132,27,239,501,35.7,Sandy Loam,Junagadh,Kharif,Bajra
7.3,0.16,0.37,141,33,293,496,32,Sandy Loam,Navsari,Kharif,Bajra
7.22,0.28,0.43,134,38,248,379,36,Sandy Loam,Gandhinagar,Kharif,Bajra
6.86,0.17,0.36,147,37,277,285,28.7,Sandy Loam,Rajkot,Kharif,Bajra
6.7,0.33,0.26,145,27,199,295,33.2,Sandy Loam,Ahmedabad,Kharif,Bajra
8,0.11,0.37,163,37,341,388,31.8,Sandy Loam,Surendranagar,Kharif,Bajra
7.02,0.54,0.43,151,27,309,380,37.2,Sandy Loam,Gandhinagar,Kharif,Bajra
7.4,0.69,0.53,145,24,249,573,34.9,Sandy Loam,Vadodara,Kharif,Bajra
8.2,0.31,0.39,174,15,182,368,37.9,Sandy Loam,Rajkot,Kharif,Bajra
7.7,0.35,0.59,139,30,218,362,37.7,Sandy Loam,Bharuch,Kharif,Bajra
7.67,0.64,0.49,208,18,346,477,35.4,Sandy Loam,Ahmedabad,Kharif,Bajra
8.1,0.24,0.38,220,16,328,416,36.4,Sandy Loam,Junagadh,Kharif,Bajra
8.46,0.45,0.34,219,37,334,543,28.9,Sandy Loam,Junagadh,Kharif,Bajra
7.59,0.14,0.39,208,40,246,259,30.4,Sandy Loam,Mehsana,Kharif,Bajra
7.04,0.62,0.59,179,16,183,465,29.7,Sandy Loam,Surendranagar,Kharif,Bajra
7.64,0.53,0.45,210,18,258,342,33.9,Sandy Loam,Navsari,Kharif,Bajra
7.07,0.55,0.4,162,24,215,293,37.8,Sandy Loam,Anand,Kharif,Bajra
7.89,0.68,0.55,136,30,267,336,33,Sandy Loam,Rajkot,Kharif,Bajra
7.33,0.66,0.56,211,17,345,478,30,Sandy Loam,Gandhinagar,Kharif,Bajra
7.66,0.57,0.49,160,33,227,369,31.1,Sandy Loam,Anand,Kharif,Bajra
7.32,0.23,0.33,140,28,251,513,34.1,Sandy Loam,Kutch,Kharif,Bajra
8.41,0.61,0.27,176,15,299,534,37.7,Sandy Loam,Amreli,Kharif,Bajra
7.87,0.47,0.47,163,29,283,288,35.4,Sandy Loam,Junagadh,Kharif,Bajra
8.21,0.62,0.52,192,24,323,394,28.9,Sandy Loam,Amreli,Kharif,Bajra
7.75,0.63,0.55,151,25,269,326,35.9,Sandy Loam,Kutch,Kharif,Bajra
6.93,0.2,0.44,180,37,271,457,34.6,Sandy Loam,Kutch,Kharif,Bajra
6.92,0.65,0.4,161,27,250,576,32.6,Sandy Loam,Rajkot,Kharif,Bajra
8.16,0.3,0.45,213,38,196,518,36.7,Sandy Loam,Junagadh,Kharif,Bajra
7.85,0.41,0.46,129,38,180,499,35.3,Sandy Loam,Rajkot,Kharif,Bajra
8.48,0.17,0.36,171,23,245,445,35.1,Sandy Loam,Rajkot,Kharif,Bajra
8.5,0.61,0.33,217,33,297,435,36,Sandy Loam,Bhavnagar,Kharif,Bajra
8.03,0.62,0.42,213,39,312,529,36.6,Sandy Loam,Bhavnagar,Kharif,Bajra
6.87,0.4,0.5,181,24,323,595,36.4,Sandy Loam,Gandhinagar,Kharif,Bajra
6.51,0.38,0.45,135,35,217,424,30.4,Sandy Loam,Surendranagar,Kharif,Bajra
6.69,0.15,0.48,218,32,187,531,37.7,Sandy Loam,Ahmedabad,Kharif,Bajra
7.47,0.68,0.27,172,36,283,460,35.3,Sandy Loam,Mehsana,Kharif,Bajra
7.36,0.65,0.55,190,21,326,581,38,Sandy Loam,Rajkot,Kharif,Bajra
7.32,0.34,0.54,187,19,207,250,36.3,Sandy Loam,Kutch,Kharif,Bajra
8.49,0.38,0.54,215,33,185,478,28.5,Sandy Loam,Gandhinagar,Kharif,Bajra
7.54,0.14,0.47,216,38,286,472,35.5,Sandy Loam,Amreli,Kharif,Bajra
6.57,0.58,0.53,210,16,326,513,30.3,Sandy Loam,Banaskantha,Kharif,Bajra
6.81,0.52,0.4,212,24,318,475,36.7,Sandy Loam,Banaskantha,Kharif,Bajra
7.32,0.14,0.42,156,36,248,424,31.9,Sandy Loam,Amreli,Kharif,Bajra
7.35,0.34,0.49,131,39,333,511,29.6,Sandy Loam,Gandhinagar,Kharif,Bajra
8.5,0.26,0.42,164,15,190,349,31.1,Sandy Loam,Bharuch,Kharif,Bajra
6.8,0.21,0.59,170,34,237,279,30.2,Sandy Loam,Kutch,Kharif,Bajra
8.4,0.25,0.31,167,29,237,373,28.1,Sandy Loam,Gandhinagar,Kharif,Bajra
8.01,0.59,0.52,125,38,277,366,31.4,Sandy Loam,Mehsana,Kharif,Bajra
7.19,0.49,0.35,171,38,302,438,29.2,Sandy Loam,Bhavnagar,Kharif,Bajra
7.62,0.39,0.47,195,15,195,433,36.4,Sandy Loam,Ahmedabad,Kharif,Bajra
7.95,0.56,0.46,146,21,214,502,32.3,Sandy Loam,Navsari,Kharif,Bajra
6.76,0.42,0.37,171,20,313,368,32.7,Sandy Loam,Gandhinagar,Kharif,Bajra
7.85,0.21,0.51,146,18,189,369,36.1,Sandy Loam,Anand,Kharif,Bajra
8.03,0.52,0.56,120,32,329,409,29.4,Sandy Loam,Navsari,Kharif,Bajra
8.37,0.12,0.51,121,23,230,347,30.3,Sandy Loam,Kutch,Kharif,Bajra
6.75,0.48,0.56,185,21,316,393,31.7,Sandy Loam,Amreli,Kharif,Bajra
7.22,0.39,0.44,121,23,298,362,32.4,Sandy Loam,Bharuch,Kharif,Bajra
8.37,0.51,0.42,173,33,348,447,33.4,Sandy Loam,Navsari,Kharif,Bajra
7.24,0.52,0.36,213,37,216,299,31.7,Sandy Loam,Gandhinagar,Kharif,Bajra
7.74,0.19,0.35,161,21,217,572,36.2,Sandy Loam,Kutch,Kharif,Bajra
8.44,0.68,0.4,187,26,337,354,30.6,Sandy Loam,Mehsana,Kharif,Bajra
8.48,0.23,0.53,124,22,334,483,34.1,Sandy Loam,Surendranagar,Kharif,Bajra
8.33,0.5,0.55,206,21,200,440,28.2,Sandy Loam,Rajkot,Kharif,Bajra
7.69,0.32,0.45,206,28,268,435,35.8,Sandy Loam,Amreli,Kharif,Bajra
7.16,0.34,0.4,214,35,314,457,34.4,Sandy Loam,Ahmedabad,Kharif,Bajra
7.79,0.23,0.35,173,30,203,402,36.3,Sandy Loam,Surat,Kharif,Bajra
6.78,0.45,0.5,131,38,180,368,33.3,Sandy Loam,Navsari,Kharif,Bajra
6.79,0.38,0.31,133,25,270,539,35.6,Sandy Loam,Surendranagar,Kharif,Bajra
7.85,0.28,0.45,173,22,332,559,30.6,Sandy Loam,Surendranagar,Kharif,Bajra
7.69,0.1,0.44,164,25,253,462,31.6,Sandy Loam,Surat,Kharif,Bajra
6.65,0.13,0.42,124,16,218,296,28.2,Sandy Loam,Bhavnagar,Kharif,Bajra
8.11,0.38,0.32,205,27,236,599,35.4,Sandy Loam,Vadodara,Kharif,Bajra
7.97,0.49,0.41,212,37,227,337,37.5,Sandy Loam,Navsari,Kharif,Bajra
8.34,0.37,0.45,196,17,289,591,31.9,Sandy Loam,Banaskantha,Kharif,Bajra
6.75,0.46,0.36,186,28,281,261,35.5,Sandy Loam,Anand,Kharif,Bajra
7.99,0.35,0.36,216,29,322,542,34.3,Sandy Loam,Kutch,Kharif,Bajra
7.44,0.31,0.38,155,17,303,470,35.9,Sandy Loam,Banaskantha,Kharif,Bajra
6.9,0.16,0.4,218,37,348,588,31.7,Sandy Loam,Junagadh,Kharif,Bajra
7.07,0.55,0.54,211,23,287,472,37.6,Sandy Loam,Navsari,Kharif,Bajra
8.33,0.58,0.49,149,32,292,531,36.8,Sandy Loam,Amreli,Kharif,Bajra
7.5,0.44,0.48,169,28,268,294,33.5,Sandy Loam,Mehsana,Kharif,Bajra
8.1,0.28,0.41,131,33,315,526,33,Sandy Loam,Navsari,Kharif,Bajra
6.99,0.26,0.27,171,31,261,566,30.1,Sandy Loam,Ahmedabad,Kharif,Bajra
6.82,0.29,0.3,125,31,326,580,33.9,Sandy Loam,Navsari,Kharif,Bajra
7.29,0.46,0.47,153,22,256,368,31.6,Sandy Loam,Banaskantha,Kharif,Bajra
7.16,0.7,0.32,133,36,271,449,28.3,Sandy Loam,Mehsana,Kharif,Bajra
7.4,0.1,0.44,146,25,259,464,34.2,Sandy Loam,Ahmedabad,Kharif,Bajra
6.5,0.28,0.53,147,30,283,382,32.4,Sandy Loam,Ahmedabad,Kharif,Bajra
7.97,0.45,0.48,130,28,200,345,29.8,Sandy Loam,Junagadh,Kharif,Bajra
8.47,0.24,0.45,207,27,260,429,33.5,Sandy Loam,Bhavnagar,Kharif,Bajra
7.51,0.66,0.27,192,35,191,271,35.9,Sandy Loam,Rajkot,Kharif,Bajra
7.13,0.46,0.33,167,19,319,462,35.1,Sandy Loam,Junagadh,Kharif,Bajra
6.7,0.23,0.36,215,15,186,335,33.9,Sandy Loam,Surat,Kharif,Bajra
8.08,0.11,0.6,123,17,227,400,36.1,Sandy Loam,Rajkot,Kharif,Bajra
8.43,0.16,0.38,127,27,347,296,34,Sandy Loam,Surat,Kharif,Bajra
8.33,0.48,0.5,124,26,266,311,33.8,Sandy Loam,Anand,Kharif,Bajra
8.36,0.35,0.4,184,28,349,502,28.8,Sandy Loam,Mehsana,Kharif,Bajra
6.52,0.29,0.58,196,21,221,535,37.1,Sandy Loam,Junagadh,Kharif,Bajra
7.48,0.65,0.29,174,17,219,552,30.2,Sandy Loam,Rajkot,Kharif,Bajra
8.02,0.27,0.37,137,16,324,385,28.4,Sandy Loam,Anand,Kharif,Bajra
6.93,0.62,0.28,180,30,272,517,33.6,Sandy Loam,Amreli,Kharif,Bajra
7.93,0.25,0.25,171,18,197,342,37.1,Sandy Loam,Bhavnagar,Kharif,Bajra
6.57,0.24,0.27,169,33,274,287,32.3,Sandy Loam,Kutch,Kharif,Bajra
6.69,0.17,0.44,126,35,196,527,28.8,Sandy Loam,Kutch,Kharif,Bajra
7.96,0.62,0.5,219,22,337,561,37.3,Sandy Loam,Junagadh,Kharif,Bajra
6.86,0.31,0.56,185,39,306,547,35.2,Sandy Loam,Junagadh,Kharif,Bajra
7.36,0.19,0.29,156,36,267,557,32.3,Sandy Loam,Anand,Kharif,Bajra
6.54,0.45,0.39,133,33,283,530,28.5,Sandy Loam,Vadodara,Kharif,Bajra
6.56,0.2,0.27,216,16,235,466,28.1,Sandy Loam,Ahmedabad,Kharif,Bajra
8.07,0.57,0.58,191,39,183,379,30.6,Sandy Loam,Anand,Kharif,Bajra
6.59,0.42,0.28,198,30,206,381,28.4,Sandy Loam,Navsari,Kharif,Bajra
7.35,0.3,0.35,165,15,283,255,33.9,Sandy Loam,Anand,Kharif,Bajra
8.32,0.4,0.39,136,37,296,384,31.4,Sandy Loam,Banaskantha,Kharif,Bajra
7.62,0.51,0.47,164,33,347,270,32.9,Sandy Loam,Banaskantha,Kharif,Bajra
8.47,0.15,0.3,199,36,184,398,34.2,Sandy Loam,Surendranagar,Kharif,Bajra
8.22,0.49,0.57,142,25,228,595,35.6,Sandy Loam,Gandhinagar,Kharif,Bajra
7.31,0.33,0.28,196,40,268,349,28.4,Sandy Loam,Anand,Kharif,Bajra
8.43,0.4,0.43,200,27,211,490,37.9,Sandy Loam,Surendranagar,Kharif,Bajra
7.54,0.45,0.26,220,36,279,316,34.1,Sandy Loam,Ahmedabad,Kharif,Bajra
6.67,0.56,0.39,218,38,318,454,32.4,Sandy Loam,Navsari,Kharif,Bajra
7.69,0.18,0.53,171,32,332,573,38,Sandy Loam,Gandhinagar,Kharif,Bajra
7.8,0.17,0.38,140,30,305,600,31,Sandy Loam,Rajkot,Kharif,Bajra
8.29,0.59,0.42,136,21,202,325,31.2,Sandy Loam,Amreli,Kharif,Bajra
8.42,0.3,0.37,215,27,188,250,33.2,Sandy Loam,Banaskantha,Kharif,Bajra
7.28,0.14,0.31,166,16,266,326,28.1,Sandy Loam,Surendranagar,Kharif,Bajra
7.96,0.24,0.32,131,21,210,513,30.7,Sandy Loam,Junagadh,Kharif,Bajra
7.16,0.68,0.47,156,36,218,374,29.5,Sandy Loam,Junagadh,Kharif,Bajra
7.71,0.63,0.57,194,23,246,365,35.3,Sandy Loam,Surendranagar,Kharif,Bajra
7.9,0.58,0.35,123,40,317,498,33.1,Sandy Loam,Bhavnagar,Kharif,Bajra
8.31,0.61,0.49,201,29,303,552,35.6,Sandy Loam,Bhavnagar,Kharif,Bajra
8.25,0.13,0.3,134,28,315,325,30.3,Sandy Loam,Gandhinagar,Kharif,Bajra
7.75,0.44,0.49,215,31,200,507,29.1,Sandy Loam,Junagadh,Kharif,Bajra
8.11,0.44,0.3,159,20,284,426,37.9,Sandy Loam,Bharuch,Kharif,Bajra
6.93,0.3,0.43,177,24,268,315,32.2,Sandy Loam,Mehsana,Kharif,Bajra
7.55,0.42,0.32,216,30,340,326,31.1,Sandy Loam,Bhavnagar,Kharif,Bajra
6.87,0.48,0.32,134,17,299,519,34.8,Sandy Loam,Mehsana,Kharif,Bajra
6.55,0.13,0.34,163,26,238,533,35.4,Sandy Loam,Mehsana,Kharif,Bajra
8.42,0.2,0.6,176,27,301,472,31.8,Sandy Loam,Bhavnagar,Kharif,Bajra
6.59,0.18,0.44,183,24,262,506,32.5,Sandy Loam,Junagadh,Kharif,Bajra
7.75,0.29,0.28,147,37,279,534,31.6,Sandy Loam,Rajkot,Kharif,Bajra
7.24,0.55,0.3,136,18,348,585,28.3,Sandy Loam,Bhavnagar,Kharif,Bajra
8.3,0.15,0.53,153,22,180,575,36.2,Sandy Loam,Bharuch,Kharif,Bajra
7.28,0.27,0.35,138,33,332,445,37.3,Sandy Loam,Bhavnagar,Kharif,Bajra
7.42,0.26,0.32,128,34,336,495,29,Sandy Loam,Kutch,Kharif,Bajra
8.2,0.24,0.54,155,40,328,480,29.6,Sandy Loam,Anand,Kharif,Bajra
7.73,0.12,0.26,125,38,232,574,31,Sandy Loam,Navsari,Kharif,Bajra
7.7,0.4,0.51,189,37,271,532,35.2,Sandy Loam,Bhavnagar,Kharif,Bajra
7.56,0.4,0.54,180,31,283,277,37.5,Sandy Loam,Rajkot,Kharif,Bajra
7.23,0.45,0.42,152,21,296,473,37.8,Sandy Loam,Mehsana,Kharif,Bajra
6.76,0.64,0.45,125,21,234,310,29.6,Sandy Loam,Surat,Kharif,Bajra
8.24,0.29,0.44,176,15,254,480,30.1,Sandy Loam,Navsari,Kharif,Bajra
7.96,0.63,0.56,187,21,281,534,32.6,Sandy Loam,Gandhinagar,Kharif,Bajra
7.95,0.4,0.25,122,22,283,447,32.1,Sandy Loam,Ahmedabad,Kharif,Bajra
6.53,0.5,0.41,211,19,221,531,36.5,Sandy Loam,Anand,Kharif,Bajra
8.43,0.57,0.48,136,18,328,358,36.6,Sandy Loam,Anand,Kharif,Bajra
8.42,0.2,0.44,153,39,292,318,32.3,Sandy Loam,Banaskantha,Kharif,Bajra
6.91,0.61,0.57,212,39,272,579,33.9,Sandy Loam,Banaskantha,Kharif,Bajra
6.83,0.56,0.57,171,36,281,266,36.9,Sandy Loam,Surat,Kharif,Bajra
6.69,0.22,0.48,153,21,267,516,36.1,Sandy Loam,Banaskantha,Kharif,Bajra
8.26,0.44,0.29,186,36,259,471,31.5,Sandy Loam,Navsari,Kharif,Bajra
6.86,0.12,0.39,150,29,322,599,28.9,Sandy Loam,Navsari,Kharif,Bajra
7.62,0.54,0.33,168,23,340,520,28.9,Sandy Loam,Bhavnagar,Kharif,Bajra
7.18,0.31,0.38,190,40,340,440,33.7,Sandy Loam,Amreli,Kharif,Bajra
6.65,0.25,0.45,145,18,233,459,29.9,Sandy Loam,Vadodara,Kharif,Bajra
7.65,0.21,0.39,174,31,306,493,32.9,Sandy Loam,Vadodara,Kharif,Bajra
8.08,0.36,0.32,219,24,202,498,30.6,Sandy Loam,Banaskantha,Kharif,Bajra
7.19,0.56,0.6,123,32,347,528,36,Sandy Loam,Ahmedabad,Kharif,Bajra
8.07,0.61,0.32,197,34,183,597,36.1,Sandy Loam,Rajkot,Kharif,Bajra
7.23,0.12,0.28,130,22,336,304,31.3,Sandy Loam,Navsari,Kharif,Bajra
7.07,0.55,0.39,152,30,338,330,35.6,Sandy Loam,Banaskantha,Kharif,Bajra
7.71,0.15,0.55,187,27,204,446,35.8,Sandy Loam,Anand,Kharif,Bajra
7.42,0.46,0.36,200,40,348,558,33.7,Sandy Loam,Vadodara,Kharif,Bajra
8.46,0.39,0.44,123,27,296,563,37.4,Sandy Loam,Gandhinagar,Kharif,Bajra
7.83,0.33,0.31,124,33,280,310,28.5,Sandy Loam,Bharuch,Kharif,Bajra
6.89,0.21,0.36,206,20,194,436,33.1,Sandy Loam,Banaskantha,Kharif,Bajra
7.63,0.69,0.56,166,34,300,303,34.6,Sandy Loam,Vadodara,Kharif,Bajra
8.33,0.37,0.32,218,30,299,253,29.2,Sandy Loam,Navsari,Kharif,Bajra
7.86,0.16,0.59,206,30,232,570,36.1,Sandy Loam,Junagadh,Kharif,Bajra
8.13,0.45,0.43,172,31,321,524,36.7,Sandy Loam,Bharuch,Kharif,Bajra
6.63,0.66,0.43,206,34,301,352,37.4,Sandy Loam,Gandhinagar,Kharif,Bajra
8.22,0.59,0.54,157,21,229,460,30.7,Sandy Loam,Junagadh,Kharif,Bajra
6.84,0.22,0.42,183,36,288,429,33.9,Sandy Loam,Bhavnagar,Kharif,Bajra
7.17,0.37,0.51,169,34,246,548,34.3,Sandy Loam,Bhavnagar,Kharif,Bajra
6.66,0.31,0.47,214,22,250,476,37.1,Sandy Loam,Kutch,Kharif,Bajra
6.57,0.48,0.34,219,26,241,476,33,Sandy Loam,Mehsana,Kharif,Bajra
7.95,0.51,0.51,198,27,260,366,34.4,Sandy Loam,Vadodara,Kharif,Bajra
8.26,0.24,0.53,164,23,321,266,35.7,Sandy Loam,Mehsana,Kharif,Bajra
6.51,0.24,0.33,213,32,275,456,33.8,Sandy Loam,Bhavnagar,Kharif,Bajra
7.71,0.25,0.46,158,38,314,271,35,Sandy Loam,Bharuch,Kharif,Bajra
8.06,0.38,0.41,127,40,250,294,31.5,Sandy Loam,Surat,Kharif,Bajra
6.85,0.69,0.34,123,25,206,273,36,Sandy Loam,Ahmedabad,Kharif,Bajra
7.22,0.24,0.44,200,33,290,355,30,Sandy Loam,Surendranagar,Kharif,Bajra
7.29,0.27,0.4,208,40,280,471,35.5,Sandy Loam,Surat,Kharif,Bajra
8.2,0.67,0.57,145,40,326,567,32.7,Sandy Loam,Vadodara,Kharif,Bajra
7.69,0.57,0.5,217,33,252,285,28.5,Sandy Loam,Junagadh,Kharif,Bajra
6.86,0.39,0.27,188,18,332,417,29.1,Sandy Loam,Mehsana,Kharif,Bajra
7.02,0.63,0.42,201,30,231,515,30,Sandy Loam,Anand,Kharif,Bajra
8.17,0.36,0.34,147,25,294,585,31.7,Sandy Loam,Mehsana,Kharif,Bajra
7.68,0.61,0.26,164,36,344,343,32.1,Sandy Loam,Bharuch,Kharif,Bajra
7.43,0.54,0.55,180,25,290,490,28.6,Sandy Loam,Kutch,Kharif,Bajra
8.19,0.52,0.49,135,20,333,343,30.4,Sandy Loam,Surendranagar,Kharif,Bajra
6.69,0.23,0.29,144,30,298,379,31.6,Sandy Loam,Kutch,Kharif,Bajra
6.7,0.54,0.32,151,30,285,506,32.5,Sandy Loam,Surendranagar,Kharif,Bajra
7.89,0.57,0.25,194,17,191,571,36,Sandy Loam,Anand,Kharif,Bajra
7.78,0.17,0.26,174,23,190,503,28.4,Sandy Loam,Mehsana,Kharif,Bajra
6.91,0.42,0.48,176,31,248,512,37.7,Sandy Loam,Surat,Kharif,Bajra
7.01,0.6,0.37,147,28,264,587,30.8,Sandy Loam,Anand,Kharif,Bajra
7.08,0.26,0.3,143,31,194,564,28.1,Sandy Loam,Anand,Kharif,Bajra
7.4,0.62,0.43,204,40,279,381,30.5,Sandy Loam,Ahmedabad,Kharif,Bajra
7.48,0.41,0.51,184,23,246,386,36.9,Sandy Loam,Bhavnagar,Kharif,Bajra
7.68,0.11,0.6,200,16,298,570,36.9,Sandy Loam,Junagadh,Kharif,Bajra
8.19,0.59,0.3,199,34,193,313,35.4,Sandy Loam,Surat,Kharif,Bajra
8.17,0.49,0.56,197,34,348,568,32,Sandy Loam,Surat,Kharif,Bajra
6.54,0.46,0.56,151,26,282,430,30.6,Sandy Loam,Surat,Kharif,Bajra
6.56,0.46,0.46,165,23,195,342,34.8,Sandy Loam,Surendranagar,Kharif,Bajra
6.83,0.17,0.55,200,34,271,360,28.9,Sandy Loam,Junagadh,Kharif,Bajra
6.54,0.18,0.28,188,19,189,446,37.3,Sandy Loam,Bharuch,Kharif,Bajra
8.32,0.28,0.56,220,37,188,540,30.4,Sandy Loam,Surendranagar,Kharif,Bajra
8.42,0.28,0.35,177,21,312,433,32.4,Sandy Loam,Banaskantha,Kharif,Bajra
7.39,0.22,0.53,215,19,249,418,34.4,Sandy Loam,Surat,Kharif,Bajra
7.55,0.16,0.55,188,20,304,324,36.6,Sandy Loam,Bharuch,Kharif,Bajra
7.53,0.18,0.58,136,33,270,300,33,Sandy Loam,Anand,Kharif,Bajra
7.22,0.49,0.49,219,31,314,588,35.2,Sandy Loam,Surendranagar,Kharif,Bajra
7.18,0.12,0.27,185,18,327,466,35.3,Sandy Loam,Anand,Kharif,Bajra
7.11,0.55,0.41,133,36,266,257,36.2,Sandy Loam,Mehsana,Kharif,Bajra
7.61,0.45,0.29,211,25,187,511,33.7,Sandy Loam,Navsari,Kharif,Bajra
7.31,0.27,0.33,162,15,293,461,34,Sandy Loam,Vadodara,Kharif,Bajra
8.07,0.46,0.53,146,26,265,510,33.1,Sandy Loam,Mehsana,Kharif,Bajra
8.01,0.18,0.3,176,39,264,403,32.5,Sandy Loam,Kutch,Kharif,Bajra
7.49,0.4,0.38,143,26,252,310,29.3,Sandy Loam,Amreli,Kharif,Bajra
8.2,0.54,0.53,151,30,332,490,34.2,Sandy Loam,Gandhinagar,Kharif,Bajra
6.62,0.27,0.37,166,34,252,530,36.3,Sandy Loam,Gandhinagar,Kharif,Bajra
8.29,0.65,0.55,133,28,289,317,30,Sandy Loam,Bharuch,Kharif,Bajra
7.34,0.61,0.29,162,26,330,363,31.4,Sandy Loam,Surendranagar,Kharif,Bajra
6.84,0.37,0.41,199,38,185,442,31,Sandy Loam,Surendranagar,Kharif,Bajra
8.05,0.19,0.3,181,27,272,351,36.1,Sandy Loam,Anand,Kharif,Bajra
7.24,0.17,0.47,155,18,307,576,36.2,Sandy Loam,Vadodara,Kharif,Bajra
7.07,0.32,0.44,157,26,271,568,37.6,Sandy Loam,Surendranagar,Kharif,Bajra
7.37,0.21,0.29,191,36,234,354,31.7,Sandy Loam,Bhavnagar,Kharif,Bajra
8.44,0.56,0.4,126,32,336,432,35.6,Sandy Loam,Bharuch,Kharif,Bajra
7.99,0.15,0.43,217,37,193,400,30,Sandy Loam,Rajkot,Kharif,Bajra
7.24,0.3,0.42,161,39,220,297,34.3,Sandy Loam,Banaskantha,Kharif,Bajra
6.96,0.33,0.38,125,39,337,599,37.7,Sandy Loam,Kutch,Kharif,Bajra
7.86,0.12,0.45,186,31,319,429,34.5,Sandy Loam,Rajkot,Kharif,Bajra
6.57,0.32,0.52,145,34,200,297,29.1,Sandy Loam,Amreli,Kharif,Bajra
6.59,0.34,0.27,198,37,228,597,35.3,Sandy Loam,Banaskantha,Kharif,Bajra
7.37,0.4,0.26,120,36,240,528,33.6,Sandy Loam,Mehsana,Kharif,Bajra
6.84,0.49,0.58,191,32,337,358,33.3,Sandy Loam,Gandhinagar,Kharif,Bajra
7.54,0.55,0.39,177,28,283,377,35.5,Sandy Loam,Surendranagar,Kharif,Bajra
8.19,0.18,0.25,149,24,311,297,29.9,Sandy Loam,Bhavnagar,Kharif,Bajra
8.03,0.36,0.42,139,38,285,407,30.7,Sandy Loam,Navsari,Kharif,Bajra
7.43,0.44,0.52,217,20,306,556,36.2,Sandy Loam,Surat,Kharif,Bajra
7.38,0.57,0.36,131,36,320,492,32.4,Sandy Loam,Navsari,Kharif,Bajra
7.72,0.2,0.39,177,36,202,406,37.3,Sandy Loam,Ahmedabad,Kharif,Bajra
8.13,0.23,0.53,198,37,265,377,28.9,Sandy Loam,Vadodara,Kharif,Bajra
8.12,0.34,0.48,145,34,251,255,37.4,Sandy Loam,Bharuch,Kharif,Bajra
8.09,0.56,0.55,192,40,276,387,35.7,Sandy Loam,Ahmedabad,Kharif,Bajra
7.34,0.7,0.43,135,36,317,343,36.4,Sandy Loam,Surat,Kharif,Bajra
7.83,0.49,0.59,202,19,248,446,33.6,Sandy Loam,Amreli,Kharif,Bajra
8.31,0.24,0.32,182,37,322,388,28.5,Sandy Loam,Kutch,Kharif,Bajra
7.92,0.22,0.39,158,37,313,417,33,Sandy Loam,Junagadh,Kharif,Bajra
8.36,0.57,0.36,169,36,263,595,35.8,Sandy Loam,Kutch,Kharif,Bajra
8.14,0.65,0.59,178,31,278,537,34.8,Sandy Loam,Surendranagar,Kharif,Bajra
7.21,0.14,0.51,170,35,302,583,32.2,Sandy Loam,Banaskantha,Kharif,Bajra
7.03,0.68,0.57,141,29,189,438,32.1,Sandy Loam,Ahmedabad,Kharif,Bajra
7.21,0.63,0.53,142,16,195,399,29.5,Sandy Loam,Gandhinagar,Kharif,Bajra
7,0.53,0.55,137,16,243,416,28.8,Sandy Loam,Banaskantha,Kharif,Bajra
8.44,0.31,0.58,122,40,267,459,31.7,Sandy Loam,Surat,Kharif,Bajra
6.95,0.63,0.44,126,32,202,570,30.6,Sandy Loam,Surendranagar,Kharif,Bajra
6.87,0.21,0.45,180,28,285,354,29.9,Sandy Loam,Kutch,Kharif,Bajra
7.68,0.53,0.52,136,21,232,530,29,Sandy Loam,Junagadh,Kharif,Bajra
8.34,0.55,0.43,129,38,305,272,28.4,Sandy Loam,Amreli,Kharif,Bajra
7.71,0.42,0.37,203,39,255,547,36.3,Sandy Loam,Vadodara,Kharif,Bajra
7.74,0.11,0.55,180,15,226,429,34.2,Sandy Loam,Rajkot,Kharif,Bajra
8.41,0.58,0.33,184,21,191,409,37.4,Sandy Loam,Kutch,Kharif,Bajra
7.47,0.54,0.51,166,18,236,270,32.3,Sandy Loam,Banaskantha,Kharif,Bajra
8,0.64,0.59,133,27,320,550,32.6,Sandy Loam,Bharuch,Kharif,Bajra
8.37,0.59,0.29,177,22,219,272,30.8,Sandy Loam,Banaskantha,Kharif,Bajra
6.75,0.27,0.53,142,28,288,460,31.5,Sandy Loam,Amreli,Kharif,Bajra
6.94,0.34,0.57,165,25,310,261,32.2,Sandy Loam,Navsari,Kharif,Bajra
7.41,0.3,0.3,178,19,193,595,30.4,Sandy Loam,Bhavnagar,Kharif,Bajra
6.61,0.37,0.36,120,15,271,600,37.2,Sandy Loam,Junagadh,Kharif,Bajra
7.35,0.1,0.41,129,39,198,341,28.8,Sandy Loam,Anand,Kharif,Bajra
7.27,0.62,0.46,143,22,273,346,33.7,Sandy Loam,Bharuch,Kharif,Bajra
7.89,0.24,0.47,167,23,315,394,35.3,Sandy Loam,Rajkot,Kharif,Bajra
8.24,0.35,0.42,127,29,328,401,29.9,Sandy Loam,Bhavnagar,Kharif,Bajra
7.56,0.12,0.34,170,36,247,461,35.5,Sandy Loam,Kutch,Kharif,Bajra
8.36,0.3,0.29,123,19,188,405,28.7,Sandy Loam,Vadodara,Kharif,Bajra
7.92,0.43,0.26,160,18,192,560,30.2,Sandy Loam,Ahmedabad,Kharif,Bajra
8.05,0.53,0.33,173,21,240,253,31.2,Sandy Loam,Bhavnagar,Kharif,Bajra
7.11,0.38,0.55,120,33,318,394,29.2,Sandy Loam,Surat,Kharif,Bajra
7.4,0.37,0.47,138,18,298,255,36.3,Sandy Loam,Gandhinagar,Kharif,Bajra
6.62,0.59,0.37,209,34,223,532,37,Sandy Loam,Anand,Kharif,Bajra
6.92,0.65,0.54,215,30,203,479,34.4,Sandy Loam,Ahmedabad,Kharif,Bajra
7.56,0.37,0.46,167,16,270,559,28.9,Sandy Loam,Bhavnagar,Kharif,Bajra
8.05,0.24,0.52,128,16,268,435,36.9,Sandy Loam,Bharuch,Kharif,Bajra
7.26,0.56,0.32,211,35,198,499,33.9,Sandy Loam,Navsari,Kharif,Bajra
7.79,0.12,0.46,152,38,256,272,31.9,Sandy Loam,Surendranagar,Kharif,Bajra
8.49,0.31,0.3,214,25,326,353,37.3,Sandy Loam,Gandhinagar,Kharif,Bajra
6.54,0.4,0.58,168,26,181,545,30.6,Sandy Loam,Anand,Kharif,Bajra
6.52,0.42,0.48,174,19,347,343,32.5,Sandy Loam,Ahmedabad,Kharif,Bajra
6.55,0.18,0.58,200,36,278,283,29.2,Sandy Loam,Mehsana,Kharif,Bajra
8.22,0.11,0.29,197,40,236,473,36.4,Sandy Loam,Banaskantha,Kharif,Bajra
7.06,0.44,0.54,128,35,299,275,28.5,Sandy Loam,Amreli,Kharif,Bajra
7.5,0.34,0.31,123,26,350,518,32.6,Sandy Loam,Anand,Kharif,Bajra
7.49,0.13,0.35,195,29,214,447,33.1,Sandy Loam,Rajkot,Kharif,Bajra
7.63,0.36,0.48,214,34,282,406,32.3,Sandy Loam,Gandhinagar,Kharif,Bajra
6.9,0.29,0.46,169,37,324,307,37.9,Sandy Loam,Amreli,Kharif,Bajra
6.57,0.62,0.57,135,21,274,455,30.4,Sandy Loam,Bharuch,Kharif,Bajra
7.06,0.42,0.48,142,26,191,274,33,Sandy Loam,Ahmedabad,Kharif,Bajra
7.43,0.26,0.53,187,28,343,492,29.9,Sandy Loam,Mehsana,Kharif,Bajra
6.76,0.17,0.5,153,31,295,394,33,Sandy Loam,Vadodara,Kharif,Bajra
8.23,0.47,0.47,206,25,347,531,31.1,Sandy Loam,Vadodara,Kharif,Bajra
7.27,0.45,0.41,135,20,269,324,35.7,Sandy Loam,Banaskantha,Kharif,Bajra
6.9,0.52,0.56,174,35,327,313,29.5,Sandy Loam,Rajkot,Kharif,Bajra
7.65,0.44,0.59,193,21,233,439,30.4,Sandy Loam,Surat,Kharif,Bajra
7.75,0.25,0.44,191,21,190,414,34.4,Sandy Loam,Mehsana,Kharif,Bajra
8.1,0.53,0.42,149,22,264,419,29.8,Sandy Loam,Junagadh,Kharif,Bajra
6.77,0.51,0.52,182,23,302,508,29.2,Sandy Loam,Mehsana,Kharif,Bajra
6.82,0.45,0.48,145,24,274,312,32.5,Sandy Loam,Bharuch,Kharif,Bajra
6.76,0.45,0.28,202,29,310,470,31.4,Sandy Loam,Bharuch,Kharif,Bajra
6.99,0.49,0.49,176,26,344,581,28.6,Sandy Loam,Gandhinagar,Kharif,Bajra
7.89,0.4,0.42,192,17,297,403,30,Sandy Loam,Kutch,Kharif,Bajra
7.1,0.28,0.36,164,22,308,289,28.7,Sandy Loam,Gandhinagar,Kharif,Bajra
7.2,0.61,0.3,178,20,192,566,30.7,Sandy Loam,Bhavnagar,Kharif,Bajra
8.07,0.33,0.5,167,29,344,430,37.9,Sandy Loam,Surendranagar,Kharif,Bajra
7.72,0.22,0.45,172,32,276,485,37.8,Sandy Loam,Vadodara,Kharif,Bajra
6.53,0.44,0.35,219,33,344,389,30.7,Sandy Loam,Junagadh,Kharif,Bajra
8.07,0.14,0.35,182,39,331,492,30.6,Sandy Loam,Vadodara,Kharif,Bajra
7.06,0.45,0.29,120,18,314,286,33,Sandy Loam,Banaskantha,Kharif,Bajra
8.29,0.47,0.29,139,39,340,550,30.5,Sandy Loam,Vadodara,Kharif,Bajra
6.92,0.28,0.43,201,17,205,295,31.2,Sandy Loam,Junagadh,Kharif,Bajra
8.21,0.28,0.38,126,35,203,460,30.9,Sandy Loam,Ahmedabad,Kharif,Bajra
6.87,0.6,0.37,161,24,286,333,28,Sandy Loam,Rajkot,Kharif,Bajra
8.16,0.31,0.34,169,34,223,323,34.6,Sandy Loam,Junagadh,Kharif,Bajra
7.48,0.62,0.51,151,36,255,367,30.8,Sandy Loam,Surendranagar,Kharif,Bajra
6.62,0.67,0.47,163,23,300,600,28.5,Sandy Loam,Ahmedabad,Kharif,Bajra
6.6,0.57,0.57,187,17,193,476,33.8,Sandy Loam,Rajkot,Kharif,Bajra
7.28,0.3,0.28,200,39,201,340,28,Sandy Loam,Amreli,Kharif,Bajra
7.08,0.16,0.37,128,27,311,271,37.1,Sandy Loam,Ahmedabad,Kharif,Bajra
7.01,0.6,0.44,162,23,211,348,30.2,Sandy Loam,Ahmedabad,Kharif,Bajra
7.28,0.54,0.25,186,25,332,284,31.3,Sandy Loam,Bhavnagar,Kharif,Bajra
8.02,0.29,0.29,202,34,205,591,31.7,Sandy Loam,Mehsana,Kharif,Bajra
6.84,0.14,0.37,214,40,257,553,29.8,Sandy Loam,Anand,Kharif,Bajra
7.67,0.17,0.49,203,24,220,542,33.8,Sandy Loam,Mehsana,Kharif,Bajra
6.73,0.17,0.25,130,21,311,435,34.9,Sandy Loam,Surendranagar,Kharif,Bajra
7.65,0.21,0.29,141,28,262,328,28.1,Sandy Loam,Anand,Kharif,Bajra
6.82,0.53,0.29,158,16,218,276,34.2,Sandy Loam,Bhavnagar,Kharif,Bajra
7.11,0.47,0.43,186,27,283,436,34.2,Sandy Loam,Bhavnagar,Kharif,Bajra
7.58,0.38,0.58,196,18,243,588,31.9,Sandy Loam,Banaskantha,Kharif,Bajra
8.4,0.65,0.36,154,37,343,545,29.2,Sandy Loam,Surat,Kharif,Bajra
8.09,0.53,0.45,123,18,205,347,28.6,Sandy Loam,Surendranagar,Kharif,Bajra
6.77,0.16,0.39,188,39,223,370,30.9,Sandy Loam,Surendranagar,Kharif,Bajra
7.93,0.11,0.29,212,38,244,452,29.7,Sandy Loam,Gandhinagar,Kharif,Bajra
8.17,0.48,0.6,140,15,215,410,30.5,Sandy Loam,Amreli,Kharif,Bajra
6.98,0.35,0.53,177,30,278,265,31.1,Sandy Loam,Banaskantha,Kharif,Bajra
8.34,0.22,0.6,204,36,331,524,32.9,Sandy Loam,Bhavnagar,Kharif,Bajra
7.29,0.38,0.27,189,37,307,499,36.6,Sandy Loam,Junagadh,Kharif,Bajra
7.4,0.3,0.53,208,16,185,373,36.3,Sandy Loam,Surendranagar,Kharif,Bajra
8.08,0.61,0.26,206,40,333,502,37.7,Sandy Loam,Navsari,Kharif,Bajra
8.1,0.58,0.3,155,20,290,427,30.9,Sandy Loam,Ahmedabad,Kharif,Bajra
7.99,0.5,0.44,205,21,331,341,32.9,Sandy Loam,Bharuch,Kharif,Bajra
7.95,0.55,0.5,194,32,261,344,30.2,Sandy Loam,Bharuch,Kharif,Bajra
7.6,0.58,0.43,144,27,345,348,37.7,Sandy Loam,Bharuch,Kharif,Bajra
8.17,0.43,0.4,122,30,190,390,29.8,Sandy Loam,Vadodara,Kharif,Bajra
8.31,0.37,0.48,130,31,337,558,31.7,Sandy Loam,Rajkot,Kharif,Bajra
8.14,0.54,0.49,195,20,200,583,29.9,Sandy Loam,Navsari,Kharif,Bajra
7.91,0.53,0.37,180,35,180,503,32.8,Sandy Loam,Bhavnagar,Kharif,Bajra
7.62,0.65,0.57,192,24,348,545,34.1,Sandy Loam,Surat,Kharif,Bajra
8.06,0.37,0.43,210,28,212,286,30.4,Sandy Loam,Bharuch,Kharif,Bajra
7.15,0.45,0.28,219,23,321,393,35.4,Sandy Loam,Bhavnagar,Kharif,Bajra
6.84,0.64,0.45,163,18,230,346,35.1,Sandy Loam,Banaskantha,Kharif,Bajra
6.63,0.28,0.45,146,36,270,306,37.2,Sandy Loam,Junagadh,Kharif,Bajra
7.69,0.4,0.37,206,22,289,367,32,Sandy Loam,Bhavnagar,Kharif,Bajra
7.71,0.67,0.37,123,23,196,501,30.4,Sandy Loam,Amreli,Kharif,Bajra
6.97,0.18,0.55,182,31,299,270,37.9,Sandy Loam,Surendranagar,Kharif,Bajra
8.41,0.51,0.33,189,18,215,514,28.8,Sandy Loam,Surendranagar,Kharif,Bajra
8.08,0.42,0.47,212,33,238,430,37.4,Sandy Loam,Kutch,Kharif,Bajra
7.39,0.51,0.51,137,18,198,332,32.4,Sandy Loam,Banaskantha,Kharif,Bajra
7.35,0.55,0.42,147,17,202,406,34.1,Sandy Loam,Surat,Kharif,Bajra
8.48,0.16,0.26,188,31,283,332,37.7,Sandy Loam,Anand,Kharif,Bajra
7.36,0.56,0.52,194,23,186,263,30.3,Sandy Loam,Mehsana,Kharif,Bajra
8.1,0.25,0.4,190,26,203,596,28.4,Sandy Loam,Amreli,Kharif,Bajra
6.64,0.19,0.28,152,15,319,294,32.5,Sandy Loam,Mehsana,Kharif,Bajra
7.02,0.35,0.4,190,30,316,478,34.4,Sandy Loam,Amreli,Kharif,Bajra
8.02,0.27,0.46,181,15,233,590,29.3,Sandy Loam,Navsari,Kharif,Bajra
6.88,0.29,0.42,147,38,232,407,31.1,Sandy Loam,Junagadh,Kharif,Bajra
7.32,0.14,0.27,122,24,281,250,28.7,Sandy Loam,Rajkot,Kharif,Bajra
6.9,0.24,0.38,215,29,326,405,29.3,Sandy Loam,Bharuch,Kharif,Bajra
8.45,0.19,0.49,206,22,332,432,32.2,Sandy Loam,Amreli,Kharif,Bajra
7.81,0.39,0.53,129,37,313,557,36.9,Sandy Loam,Bhavnagar,Kharif,Bajra
7.61,0.61,0.41,174,30,292,439,36.6,Sandy Loam,Mehsana,Kharif,Bajra
7.46,0.49,0.3,147,34,317,293,33.3,Sandy Loam,Banaskantha,Kharif,Bajra
7.41,0.48,0.31,155,31,301,365,28.4,Sandy Loam,Rajkot,Kharif,Bajra
7.67,0.29,0.51,172,31,201,580,35.4,Sandy Loam,Anand,Kharif,Bajra
7.95,0.27,0.44,207,15,307,546,34.6,Sandy Loam,Bhavnagar,Kharif,Bajra
7.85,0.25,0.47,133,26,304,413,33.1,Sandy Loam,Surendranagar,Kharif,Bajra
7.64,0.56,0.44,161,22,349,450,35.2,Sandy Loam,Vadodara,Kharif,Bajra
8.3,0.6,0.46,218,22,329,343,32.5,Sandy Loam,Navsari,Kharif,Bajra
6.56,0.35,0.43,173,29,182,321,37.8,Sandy Loam,Kutch,Kharif,Bajra
6.65,0.31,0.41,204,23,227,278,34.9,Sandy Loam,Vadodara,Kharif,Bajra
7.86,0.31,0.37,148,36,261,386,30.8,Sandy Loam,Gandhinagar,Kharif,Bajra
8.02,0.65,0.5,206,28,296,489,35,Sandy Loam,Kutch,Kharif,Bajra
7.93,0.54,0.59,133,39,188,269,32.6,Sandy Loam,Kutch,Kharif,Bajra
7.83,0.66,0.26,216,34,259,503,35.6,Sandy Loam,Rajkot,Kharif,Bajra
8.06,0.28,0.29,176,26,305,525,34.9,Sandy Loam,Rajkot,Kharif,Bajra
8.39,0.11,0.49,159,32,289,459,32.8,Sandy Loam,Navsari,Kharif,Bajra
8.4,0.19,0.4,218,24,256,504,28.6,Sandy Loam,Banaskantha,Kharif,Bajra
7.6,0.38,0.29,122,18,308,487,32.7,Sandy Loam,Surat,Kharif,Bajra
6.98,0.3,0.52,208,24,348,400,30.2,Sandy Loam,Gandhinagar,Kharif,Bajra
6.99,0.28,0.38,174,39,315,539,37.9,Sandy Loam,Kutch,Kharif,Bajra
8.28,0.46,0.53,127,39,234,577,35.8,Sandy Loam,Bharuch,Kharif,Bajra
8.42,0.41,0.29,179,29,339,554,36.8,Sandy Loam,Navsari,Kharif,Bajra
7.31,0.44,0.35,122,24,315,312,29.1,Sandy Loam,Junagadh,Kharif,Bajra
6.69,0.36,0.59,151,19,243,292,36.1,Sandy Loam,Bhavnagar,Kharif,Bajra
7.26,0.32,0.43,135,20,298,438,33.9,Sandy Loam,Junagadh,Kharif,Bajra
6.54,0.26,0.57,178,23,230,329,31.5,Sandy Loam,Bharuch,Kharif,Bajra
7.87,0.28,0.59,220,37,264,357,31.8,Sandy Loam,Rajkot,Kharif,Bajra
8.25,0.5,0.32,129,25,246,305,34.4,Sandy Loam,Banaskantha,Kharif,Bajra
8.17,0.64,0.47,123,27,182,500,29,Sandy Loam,Kutch,Kharif,Bajra
7.67,0.13,0.26,136,20,199,595,31.1,Sandy Loam,Kutch,Kharif,Bajra
8.23,0.57,0.4,151,38,273,352,33.6,Sandy Loam,Vadodara,Kharif,Bajra
8.05,0.17,0.54,133,36,260,592,35.6,Sandy Loam,Navsari,Kharif,Bajra
7.97,0.35,0.5,188,23,264,411,30.1,Sandy Loam,Mehsana,Kharif,Bajra
8.44,0.34,0.29,202,34,274,280,33.3,Sandy Loam,Anand,Kharif,Bajra
7.72,0.59,0.48,124,20,229,318,29.9,Sandy Loam,Banaskantha,Kharif,Bajra
6.96,0.31,0.27,146,36,340,420,36.8,Sandy Loam,Mehsana,Kharif,Bajra
7.54,0.3,0.57,183,25,191,504,35.2,Sandy Loam,Banaskantha,Kharif,Bajra
7.87,0.64,0.54,147,26,246,400,37.1,Sandy Loam,Amreli,Kharif,Bajra
7.06,0.52,0.42,181,23,253,390,33.7,Sandy Loam,Bharuch,Kharif,Bajra
7.67,0.12,0.4,126,16,291,254,31.9,Sandy Loam,Ahmedabad,Kharif,Bajra
7.1,0.36,0.59,205,29,273,436,36,Sandy Loam,Gandhinagar,Kharif,Bajra
7.69,0.57,0.54,191,26,346,398,34.5,Sandy Loam,Junagadh,Kharif,Bajra
7.67,0.18,0.26,152,15,299,330,36.6,Sandy Loam,Bharuch,Kharif,Bajra
8.46,0.54,0.46,125,17,291,280,33.7,Sandy Loam,Amreli,Kharif,Bajra
8.18,0.55,0.41,176,33,216,453,37.5,Sandy Loam,Kutch,Kharif,Bajra
8.38,0.58,0.5,157,21,211,451,35.7,Sandy Loam,Amreli,Kharif,Bajra
7.24,0.49,0.33,207,37,329,402,30.5,Sandy Loam,Navsari,Kharif,Bajra
8.38,0.38,0.45,139,36,242,468,28.9,Sandy Loam,Banaskantha,Kharif,Bajra
8.32,0.44,0.5,163,40,258,559,35,Sandy Loam,Bhavnagar,Kharif,Bajra
7.75,0.61,0.51,134,20,294,348,35.3,Sandy Loam,Bhavnagar,Kharif,Bajra
8.25,0.51,0.55,138,29,207,520,30.3,Sandy Loam,Surendranagar,Kharif,Bajra
7.87,0.64,0.31,196,21,280,590,37.1,Sandy Loam,Ahmedabad,Kharif,Bajra
6.7,0.35,0.54,210,15,350,391,37.8,Sandy Loam,Bhavnagar,Kharif,Bajra
8.35,0.3,0.38,130,20,321,443,30.3,Sandy Loam,Rajkot,Kharif,Bajra
8.43,0.31,0.58,210,40,213,522,35.2,Sandy Loam,Junagadh,Kharif,Bajra
7.45,0.49,0.49,163,33,271,336,35.9,Sandy Loam,Gandhinagar,Kharif,Bajra
8.06,0.64,0.42,154,20,232,569,30.1,Sandy Loam,Surat,Kharif,Bajra
8.32,0.24,0.47,178,21,214,475,33.2,Sandy Loam,Banaskantha,Kharif,Bajra
7.34,0.55,0.32,164,18,190,256,29.4,Sandy Loam,Gandhinagar,Kharif,Bajra
7.38,0.2,0.34,200,35,244,517,31.9,Sandy Loam,Bharuch,Kharif,Bajra
8.35,0.31,0.56,128,26,271,493,30.5,Sandy Loam,Vadodara,Kharif,Bajra
6.86,0.44,0.45,128,32,296,363,28.3,Sandy Loam,Junagadh,Kharif,Bajra
7.45,0.23,0.33,177,22,206,316,34.1,Sandy Loam,Surendranagar,Kharif,Bajra
8.39,0.66,0.51,186,25,193,331,34.8,Sandy Loam,Kutch,Kharif,Bajra
8.32,0.32,0.47,209,15,314,326,32.1,Sandy Loam,Junagadh,Kharif,Bajra
7.71,0.38,0.31,191,35,340,494,28.9,Sandy Loam,Bharuch,Kharif,Bajra
6.74,0.45,0.51,155,26,226,375,34,Sandy Loam,Banaskantha,Kharif,Bajra
7.33,0.12,0.33,129,25,338,569,33.2,Sandy Loam,Vadodara,Kharif,Bajra
6.73,0.32,0.53,123,21,222,350,28.1,Sandy Loam,Bharuch,Kharif,Bajra
7.37,0.1,0.46,128,29,266,256,29.7,Sandy Loam,Rajkot,Kharif,Bajra
8.39,0.66,0.27,185,35,319,466,32.9,Sandy Loam,Mehsana,Kharif,Bajra
7.9,0.39,0.37,189,25,181,550,31.4,Sandy Loam,Navsari,Kharif,Bajra
7.17,0.28,0.54,176,20,243,450,32.1,Sandy Loam,Kutch,Kharif,Bajra
7.29,0.37,0.43,163,18,318,313,30.9,Sandy Loam,Junagadh,Kharif,Bajra
7.12,0.68,0.33,190,23,349,415,37.1,Sandy Loam,Surendranagar,Kharif,Bajra
7.3,0.16,0.56,153,36,229,401,34,Sandy Loam,Anand,Kharif,Bajra
7.65,0.27,0.4,211,39,276,479,30.6,Sandy Loam,Gandhinagar,Kharif,Bajra
7.61,0.51,0.49,208,28,324,511,35.4,Sandy Loam,Mehsana,Kharif,Bajra
7.13,0.26,0.28,216,17,193,452,34.5,Sandy Loam,Gandhinagar,Kharif,Bajra
7.78,0.69,0.35,131,31,294,569,30.4,Sandy Loam,Mehsana,Kharif,Bajra
7.72,0.29,0.41,126,17,220,392,33.7,Sandy Loam,Ahmedabad,Kharif,Bajra
7.98,0.31,0.48,186,19,246,376,37.9,Sandy Loam,Mehsana,Kharif,Bajra
6.53,0.36,0.35,181,35,330,352,31.9,Sandy Loam,Bharuch,Kharif,Bajra
7.52,0.37,0.39,194,20,290,551,29.4,Sandy Loam,Anand,Kharif,Bajra
8.44,0.57,0.59,205,38,220,490,37.5,Sandy Loam,Bharuch,Kharif,Bajra
7.49,0.18,0.39,181,20,198,329,36.5,Sandy Loam,Junagadh,Kharif,Bajra
7.61,0.3,0.48,193,26,330,308,31.7,Sandy Loam,Bhavnagar,Kharif,Bajra
7.11,0.3,0.39,122,15,328,526,35.8,Sandy Loam,Surendranagar,Kharif,Bajra
8.24,0.65,0.53,147,28,347,560,28.5,Sandy Loam,Junagadh,Kharif,Bajra
6.9,0.65,0.28,151,35,283,423,34.5,Sandy Loam,Banaskantha,Kharif,Bajra
7.53,0.36,0.58,154,34,334,477,36.7,Sandy Loam,Anand,Kharif,Bajra
8.43,0.54,0.53,174,16,186,505,30.7,Sandy Loam,Rajkot,Kharif,Bajra
8.16,0.57,0.34,176,16,193,392,35.3,Sandy Loam,Bhavnagar,Kharif,Bajra
8.24,0.39,0.36,156,21,279,536,32.4,Sandy Loam,Surat,Kharif,Bajra
7.51,0.52,0.4,130,26,302,500,36,Sandy Loam,Bhavnagar,Kharif,Bajra
7.15,0.68,0.54,175,28,211,518,29.5,Sandy Loam,Navsari,Kharif,Bajra
6.63,0.2,0.43,149,35,196,378,29.1,Sandy Loam,Amreli,Kharif,Bajra
7.34,0.53,0.49,142,17,342,332,29.4,Sandy Loam,Banaskantha,Kharif,Bajra
8.24,0.6,0.43,140,18,260,538,35.9,Sandy Loam,Gandhinagar,Kharif,Bajra
7.9,0.17,0.55,137,36,181,398,35.2,Sandy Loam,Surendranagar,Kharif,Bajra
8.06,0.35,0.57,181,17,273,591,30.7,Sandy Loam,Kutch,Kharif,Bajra
7.89,0.33,0.35,173,32,330,368,33.8,Sandy Loam,Ahmedabad,Kharif,Bajra
7.87,0.54,0.38,203,27,305,591,37.5,Sandy Loam,Surendranagar,Kharif,Bajra
7.24,0.38,0.4,171,23,303,451,28.5,Sandy Loam,Amreli,Kharif,Bajra
6.52,0.5,0.57,202,19,330,473,31.1,Sandy Loam,Surendranagar,Kharif,Bajra
6.87,0.39,0.27,193,34,317,515,33,Sandy Loam,Banaskantha,Kharif,Bajra
7.62,0.39,0.3,166,24,250,322,29.7,Sandy Loam,Rajkot,Kharif,Bajra
7.87,0.43,0.49,173,34,223,554,36.3,Sandy Loam,Bharuch,Kharif,Bajra
7.86,0.49,0.4,207,23,188,281,31.8,Sandy Loam,Amreli,Kharif,Bajra
7.11,0.62,0.4,194,16,242,333,36,Sandy Loam,Navsari,Kharif,Bajra
6.99,0.22,0.44,144,33,241,373,36.2,Sandy Loam,Rajkot,Kharif,Bajra
8.34,0.58,0.43,205,15,282,431,30.5,Sandy Loam,Vadodara,Kharif,Bajra
7.55,0.29,0.3,157,26,219,541,31.9,Sandy Loam,Rajkot,Kharif,Bajra
7.05,0.35,0.41,152,26,296,517,30.1,Sandy Loam,Surendranagar,Kharif,Bajra
7.41,0.44,0.44,203,31,296,295,34.6,Sandy Loam,Vadodara,Kharif,Bajra
8.44,0.67,0.57,175,22,348,354,36.1,Sandy Loam,Bhavnagar,Kharif,Bajra
8.27,0.42,0.48,128,29,347,523,37.2,Sandy Loam,Kutch,Kharif,Bajra
7.27,0.13,0.29,198,38,329,306,35.7,Sandy Loam,Amreli,Kharif,Bajra
7.03,0.35,0.46,201,30,287,336,33.9,Sandy Loam,Bharuch,Kharif,Bajra
8.27,0.66,0.35,175,31,272,309,32.9,Sandy Loam,Surat,Kharif,Bajra
7.37,0.44,0.54,126,17,181,317,34.5,Sandy Loam,Anand,Kharif,Bajra
6.65,0.56,0.49,199,25,212,254,29.9,Sandy Loam,Amreli,Kharif,Bajra
6.7,0.18,0.52,166,35,199,542,28.4,Sandy Loam,Surendranagar,Kharif,Bajra
7.2,0.58,0.31,159,38,249,463,34.9,Sandy Loam,Junagadh,Kharif,Bajra
6.69,0.3,0.39,200,40,240,558,30.1,Sandy Loam,Junagadh,Kharif,Bajra
7.54,0.27,0.51,169,19,262,373,34.7,Sandy Loam,Navsari,Kharif,Bajra
6.03,0.12,0.75,330,68,443,969,30.4,Alluvial,Kutch,Kharif,Maize
6.49,0.16,0.57,322,63,326,797,29.5,Loam,Junagadh,Kharif,Maize
6.88,0.25,0.88,304,45,297,963,22.5,Loam,Junagadh,Kharif,Maize
6.25,0.21,0.65,301,35,256,1164,28.2,Loam,Gandhinagar,Kharif,Maize
6.17,0.32,0.62,334,45,283,1087,30.7,Loam,Kutch,Kharif,Maize
7.16,0.3,0.68,315,58,351,733,26.4,Loam,Vadodara,Kharif,Maize
6.86,0.19,0.66,392,36,323,939,31.4,Alluvial,Surendranagar,Kharif,Maize
6.7,0.27,0.67,313,67,305,1108,29.7,Alluvial,Banaskantha,Kharif,Maize
6.48,0.29,0.53,285,34,338,730,31.3,Alluvial,Surat,Kharif,Maize
7.59,0.43,0.61,313,66,262,923,23.6,Loam,Mehsana,Kharif,Maize
6.33,0.22,0.72,298,43,430,1152,30.3,Alluvial,Anand,Kharif,Maize
6.24,0.45,0.93,306,58,278,1052,28,Alluvial,Gandhinagar,Kharif,Maize
6.62,0.2,0.85,342,50,368,1041,31.2,Loam,Bharuch,Kharif,Maize
6.33,0.42,0.54,297,41,258,1126,31.3,Loam,Anand,Kharif,Maize
7.18,0.37,0.8,261,30,433,841,30.3,Alluvial,Ahmedabad,Kharif,Maize
6.45,0.19,0.63,314,43,291,1083,29.8,Loam,Banaskantha,Kharif,Maize
6.17,0.16,0.85,251,70,264,937,28.3,Alluvial,Surendranagar,Kharif,Maize
7.6,0.28,0.86,311,50,290,936,27.1,Loam,Surendranagar,Kharif,Maize
6.98,0.37,0.55,305,42,388,1084,25.7,Alluvial,Junagadh,Kharif,Maize
6.08,0.12,0.53,358,43,412,1199,23.4,Loam,Kutch,Kharif,Maize
7.72,0.47,0.94,322,55,344,982,26.1,Loam,Amreli,Kharif,Maize
6.99,0.22,0.73,257,45,324,840,30,Alluvial,Surat,Kharif,Maize
6.33,0.21,0.69,355,63,322,1180,30.2,Alluvial,Vadodara,Kharif,Maize
6.53,0.26,0.6,280,59,330,953,24,Alluvial,Anand,Kharif,Maize
7.78,0.25,0.89,377,55,395,1045,25.9,Loam,Surendranagar,Kharif,Maize
7.04,0.23,0.71,260,70,446,1170,31.3,Alluvial,Gandhinagar,Kharif,Maize
7.34,0.16,0.78,351,47,382,831,28.4,Alluvial,Junagadh,Kharif,Maize
7.02,0.17,0.94,333,35,437,835,25.4,Loam,Surendranagar,Kharif,Maize
7.06,0.25,0.86,366,38,308,948,26,Alluvial,Navsari,Kharif,Maize
6.13,0.16,0.71,304,33,297,1016,30.5,Alluvial,Mehsana,Kharif,Maize
6.14,0.42,0.58,393,39,281,708,28.2,Alluvial,Vadodara,Kharif,Maize
7.15,0.16,0.95,298,68,289,785,28.1,Loam,Junagadh,Kharif,Maize
6.16,0.5,0.83,328,66,350,1159,23.3,Loam,Junagadh,Kharif,Maize
6.83,0.27,0.82,334,42,404,727,31.2,Loam,Mehsana,Kharif,Maize
7.68,0.36,0.83,377,55,367,1051,28.2,Alluvial,Gandhinagar,Kharif,Maize
6.91,0.22,0.7,350,54,405,858,28.9,Alluvial,Ahmedabad,Kharif,Maize
7.67,0.43,0.84,394,70,329,807,27.2,Alluvial,Surendranagar,Kharif,Maize
7.23,0.24,0.86,385,50,335,996,23.8,Loam,Amreli,Kharif,Maize
7.03,0.42,0.69,394,39,303,1113,31.1,Alluvial,Vadodara,Kharif,Maize
6.81,0.43,0.74,327,56,388,1119,29.2,Alluvial,Gandhinagar,Kharif,Maize
7.73,0.39,0.64,295,42,449,1044,28.8,Loam,Kutch,Kharif,Maize
6.45,0.45,0.72,351,36,261,880,23,Loam,Banaskantha,Kharif,Maize
7.31,0.25,0.77,346,62,351,786,27,Loam,Bharuch,Kharif,Maize
7.33,0.31,0.76,370,69,293,839,31.7,Loam,Surendranagar,Kharif,Maize
6.03,0.2,0.97,342,35,383,1190,26.3,Loam,Ahmedabad,Kharif,Maize
7.44,0.19,0.65,262,65,388,816,29,Alluvial,Anand,Kharif,Maize
6.18,0.2,0.51,351,67,439,797,24.7,Loam,Banaskantha,Kharif,Maize
6.12,0.15,0.92,302,61,376,1008,31.7,Alluvial,Kutch,Kharif,Maize
7.75,0.32,0.5,290,40,257,739,25.9,Alluvial,Mehsana,Kharif,Maize
7.38,0.17,0.5,289,45,398,750,25.6,Alluvial,Rajkot,Kharif,Maize
7.67,0.2,0.91,305,34,324,1093,22,Alluvial,Rajkot,Kharif,Maize
6.3,0.12,0.62,390,68,359,947,23.9,Alluvial,Amreli,Kharif,Maize
7.12,0.34,0.95,312,36,419,1095,26.6,Loam,Ahmedabad,Kharif,Maize
7.63,0.38,0.51,251,36,417,997,28.4,Alluvial,Gandhinagar,Kharif,Maize
6.68,0.24,0.98,304,41,325,1135,25.1,Alluvial,Navsari,Kharif,Maize
7.78,0.41,0.76,373,37,345,1167,22.7,Loam,Bhavnagar,Kharif,Maize
6.89,0.27,0.56,369,70,264,1159,29.2,Loam,Junagadh,Kharif,Maize
6.24,0.16,0.98,258,46,263,723,28.2,Alluvial,Anand,Kharif,Maize
7.57,0.47,0.6,395,37,295,1128,24,Alluvial,Ahmedabad,Kharif,Maize
7.2,0.11,0.69,304,41,317,1057,22.8,Alluvial,Amreli,Kharif,Maize
7.23,0.4,0.59,365,54,291,884,23.5,Alluvial,Surendranagar,Kharif,Maize
6.3,0.19,0.55,369,66,338,1071,24.9,Alluvial,Amreli,Kharif,Maize
7.6,0.3,0.51,271,55,364,958,23.1,Loam,Surendranagar,Kharif,Maize
6.84,0.43,0.77,284,68,251,791,25.2,Loam,Surat,Kharif,Maize
6.91,0.45,0.88,360,58,309,1099,22.2,Alluvial,Junagadh,Kharif,Maize
7.11,0.22,0.74,336,43,414,1138,22.2,Alluvial,Vadodara,Kharif,Maize
7.43,0.13,0.76,269,33,420,875,22.3,Loam,Bharuch,Kharif,Maize
6.58,0.31,0.75,291,65,324,911,31.3,Loam,Junagadh,Kharif,Maize
6.42,0.3,0.63,365,69,375,725,29.3,Alluvial,Junagadh,Kharif,Maize
7.17,0.26,0.83,260,51,380,818,25.2,Alluvial,Rajkot,Kharif,Maize
6.9,0.17,0.58,363,45,435,770,27.5,Alluvial,Rajkot,Kharif,Maize
7.52,0.32,0.62,252,53,277,746,29.5,Alluvial,Anand,Kharif,Maize
6.35,0.11,0.95,348,64,257,737,30.9,Alluvial,Vadodara,Kharif,Maize
6.05,0.22,0.7,266,34,422,940,28.4,Loam,Anand,Kharif,Maize
7.71,0.42,0.86,367,33,421,901,24.7,Loam,Bharuch,Kharif,Maize
7.54,0.33,0.96,392,55,299,1022,28.6,Alluvial,Surendranagar,Kharif,Maize
7.72,0.42,0.91,364,68,256,857,28.3,Alluvial,Surat,Kharif,Maize
6.98,0.36,0.56,265,37,275,1085,31.5,Loam,Anand,Kharif,Maize
7.64,0.38,0.75,352,59,362,913,31,Loam,Amreli,Kharif,Maize
6.48,0.26,0.51,373,32,395,778,29.9,Loam,Ahmedabad,Kharif,Maize
6.55,0.13,0.95,369,32,283,1152,23.5,Alluvial,Mehsana,Kharif,Maize
6.01,0.38,0.68,308,49,365,958,30.7,Loam,Gandhinagar,Kharif,Maize
7.18,0.23,0.59,288,33,408,1169,25.5,Alluvial,Mehsana,Kharif,Maize
6.48,0.33,0.74,310,53,431,957,27,Loam,Amreli,Kharif,Maize
7.11,0.45,0.6,336,60,425,1021,22.2,Loam,Junagadh,Kharif,Maize
7.61,0.34,0.79,352,57,300,1065,28.1,Loam,Bharuch,Kharif,Maize
6.69,0.31,0.63,366,45,399,985,24.3,Loam,Bharuch,Kharif,Maize
7.22,0.15,0.62,269,65,437,983,26.2,Loam,Ahmedabad,Kharif,Maize
6.3,0.49,0.74,335,44,310,1138,25.1,Alluvial,Ahmedabad,Kharif,Maize
7.14,0.12,0.55,358,42,312,838,29.8,Alluvial,Navsari,Kharif,Maize
7.24,0.15,0.69,300,46,426,875,23.8,Loam,Surat,Kharif,Maize
6.72,0.42,0.76,357,41,305,799,25.6,Alluvial,Navsari,Kharif,Maize
6.5,0.25,0.9,280,49,302,838,30.7,Alluvial,Rajkot,Kharif,Maize
6.14,0.29,0.63,397,46,325,990,25.3,Loam,Amreli,Kharif,Maize
7.38,0.13,0.78,326,41,410,1093,25,Alluvial,Mehsana,Kharif,Maize
6.2,0.25,0.58,278,37,354,839,29.5,Alluvial,Surendranagar,Kharif,Maize
6.45,0.25,0.59,378,58,294,829,26.4,Alluvial,Vadodara,Kharif,Maize
6.39,0.46,0.81,376,53,445,1030,27.7,Alluvial,Vadodara,Kharif,Maize
6.43,0.1,0.73,280,46,344,1183,28.5,Alluvial,Anand,Kharif,Maize
6.5,0.45,0.59,310,33,336,1190,26.7,Alluvial,Navsari,Kharif,Maize
6.58,0.18,0.54,378,35,285,828,26,Loam,Surendranagar,Kharif,Maize
7.71,0.4,0.77,348,40,328,805,29.4,Alluvial,Surendranagar,Kharif,Maize
6.48,0.27,0.71,349,37,435,713,25.8,Loam,Surat,Kharif,Maize
7.35,0.47,0.8,287,34,382,1167,26.9,Alluvial,Ahmedabad,Kharif,Maize
6.61,0.27,0.92,318,58,271,879,27.8,Alluvial,Rajkot,Kharif,Maize
7.62,0.23,0.57,298,35,356,722,22,Loam,Bharuch,Kharif,Maize
6.09,0.46,0.74,392,69,388,912,29.9,Alluvial,Kutch,Kharif,Maize
6.24,0.47,0.53,350,35,317,1082,29,Loam,Amreli,Kharif,Maize
6.67,0.44,0.81,347,69,404,1116,28.4,Loam,Mehsana,Kharif,Maize
7.58,0.17,0.97,267,48,271,842,30.4,Alluvial,Navsari,Kharif,Maize
6.71,0.36,0.61,375,40,313,1061,30.4,Loam,Rajkot,Kharif,Maize
7.29,0.24,0.68,382,50,439,1006,29.1,Loam,Gandhinagar,Kharif,Maize
7.76,0.36,0.85,304,61,429,1091,28.1,Alluvial,Banaskantha,Kharif,Maize
6.41,0.24,0.75,397,60,418,1120,28,Alluvial,Ahmedabad,Kharif,Maize
6.8,0.11,0.66,275,32,344,1000,24.2,Loam,Bhavnagar,Kharif,Maize
7.21,0.14,0.5,321,44,395,728,31.8,Loam,Bharuch,Kharif,Maize
6.78,0.11,0.57,341,65,411,909,28.2,Loam,Ahmedabad,Kharif,Maize
7.29,0.44,0.71,341,49,423,939,31.1,Loam,Junagadh,Kharif,Maize
7.63,0.23,0.54,293,35,264,745,27,Alluvial,Ahmedabad,Kharif,Maize
6.3,0.15,0.66,323,36,384,711,30.8,Alluvial,Anand,Kharif,Maize
6.5,0.33,0.53,339,68,412,819,25.2,Loam,Surat,Kharif,Maize
6.61,0.42,0.82,370,59,445,1073,31.5,Loam,Junagadh,Kharif,Maize
7.48,0.39,0.71,342,50,367,1158,24.2,Loam,Mehsana,Kharif,Maize
7.46,0.42,0.68,289,51,269,787,23.7,Loam,Anand,Kharif,Maize
7.34,0.43,0.71,263,35,418,951,30.1,Alluvial,Anand,Kharif,Maize
6.28,0.29,0.88,294,69,320,988,28.9,Loam,Vadodara,Kharif,Maize
7.58,0.18,0.81,377,46,423,1147,27.8,Alluvial,Amreli,Kharif,Maize
6.11,0.19,0.76,318,32,362,700,22.6,Loam,Bharuch,Kharif,Maize
6.16,0.33,0.54,282,48,286,912,27.6,Loam,Gandhinagar,Kharif,Maize
7.6,0.19,0.85,337,34,431,803,28.8,Loam,Ahmedabad,Kharif,Maize
7.27,0.23,0.81,356,34,329,766,29.2,Alluvial,Junagadh,Kharif,Maize
6.49,0.3,0.57,351,45,302,834,30.9,Alluvial,Rajkot,Kharif,Maize
6.95,0.3,0.75,364,39,383,791,28.5,Loam,Banaskantha,Kharif,Maize
7.61,0.18,0.61,379,32,323,752,29.1,Alluvial,Gandhinagar,Kharif,Maize
6.15,0.45,0.69,312,42,438,1111,28.8,Alluvial,Mehsana,Kharif,Maize
7.47,0.22,0.54,327,45,357,1034,30,Loam,Junagadh,Kharif,Maize
7.2,0.37,0.82,300,35,306,941,31.1,Alluvial,Bhavnagar,Kharif,Maize
6.29,0.46,0.52,311,56,374,1071,31.8,Loam,Gandhinagar,Kharif,Maize
7.69,0.41,0.73,356,51,445,1188,26.6,Loam,Vadodara,Kharif,Maize
6.63,0.23,0.94,303,46,379,756,28.1,Loam,Surat,Kharif,Maize
6.64,0.4,0.56,262,38,347,1019,24,Loam,Vadodara,Kharif,Maize
6.37,0.43,0.77,284,42,426,827,23.9,Alluvial,Surat,Kharif,Maize
6.66,0.4,0.53,383,50,336,1082,29.9,Loam,Junagadh,Kharif,Maize
6.26,0.2,0.72,358,30,348,925,24.8,Alluvial,Vadodara,Kharif,Maize
7.14,0.15,0.91,328,62,372,923,23.6,Loam,Navsari,Kharif,Maize
7.01,0.2,0.99,284,59,428,1149,30.4,Loam,Surat,Kharif,Maize
6.1,0.33,0.53,395,50,372,1170,23.7,Alluvial,Kutch,Kharif,Maize
6.06,0.19,0.9,342,62,408,805,26.5,Alluvial,Amreli,Kharif,Maize
6.67,0.17,0.63,393,68,271,1002,28.7,Loam,Anand,Kharif,Maize
7.09,0.48,0.69,335,69,399,734,29.5,Loam,Vadodara,Kharif,Maize
7.51,0.26,1,326,57,314,1092,25.2,Alluvial,Anand,Kharif,Maize
7.05,0.11,0.54,344,40,327,1146,23.6,Loam,Gandhinagar,Kharif,Maize
6.97,0.23,0.75,252,34,378,1001,26.7,Loam,Banaskantha,Kharif,Maize
7.24,0.41,0.56,327,54,365,1180,22.4,Alluvial,Ahmedabad,Kharif,Maize
6.88,0.4,0.98,261,38,378,1057,22.3,Loam,Kutch,Kharif,Maize
6.14,0.29,0.86,376,45,319,1058,30.5,Alluvial,Kutch,Kharif,Maize
6.45,0.27,0.61,326,30,441,949,27.9,Alluvial,Bharuch,Kharif,Maize
7.23,0.14,0.94,339,60,332,1131,23.8,Loam,Navsari,Kharif,Maize
7.17,0.39,0.86,301,38,444,987,29.5,Loam,Kutch,Kharif,Maize
7.62,0.24,0.55,340,33,358,1164,30.8,Alluvial,Vadodara,Kharif,Maize
6.65,0.29,0.85,343,56,423,913,22.8,Loam,Ahmedabad,Kharif,Maize
7.01,0.33,0.65,261,66,311,915,31.3,Alluvial,Ahmedabad,Kharif,Maize
6.45,0.36,0.67,344,50,280,1056,26.1,Alluvial,Surat,Kharif,Maize
6.37,0.23,0.99,297,38,316,1164,25.7,Alluvial,Mehsana,Kharif,Maize
6.27,0.26,0.7,282,35,287,1028,29.1,Loam,Anand,Kharif,Maize
7.33,0.22,0.92,349,67,374,983,25,Loam,Banaskantha,Kharif,Maize
7.36,0.3,0.8,354,42,271,992,26.2,Alluvial,Junagadh,Kharif,Maize
6.63,0.3,0.53,302,54,396,1148,30.3,Alluvial,Amreli,Kharif,Maize
7.37,0.43,0.87,358,46,284,820,22,Alluvial,Amreli,Kharif,Maize
6.87,0.26,0.96,252,37,374,899,24,Alluvial,Bharuch,Kharif,Maize
7.09,0.33,0.75,358,45,369,1049,28.5,Loam,Kutch,Kharif,Maize
6.62,0.42,0.5,288,41,299,706,26.1,Loam,Ahmedabad,Kharif,Maize
6.85,0.36,0.68,366,53,350,1017,29.3,Alluvial,Bharuch,Kharif,Maize
7.09,0.22,0.53,326,30,431,718,24.2,Alluvial,Gandhinagar,Kharif,Maize
6.37,0.19,0.56,384,41,431,927,25,Loam,Surat,Kharif,Maize
7.35,0.23,0.84,308,51,355,741,23.2,Alluvial,Junagadh,Kharif,Maize
7.74,0.43,0.77,359,67,334,958,28.7,Loam,Amreli,Kharif,Maize
7.19,0.32,0.6,266,36,274,1035,31.3,Alluvial,Gandhinagar,Kharif,Maize
6.87,0.34,0.9,303,70,350,917,25.8,Alluvial,Ahmedabad,Kharif,Maize
7.17,0.48,0.65,294,62,268,1032,24.5,Loam,Anand,Kharif,Maize
6.59,0.31,0.67,299,42,425,951,28.1,Alluvial,Kutch,Kharif,Maize
7.2,0.21,1,307,61,342,811,25.5,Alluvial,Kutch,Kharif,Maize
7.34,0.36,0.58,314,51,282,1132,28.9,Loam,Ahmedabad,Kharif,Maize
6.81,0.14,0.82,262,45,263,889,26,Loam,Mehsana,Kharif,Maize
6.11,0.42,0.56,351,51,288,845,30.5,Loam,Bharuch,Kharif,Maize
6.98,0.13,0.68,379,45,379,957,31,Alluvial,Surendranagar,Kharif,Maize
7.28,0.23,0.64,369,58,377,911,24.7,Alluvial,Surat,Kharif,Maize
6.72,0.13,0.93,362,56,338,770,27.1,Alluvial,Amreli,Kharif,Maize
7.27,0.42,0.69,395,50,418,837,29.1,Alluvial,Surendranagar,Kharif,Maize
7.54,0.15,0.65,317,67,449,851,23.9,Loam,Bhavnagar,Kharif,Maize
7.55,0.28,0.92,354,55,269,1069,30.8,Loam,Vadodara,Kharif,Maize
7.13,0.11,0.87,258,67,273,1057,25.7,Loam,Bhavnagar,Kharif,Maize
6.72,0.28,0.59,303,66,428,1033,31.7,Loam,Surendranagar,Kharif,Maize
7.36,0.4,0.69,253,37,398,1099,24.8,Alluvial,Kutch,Kharif,Maize
6.83,0.27,0.55,333,44,354,717,29.1,Loam,Mehsana,Kharif,Maize
6.07,0.47,0.57,285,31,307,1174,28.3,Alluvial,Mehsana,Kharif,Maize
7.69,0.14,0.53,252,66,408,918,26,Loam,Ahmedabad,Kharif,Maize
7.76,0.28,0.97,301,58,307,851,29.7,Alluvial,Surendranagar,Kharif,Maize
6.68,0.27,0.5,275,67,411,1056,22,Loam,Kutch,Kharif,Maize
7.54,0.3,0.64,299,67,354,950,26.8,Loam,Navsari,Kharif,Maize
6.7,0.28,0.8,269,55,314,1071,28,Loam,Navsari,Kharif,Maize
7.78,0.46,0.83,376,45,433,1038,22.5,Loam,Mehsana,Kharif,Maize
7.74,0.27,0.56,291,51,304,748,23.4,Alluvial,Ahmedabad,Kharif,Maize
7.51,0.27,0.66,376,62,262,1051,22.3,Loam,Mehsana,Kharif,Maize
6.09,0.11,0.55,325,54,281,1125,25.2,Loam,Bharuch,Kharif,Maize
7.32,0.12,0.54,398,33,258,930,24.1,Loam,Navsari,Kharif,Maize
6.71,0.47,0.85,329,61,322,824,30.4,Alluvial,Anand,Kharif,Maize
7.03,0.49,0.78,320,36,303,754,27.7,Loam,Banaskantha,Kharif,Maize
6.68,0.13,0.61,277,42,253,879,24.9,Loam,Kutch,Kharif,Maize
7.43,0.17,0.82,276,35,399,1035,22.4,Loam,Banaskantha,Kharif,Maize
6.54,0.4,0.79,292,66,322,732,30.3,Loam,Banaskantha,Kharif,Maize
6.81,0.35,0.91,259,44,444,1095,23.4,Loam,Kutch,Kharif,Maize
6.75,0.29,0.93,259,70,349,1125,23.7,Loam,Surendranagar,Kharif,Maize
7.79,0.13,0.6,329,31,415,808,27.6,Loam,Mehsana,Kharif,Maize
6.39,0.28,0.65,299,31,385,751,27.1,Loam,Surat,Kharif,Maize
6.29,0.4,0.83,364,30,296,897,29.5,Alluvial,Mehsana,Kharif,Maize
6.3,0.1,0.56,329,65,270,982,25.3,Alluvial,Surat,Kharif,Maize
7.48,0.14,0.91,380,56,264,874,26.4,Loam,Ahmedabad,Kharif,Maize
7.52,0.3,0.8,393,65,405,769,29.6,Alluvial,Junagadh,Kharif,Maize
7.66,0.31,0.99,363,50,362,838,22.3,Alluvial,Surat,Kharif,Maize
7.22,0.11,0.71,346,58,375,971,26.8,Alluvial,Navsari,Kharif,Maize
7.37,0.29,0.96,346,50,337,1084,30.8,Alluvial,Surat,Kharif,Maize
7.66,0.21,0.92,372,46,428,886,22.9,Loam,Vadodara,Kharif,Maize
6.41,0.24,0.59,363,49,326,1047,30.1,Alluvial,Anand,Kharif,Maize
6.58,0.39,0.83,396,33,431,757,30.2,Loam,Rajkot,Kharif,Maize
7.37,0.14,0.56,360,60,313,1103,24.3,Loam,Rajkot,Kharif,Maize
6.58,0.27,0.87,376,32,416,888,22.6,Loam,Bharuch,Kharif,Maize
7.56,0.5,0.5,389,42,379,1076,24.1,Alluvial,Anand,Kharif,Maize
7.05,0.2,0.66,265,41,444,948,25.2,Loam,Junagadh,Kharif,Maize
6.45,0.35,0.87,338,54,301,1052,24.4,Alluvial,Bharuch,Kharif,Maize
6.97,0.16,0.65,342,38,321,1093,25.2,Alluvial,Vadodara,Kharif,Maize
6.14,0.45,0.94,370,63,413,768,26,Alluvial,Anand,Kharif,Maize
7.15,0.42,0.98,287,59,272,893,23.1,Loam,Bharuch,Kharif,Maize
6.29,0.47,0.76,346,67,368,1190,29.4,Loam,Ahmedabad,Kharif,Maize
7.3,0.17,0.95,305,70,370,712,24.1,Loam,Kutch,Kharif,Maize
7.79,0.29,0.88,297,56,384,749,27.7,Alluvial,Surendranagar,Kharif,Maize
6.22,0.34,0.59,396,47,273,1095,29.9,Alluvial,Surendranagar,Kharif,Maize
7.73,0.19,0.76,250,55,297,878,24.4,Loam,Anand,Kharif,Maize
7.32,0.46,0.68,337,53,321,732,30.4,Alluvial,Vadodara,Kharif,Maize
6.97,0.31,0.96,311,35,316,1092,22,Alluvial,Vadodara,Kharif,Maize
6.72,0.11,0.95,290,62,288,920,26.7,Loam,Kutch,Kharif,Maize
6.54,0.34,0.65,364,67,443,979,31.5,Loam,Gandhinagar,Kharif,Maize
6.18,0.43,0.75,361,38,273,799,23.5,Loam,Junagadh,Kharif,Maize
6.94,0.17,0.77,387,50,348,849,31.6,Alluvial,Navsari,Kharif,Maize
6.79,0.12,0.84,387,41,303,710,27.8,Loam,Mehsana,Kharif,Maize
6.79,0.31,0.9,324,55,369,1177,30.8,Alluvial,Ahmedabad,Kharif,Maize
6.38,0.26,0.62,391,48,349,721,23,Alluvial,Bhavnagar,Kharif,Maize
6.71,0.46,0.76,253,45,303,1058,30.9,Loam,Banaskantha,Kharif,Maize
6.09,0.43,0.64,377,48,396,741,28.3,Loam,Bharuch,Kharif,Maize
7.8,0.2,0.83,306,32,308,1182,23,Alluvial,Ahmedabad,Kharif,Maize
6.74,0.41,0.72,286,63,320,885,30.4,Loam,Rajkot,Kharif,Maize
6.52,0.1,0.82,366,69,346,777,23.6,Loam,Rajkot,Kharif,Maize
7.37,0.14,0.5,329,63,359,740,22.4,Loam,Bhavnagar,Kharif,Maize
6.08,0.36,0.53,349,30,325,914,27.9,Alluvial,Gandhinagar,Kharif,Maize
6.47,0.36,0.6,277,54,284,1161,25.1,Alluvial,Junagadh,Kharif,Maize
6.75,0.35,0.77,323,50,370,1147,31.3,Alluvial,Surendranagar,Kharif,Maize
6.14,0.24,0.94,320,39,304,1096,27.2,Alluvial,Vadodara,Kharif,Maize
6.48,0.2,0.92,367,34,267,1028,31.3,Loam,Bharuch,Kharif,Maize
6.31,0.31,0.51,312,31,338,1027,31.3,Alluvial,Anand,Kharif,Maize
6.77,0.28,0.63,336,44,306,1036,24,Alluvial,Gandhinagar,Kharif,Maize
7.38,0.2,0.79,331,52,315,1076,30.1,Alluvial,Banaskantha,Kharif,Maize
7.65,0.45,0.85,324,67,295,780,22.1,Alluvial,Mehsana,Kharif,Maize
7.72,0.46,0.54,296,33,380,1000,30.6,Loam,Amreli,Kharif,Maize
6.2,0.28,0.7,250,37,290,913,28.1,Alluvial,Vadodara,Kharif,Maize
7.74,0.44,0.88,372,44,432,769,24.8,Alluvial,Surat,Kharif,Maize
7.6,0.22,0.53,293,53,261,1079,29.6,Loam,Navsari,Kharif,Maize
7.08,0.43,0.89,311,65,308,958,31.6,Loam,Junagadh,Kharif,Maize
7.37,0.47,0.99,309,60,414,901,25.5,Alluvial,Banaskantha,Kharif,Maize
7.05,0.21,0.92,393,52,438,968,22.2,Alluvial,Junagadh,Kharif,Maize
6.94,0.36,0.91,323,65,355,1035,24.5,Alluvial,Banaskantha,Kharif,Maize
7.17,0.31,0.91,335,33,443,1124,24.7,Loam,Kutch,Kharif,Maize
6.19,0.33,0.92,280,65,282,1166,24.1,Loam,Amreli,Kharif,Maize
6.19,0.35,0.74,323,46,370,993,28.9,Alluvial,Bhavnagar,Kharif,Maize
6.13,0.15,0.97,252,31,301,1063,24.6,Loam,Mehsana,Kharif,Maize
7.22,0.3,0.64,385,55,334,1045,31.3,Alluvial,Gandhinagar,Kharif,Maize
6.53,0.21,0.69,346,30,363,769,24.2,Loam,Bhavnagar,Kharif,Maize
6.1,0.22,0.94,370,46,276,775,22.1,Alluvial,Mehsana,Kharif,Maize
6,0.27,0.8,378,70,289,882,30.4,Alluvial,Bharuch,Kharif,Maize
6.96,0.48,0.81,251,49,305,997,24.5,Loam,Rajkot,Kharif,Maize
6.72,0.15,0.8,334,60,362,891,23.3,Loam,Ahmedabad,Kharif,Maize
7.01,0.48,0.97,305,36,359,800,26,Alluvial,Gandhinagar,Kharif,Maize
6.57,0.2,0.82,267,45,336,824,26.9,Loam,Amreli,Kharif,Maize
7.1,0.45,0.76,306,30,303,1189,28.2,Loam,Surat,Kharif,Maize
7.08,0.15,0.85,351,32,383,1034,27.4,Loam,Surat,Kharif,Maize
6.33,0.42,0.92,310,48,430,1142,22.3,Alluvial,Navsari,Kharif,Maize
7.11,0.34,0.92,327,59,334,839,29.3,Alluvial,Kutch,Kharif,Maize
7.56,0.28,0.73,320,67,407,720,27.8,Loam,Gandhinagar,Kharif,Maize
6.96,0.34,0.68,349,51,397,945,31.5,Alluvial,Banaskantha,Kharif,Maize
6.69,0.41,0.52,301,46,255,875,26.7,Loam,Mehsana,Kharif,Maize
7.63,0.39,0.55,263,63,440,710,24.9,Alluvial,Bhavnagar,Kharif,Maize
7.21,0.49,0.66,321,43,258,942,30.6,Alluvial,Bharuch,Kharif,Maize
6.19,0.37,0.83,379,59,419,932,30,Loam,Surendranagar,Kharif,Maize
7.04,0.14,0.66,368,41,309,910,24.5,Alluvial,Rajkot,Kharif,Maize
6.06,0.32,0.67,392,56,365,1177,31.1,Alluvial,Ahmedabad,Kharif,Maize
6.59,0.29,0.58,267,65,286,1130,29.7,Alluvial,Amreli,Kharif,Maize
7.53,0.4,0.81,386,62,343,1166,28.5,Loam,Banaskantha,Kharif,Maize
7.72,0.33,0.81,353,31,413,971,24.9,Loam,Kutch,Kharif,Maize
7.8,0.41,0.94,299,59,432,816,22.6,Loam,Surat,Kharif,Maize
6.82,0.27,0.56,332,53,394,906,31.7,Alluvial,Gandhinagar,Kharif,Maize
7.48,0.27,0.81,315,46,390,1063,31.2,Alluvial,Navsari,Kharif,Maize
7.35,0.1,0.53,319,32,450,927,25.7,Alluvial,Amreli,Kharif,Maize
6.43,0.44,0.56,358,49,448,720,26.4,Loam,Amreli,Kharif,Maize
7.05,0.31,0.58,393,62,419,1159,25.3,Loam,Amreli,Kharif,Maize
6.82,0.18,0.63,400,61,397,1121,29.4,Alluvial,Surendranagar,Kharif,Maize
7.55,0.15,0.93,372,42,355,908,28.3,Loam,Navsari,Kharif,Maize
6.8,0.48,0.75,368,65,429,1200,31.4,Alluvial,Kutch,Kharif,Maize
6.87,0.13,0.53,332,42,400,1081,29,Loam,Kutch,Kharif,Maize
7.29,0.12,0.72,376,59,280,985,25.2,Loam,Junagadh,Kharif,Maize
7.38,0.14,0.64,307,31,315,731,31.6,Alluvial,Vadodara,Kharif,Maize
6.68,0.42,0.52,280,42,275,909,28.8,Loam,Gandhinagar,Kharif,Maize
6.63,0.29,1,362,37,289,1151,26.5,Loam,Rajkot,Kharif,Maize
6.79,0.19,0.98,252,56,444,851,23.8,Loam,Amreli,Kharif,Maize
7.03,0.34,0.51,325,43,381,980,28.3,Loam,Surendranagar,Kharif,Maize
7.29,0.28,0.57,292,58,258,773,29.4,Loam,Surat,Kharif,Maize
7.71,0.26,0.99,309,66,267,863,27.1,Loam,Navsari,Kharif,Maize
7.59,0.15,0.71,322,54,369,1156,27.1,Alluvial,Kutch,Kharif,Maize
6.37,0.35,0.7,277,50,431,1107,29,Alluvial,Kutch,Kharif,Maize
7.46,0.26,0.53,315,31,429,1019,30.7,Loam,Surat,Kharif,Maize
6.17,0.15,0.9,264,57,348,924,26.4,Loam,Navsari,Kharif,Maize
7.18,0.23,0.87,295,47,290,1021,31.7,Alluvial,Bhavnagar,Kharif,Maize
7.55,0.49,0.64,335,44,429,785,31.5,Loam,Surendranagar,Kharif,Maize
6.13,0.32,0.51,391,34,311,1199,31.7,Alluvial,Vadodara,Kharif,Maize
6.82,0.17,0.61,363,65,443,1178,31.1,Loam,Navsari,Kharif,Maize
6.64,0.43,0.57,278,50,280,715,26.4,Loam,Kutch,Kharif,Maize
6.66,0.3,0.68,290,69,345,718,27.6,Loam,Surendranagar,Kharif,Maize
7.44,0.22,0.56,298,51,422,1000,27.8,Loam,Kutch,Kharif,Maize
6.31,0.47,0.78,288,55,313,860,26.3,Alluvial,Ahmedabad,Kharif,Maize
7.17,0.23,0.67,343,35,373,1109,29.6,Loam,Bhavnagar,Kharif,Maize
7.71,0.13,0.79,371,63,314,1001,25.3,Alluvial,Anand,Kharif,Maize
7.76,0.28,0.6,314,51,385,1030,22.2,Alluvial,Banaskantha,Kharif,Maize
7.79,0.27,0.58,300,47,356,1090,22.9,Loam,Kutch,Kharif,Maize
6.68,0.23,0.97,360,51,313,777,30.1,Alluvial,Anand,Kharif,Maize
7.22,0.2,0.94,365,32,439,1046,27.1,Alluvial,Rajkot,Kharif,Maize
6.49,0.38,0.58,363,34,407,985,27.4,Alluvial,Bharuch,Kharif,Maize
7.51,0.34,0.98,314,45,364,1093,29.9,Loam,Mehsana,Kharif,Maize
7.2,0.47,0.82,280,38,352,963,23.1,Alluvial,Junagadh,Kharif,Maize
7.31,0.31,0.51,381,64,401,1011,30.7,Loam,Anand,Kharif,Maize
7.18,0.5,0.52,280,47,254,798,24.2,Alluvial,Vadodara,Kharif,Maize
7.79,0.32,0.87,262,51,346,1185,29.1,Loam,Kutch,Kharif,Maize
6.93,0.43,0.72,259,70,297,1192,23.1,Alluvial,Rajkot,Kharif,Maize
6.17,0.38,0.78,357,31,285,1191,28.4,Alluvial,Surendranagar,Kharif,Maize
7.72,0.22,0.72,364,57,448,832,23.4,Alluvial,Amreli,Kharif,Maize
7.27,0.39,0.67,384,42,351,1097,23.6,Loam,Anand,Kharif,Maize
7.46,0.35,0.91,317,67,426,1070,25.2,Alluvial,Anand,Kharif,Maize
6.31,0.1,0.79,250,45,307,740,29.2,Loam,Bhavnagar,Kharif,Maize
6.78,0.27,0.84,376,37,444,914,25.9,Loam,Anand,Kharif,Maize
7.55,0.3,0.55,255,48,397,1019,25.5,Alluvial,Navsari,Kharif,Maize
6.42,0.3,0.84,351,48,416,751,26,Loam,Junagadh,Kharif,Maize
6.95,0.16,0.86,394,50,298,1106,30.9,Alluvial,Anand,Kharif,Maize
6.41,0.29,0.57,319,65,375,897,24.5,Alluvial,Ahmedabad,Kharif,Maize
6.18,0.19,0.93,343,53,375,828,25.2,Loam,Rajkot,Kharif,Maize
6.91,0.11,0.66,379,42,397,825,25.1,Alluvial,Mehsana,Kharif,Maize
6.39,0.21,0.91,321,39,422,1027,26.7,Loam,Banaskantha,Kharif,Maize
6.98,0.3,0.79,253,57,406,896,25.7,Alluvial,Amreli,Kharif,Maize
6.67,0.47,0.71,286,59,361,1052,23.6,Alluvial,Ahmedabad,Kharif,Maize
6.97,0.13,0.59,337,44,315,762,27.3,Loam,Vadodara,Kharif,Maize
7.14,0.29,0.78,258,40,450,1175,30.2,Alluvial,Surendranagar,Kharif,Maize
6.93,0.14,0.73,270,31,357,766,27.6,Loam,Anand,Kharif,Maize
7.65,0.15,0.69,396,48,318,932,24.2,Loam,Kutch,Kharif,Maize
6.38,0.14,0.94,322,45,409,737,22.3,Alluvial,Amreli,Kharif,Maize
7.71,0.39,0.56,385,57,419,1083,26.3,Loam,Anand,Kharif,Maize
7.03,0.12,0.71,374,46,370,946,28.5,Alluvial,Bharuch,Kharif,Maize
6.09,0.47,0.54,265,48,250,982,24.3,Loam,Surat,Kharif,Maize
7.34,0.44,0.59,254,35,414,979,26.5,Loam,Bharuch,Kharif,Maize
7.12,0.24,0.61,322,39,284,866,24.1,Alluvial,Banaskantha,Kharif,Maize
6.23,0.21,0.68,376,60,365,1094,23.8,Loam,Navsari,Kharif,Maize
6.65,0.37,0.52,277,63,384,1149,25.4,Alluvial,Rajkot,Kharif,Maize
7.68,0.21,0.65,258,44,432,893,23.9,Alluvial,Banaskantha,Kharif,Maize
7.49,0.38,0.77,388,62,326,790,30.1,Alluvial,Bharuch,Kharif,Maize
7.35,0.37,0.73,400,65,313,888,28.6,Loam,Gandhinagar,Kharif,Maize
7.36,0.12,0.69,312,67,295,969,25.4,Alluvial,Kutch,Kharif,Maize
7.15,0.16,0.99,331,49,354,741,30.5,Loam,Banaskantha,Kharif,Maize
7.71,0.26,0.99,365,63,420,1106,22.7,Loam,Surat,Kharif,Maize
7.29,0.4,0.54,307,66,333,1016,29.2,Loam,Bharuch,Kharif,Maize
7.05,0.38,0.53,393,51,441,924,23.7,Loam,Kutch,Kharif,Maize
6.09,0.35,0.73,376,61,396,916,23.4,Alluvial,Mehsana,Kharif,Maize
7.65,0.33,0.94,340,48,446,1191,27.6,Loam,Kutch,Kharif,Maize
6.84,0.13,0.74,289,38,255,722,27.5,Alluvial,Junagadh,Kharif,Maize
7.42,0.14,0.63,379,56,420,913,28,Loam,Amreli,Kharif,Maize
6.58,0.23,0.66,337,36,314,1143,27.8,Alluvial,Banaskantha,Kharif,Maize
7.26,0.28,0.82,253,62,252,700,29.1,Loam,Mehsana,Kharif,Maize
7.25,0.46,0.64,294,60,422,1160,28.4,Loam,Ahmedabad,Kharif,Maize
6.63,0.36,0.81,382,42,261,1186,31.9,Alluvial,Gandhinagar,Kharif,Maize
6.22,0.29,0.87,266,41,417,811,30.6,Loam,Surat,Kharif,Maize
7.37,0.19,0.62,360,59,345,1045,26.5,Loam,Gandhinagar,Kharif,Maize
6.8,0.2,0.86,283,54,446,871,27.3,Loam,Vadodara,Kharif,Maize
6.09,0.37,0.5,362,68,273,831,22,Loam,Rajkot,Kharif,Maize
7.13,0.37,0.59,380,31,355,743,31.4,Alluvial,Gandhinagar,Kharif,Maize
7.52,0.5,0.7,355,68,445,954,30.3,Loam,Gandhinagar,Kharif,Maize
6.27,0.44,0.96,273,59,280,1084,31.4,Loam,Bharuch,Kharif,Maize
6.41,0.26,0.75,312,33,305,778,25.5,Alluvial,Ahmedabad,Kharif,Maize
7.67,0.44,0.79,286,53,333,972,26.5,Loam,Gandhinagar,Kharif,Maize
6.37,0.39,0.74,393,35,441,728,28.6,Alluvial,Mehsana,Kharif,Maize
7.24,0.36,0.65,368,54,318,1185,29.3,Alluvial,Amreli,Kharif,Maize
7.22,0.14,0.8,302,55,421,1177,24.4,Loam,Amreli,Kharif,Maize
7.55,0.47,0.67,326,46,307,997,30.7,Alluvial,Banaskantha,Kharif,Maize
6.57,0.35,0.92,350,55,305,708,22.6,Loam,Surat,Kharif,Maize
6.7,0.38,0.56,263,52,423,739,25.9,Alluvial,Gandhinagar,Kharif,Maize
6.92,0.45,0.98,264,49,378,755,22.9,Loam,Bharuch,Kharif,Maize
7.55,0.4,0.94,371,70,421,1023,24.5,Loam,Vadodara,Kharif,Maize
7.68,0.29,0.81,291,68,331,997,29.5,Loam,Gandhinagar,Kharif,Maize
6.83,0.38,0.67,326,63,401,999,29.1,Alluvial,Gandhinagar,Kharif,Maize
6.16,0.17,0.79,348,68,445,1007,31.3,Loam,Navsari,Kharif,Maize
7.27,0.17,0.91,372,30,262,1036,23.3,Alluvial,Surat,Kharif,Maize
7.4,0.43,0.61,282,55,380,992,24,Loam,Ahmedabad,Kharif,Maize
6.04,0.13,0.72,389,64,323,738,25.6,Loam,Rajkot,Kharif,Maize
7.25,0.4,1,384,47,294,1058,28.3,Loam,Rajkot,Kharif,Maize
7.3,0.24,0.71,271,60,361,1041,31.9,Loam,Vadodara,Kharif,Maize
7,0.16,0.61,344,53,283,1053,27.5,Loam,Kutch,Kharif,Maize
6.05,0.5,0.72,251,39,446,775,27.5,Alluvial,Banaskantha,Kharif,Maize
7.67,0.42,0.68,286,64,362,969,28.1,Alluvial,Vadodara,Kharif,Maize
7.31,0.18,0.9,354,49,374,1182,23.6,Loam,Anand,Kharif,Maize
7.33,0.21,0.64,342,50,258,932,28.8,Alluvial,Rajkot,Kharif,Maize
7.36,0.47,0.56,390,52,435,1050,22.5,Alluvial,Surendranagar,Kharif,Maize
6.97,0.23,0.87,339,31,441,1046,25.4,Alluvial,Kutch,Kharif,Maize
6.02,0.31,0.55,393,65,424,1121,26.2,Loam,Bharuch,Kharif,Maize
7.74,0.2,0.72,400,43,364,972,30.1,Loam,Ahmedabad,Kharif,Maize
6.35,0.25,0.82,349,51,312,1179,24.2,Loam,Anand,Kharif,Maize
6.8,0.21,0.79,308,42,372,995,30.9,Alluvial,Amreli,Kharif,Maize
7.43,0.47,0.72,293,62,279,1015,31.2,Loam,Junagadh,Kharif,Maize
6.33,0.29,0.6,377,45,323,860,22.5,Alluvial,Rajkot,Kharif,Maize
7.08,0.1,0.95,250,46,371,766,29.5,Alluvial,Banaskantha,Kharif,Maize
6.86,0.46,0.78,291,68,269,838,25.6,Loam,Gandhinagar,Kharif,Maize
6.43,0.49,0.69,396,64,442,1079,31.4,Alluvial,Banaskantha,Kharif,Maize
7,0.28,0.65,309,54,361,886,24,Loam,Kutch,Kharif,Maize
6.95,0.24,0.73,326,62,441,1004,28.8,Loam,Surendranagar,Kharif,Maize
7.18,0.24,0.56,278,70,406,974,24.5,Loam,Navsari,Kharif,Maize
7.72,0.39,0.97,266,57,312,1132,27.6,Alluvial,Vadodara,Kharif,Maize
6.86,0.29,0.74,310,58,413,780,22.8,Alluvial,Mehsana,Kharif,Maize
6.49,0.28,0.68,268,69,270,1175,27.5,Loam,Vadodara,Kharif,Maize
6.67,0.34,0.83,306,38,437,795,30.1,Alluvial,Kutch,Kharif,Maize
7.4,0.47,0.66,253,50,323,879,29.4,Loam,Surat,Kharif,Maize
6.68,0.32,0.64,332,66,267,992,24.2,Loam,Surendranagar,Kharif,Maize
6.33,0.26,0.93,370,36,284,796,28.1,Alluvial,Surendranagar,Kharif,Maize
7.64,0.41,0.88,336,45,301,890,30.8,Alluvial,Surendranagar,Kharif,Maize
7.28,0.35,0.74,399,64,255,992,26,Alluvial,Mehsana,Kharif,Maize
6.33,0.38,0.8,250,63,375,986,26.9,Loam,Kutch,Kharif,Maize
6.85,0.36,0.78,371,42,369,1136,31.4,Alluvial,Junagadh,Kharif,Maize
7.06,0.29,0.61,381,45,361,1132,25.8,Alluvial,Banaskantha,Kharif,Maize
6.9,0.33,0.75,333,51,252,1104,30.8,Alluvial,Kutch,Kharif,Maize
7.16,0.21,0.68,261,58,430,771,28,Alluvial,Banaskantha,Kharif,Maize
7.61,0.39,0.99,256,35,254,1175,26.4,Alluvial,Bhavnagar,Kharif,Maize
6.33,0.48,0.7,287,58,382,781,25.5,Loam,Surat,Kharif,Maize
6.03,0.35,0.84,339,57,377,761,22.7,Loam,Vadodara,Kharif,Maize
6.37,0.32,0.89,363,40,321,1110,28.4,Alluvial,Bhavnagar,Kharif,Maize
7.58,0.41,0.92,367,32,379,1043,27,Alluvial,Gandhinagar,Kharif,Maize
6.59,0.23,0.6,390,30,343,800,29.4,Loam,Banaskantha,Kharif,Maize
7.13,0.16,0.76,344,32,446,932,29.4,Alluvial,Vadodara,Kharif,Maize
6.15,0.18,0.52,356,58,296,733,29.8,Alluvial,Vadodara,Kharif,Maize
6.7,0.2,0.72,257,41,373,1142,31.4,Loam,Surat,Kharif,Maize
6.81,0.45,0.78,289,37,323,1191,29.3,Alluvial,Navsari,Kharif,Maize
6.15,0.29,0.74,250,57,426,798,27.7,Loam,Mehsana,Kharif,Maize
6.39,0.26,0.63,378,43,358,1098,31.3,Alluvial,Ahmedabad,Kharif,Maize
6.8,0.18,0.7,336,56,261,1178,26,Loam,Vadodara,Kharif,Maize
7.79,0.24,0.68,312,50,324,751,30.1,Loam,Bhavnagar,Kharif,Maize
7.36,0.37,0.72,283,52,253,850,22.4,Loam,Bhavnagar,Kharif,Maize
7.49,0.4,0.83,378,65,266,713,28.3,Loam,Bharuch,Kharif,Maize
6.59,0.28,0.61,374,62,324,1087,25.6,Loam,Kutch,Kharif,Maize
6.27,0.31,0.58,279,31,323,743,25.7,Loam,Bhavnagar,Kharif,Maize
7.71,0.41,0.79,279,55,347,707,27.2,Alluvial,Ahmedabad,Kharif,Maize
7.38,0.43,0.54,343,70,347,1196,26.4,Alluvial,Kutch,Kharif,Maize
6.51,0.38,0.72,341,32,260,721,30.7,Loam,Vadodara,Kharif,Maize
6.99,0.11,0.82,400,38,283,1020,26.8,Loam,Anand,Kharif,Maize
7.61,0.35,0.52,348,49,405,1104,25.1,Alluvial,Vadodara,Kharif,Maize
6.79,0.24,0.85,379,32,423,815,29.9,Loam,Surat,Kharif,Maize
7.01,0.26,0.74,292,49,342,866,29.7,Alluvial,Gandhinagar,Kharif,Maize
6.07,0.39,0.62,266,48,414,1041,23.8,Loam,Kutch,Kharif,Maize
7.14,0.41,0.82,354,55,429,826,28.7,Alluvial,Bharuch,Kharif,Maize
6.07,0.11,0.68,390,31,319,1059,31.7,Loam,Gandhinagar,Kharif,Maize
7.14,0.44,0.55,252,66,346,756,29.4,Alluvial,Banaskantha,Kharif,Maize
7.04,0.48,0.61,377,30,401,956,31.7,Loam,Ahmedabad,Kharif,Maize
7.73,0.46,0.55,254,44,410,979,24.9,Alluvial,Kutch,Kharif,Maize
6.33,0.14,0.53,347,46,333,833,31.3,Loam,Amreli,Kharif,Maize
6.67,0.19,0.58,339,44,357,755,23.3,Loam,Banaskantha,Kharif,Maize
6.9,0.26,0.89,291,67,340,1175,27,Loam,Gandhinagar,Kharif,Maize
6.5,0.11,0.53,394,62,407,1101,26.5,Loam,Surendranagar,Kharif,Maize
6.42,0.19,0.88,376,36,358,718,30.9,Alluvial,Ahmedabad,Kharif,Maize
7.69,0.43,0.63,314,58,272,1159,26.2,Alluvial,Anand,Kharif,Maize
6.48,0.41,0.68,360,46,322,1195,25.5,Alluvial,Banaskantha,Kharif,Maize
7.63,0.27,0.8,344,46,272,1037,28.7,Alluvial,Anand,Kharif,Maize
6.39,0.39,0.73,261,46,402,959,26.9,Loam,Amreli,Kharif,Maize
6.04,0.18,0.77,299,58,313,1004,25.9,Loam,Bhavnagar,Kharif,Maize
6.3,0.46,0.91,356,30,430,1110,26.9,Alluvial,Navsari,Kharif,Maize
6.79,0.44,0.95,250,40,361,1055,23.2,Loam,Surat,Kharif,Maize
6.51,0.23,0.67,272,65,300,773,30.2,Loam,Bhavnagar,Kharif,Maize
6.27,0.14,0.77,281,53,338,737,30.4,Loam,Navsari,Kharif,Maize
7.67,0.45,0.81,286,60,336,703,25.7,Alluvial,Mehsana,Kharif,Maize
7.63,0.36,0.76,294,30,362,780,26.7,Alluvial,Ahmedabad,Kharif,Maize
6.34,0.22,0.85,297,69,304,950,27.3,Alluvial,Bhavnagar,Kharif,Maize
7.41,0.16,0.73,365,45,312,779,30.8,Alluvial,Gandhinagar,Kharif,Maize
6.8,0.39,0.72,361,69,335,1166,27.1,Alluvial,Banaskantha,Kharif,Maize
7.14,0.22,0.69,364,70,430,934,29.5,Alluvial,Banaskantha,Kharif,Maize
6.52,0.34,0.6,268,42,356,950,25.5,Loam,Amreli,Kharif,Maize
7.78,0.43,0.88,353,56,379,833,29.1,Alluvial,Surendranagar,Kharif,Maize
7.24,0.19,0.82,362,62,303,1090,23.9,Alluvial,Rajkot,Kharif,Maize
6.71,0.46,0.86,302,36,373,930,28,Loam,Surat,Kharif,Maize
6.54,0.47,0.78,386,44,298,802,23,Loam,Bharuch,Kharif,Maize
7.75,0.48,0.86,381,31,276,903,26,Alluvial,Amreli,Kharif,Maize
6.45,0.15,0.53,280,68,306,956,27.3,Loam,Surat,Kharif,Maize
6.13,0.24,0.89,311,66,373,978,31.1,Loam,Gandhinagar,Kharif,Maize
6.44,0.42,0.93,398,35,255,1044,25.8,Loam,Junagadh,Kharif,Maize
6.9,0.44,0.62,347,52,265,848,26,Alluvial,Ahmedabad,Kharif,Maize
7.64,0.36,0.9,329,61,391,1027,28.1,Alluvial,Surendranagar,Kharif,Maize
7.66,0.23,0.82,390,39,359,1192,28.4,Alluvial,Vadodara,Kharif,Maize
6.08,0.27,0.53,385,48,258,739,25.2,Loam,Anand,Kharif,Maize
7.1,0.33,0.96,254,55,284,1063,28.2,Alluvial,Junagadh,Kharif,Maize
7.02,0.34,0.82,297,57,385,902,26.2,Loam,Junagadh,Kharif,Maize
7.77,0.19,0.78,350,65,422,1177,23.6,Loam,Junagadh,Kharif,Maize
6.8,0.19,0.99,263,63,425,1198,26.5,Loam,Bharuch,Kharif,Maize
6.36,0.11,0.81,289,31,263,874,30.5,Loam,Amreli,Kharif,Maize
6.72,0.12,0.5,295,48,376,846,27.1,Loam,Surendranagar,Kharif,Maize
7.18,0.35,0.86,385,69,293,732,24.3,Loam,Surat,Kharif,Maize
6.96,0.46,0.97,289,68,450,1123,24.1,Alluvial,Banaskantha,Kharif,Maize
6.82,0.37,0.98,333,46,259,757,25,Alluvial,Mehsana,Kharif,Maize
7.23,0.44,0.65,344,48,310,1028,22.9,Loam,Bharuch,Kharif,Maize
6.56,0.34,0.73,263,33,371,1116,28.3,Alluvial,Bhavnagar,Kharif,Maize
7.77,0.4,0.61,355,68,383,823,26.8,Loam,Vadodara,Kharif,Maize
7.76,0.36,0.82,321,51,389,824,27.4,Loam,Junagadh,Kharif,Maize
6.02,0.4,0.87,258,69,398,727,29.3,Alluvial,Gandhinagar,Kharif,Maize
7.42,0.14,0.94,308,53,400,1061,27,Loam,Surat,Kharif,Maize
6.38,0.14,0.88,357,67,357,835,22.2,Alluvial,Rajkot,Kharif,Maize
6.56,0.11,0.94,301,43,333,795,22.1,Loam,Amreli,Kharif,Maize
7.78,0.42,0.69,395,43,269,898,29.4,Alluvial,Bharuch,Kharif,Maize
6.7,0.44,0.61,279,54,274,849,22.5,Alluvial,Surat,Kharif,Maize
6.19,0.13,0.54,364,37,404,1106,27.8,Loam,Gandhinagar,Kharif,Maize
7.66,0.2,0.67,278,68,420,1026,27.7,Alluvial,Mehsana,Kharif,Maize
6.13,0.46,0.51,335,56,447,925,30,Alluvial,Kutch,Kharif,Maize
6.64,0.42,1,343,68,344,744,26.7,Loam,Surat,Kharif,Maize
6.65,0.21,0.62,257,39,430,795,30.1,Loam,Gandhinagar,Kharif,Maize
7.79,0.12,0.71,358,31,293,850,27.8,Alluvial,Vadodara,Kharif,Maize
7.59,0.28,0.64,327,67,261,888,26.7,Loam,Vadodara,Kharif,Maize
6.34,0.15,0.75,376,52,291,901,31.9,Loam,Mehsana,Kharif,Maize
6.84,0.47,0.81,384,68,432,759,26,Alluvial,Rajkot,Kharif,Maize
6.86,0.14,0.93,279,35,267,832,23.6,Loam,Rajkot,Kharif,Maize
6.28,0.38,0.75,343,49,356,925,24.2,Alluvial,Gandhinagar,Kharif,Maize
6.13,0.4,0.95,317,35,396,1156,31.2,Loam,Ahmedabad,Kharif,Maize
7.07,0.22,0.97,263,64,340,943,29.4,Alluvial,Surat,Kharif,Maize
6.46,0.46,0.82,273,61,353,1152,31.1,Loam,Junagadh,Kharif,Maize
6.7,0.18,0.94,279,36,422,764,26.5,Alluvial,Anand,Kharif,Maize
6.16,0.48,0.82,272,59,291,715,31.4,Loam,Gandhinagar,Kharif,Maize
7.06,0.24,0.92,316,30,257,732,27.7,Loam,Navsari,Kharif,Maize
7.54,0.41,0.86,362,65,288,1136,24.9,Alluvial,Ahmedabad,Kharif,Maize
7.57,0.18,0.88,294,49,419,1062,31.9,Alluvial,Anand,Kharif,Maize
6.22,0.45,0.74,324,55,361,773,24.7,Alluvial,Amreli,Kharif,Maize
6.41,0.44,0.82,325,38,440,737,30,Loam,Surendranagar,Kharif,Maize
6.92,0.26,0.61,339,36,410,1059,25.4,Alluvial,Surat,Kharif,Maize
6.5,0.38,0.7,287,34,442,953,24.9,Loam,Vadodara,Kharif,Maize
6.34,0.47,0.55,360,47,398,1105,25.1,Loam,Junagadh,Kharif,Maize
7.4,0.36,0.64,274,43,371,1175,28.5,Alluvial,Kutch,Kharif,Maize
7.21,0.36,0.87,311,70,276,1087,28.8,Loam,Mehsana,Kharif,Maize
7.08,0.37,0.82,387,57,397,1127,28.8,Loam,Gandhinagar,Kharif,Maize
7.35,0.12,0.78,384,44,253,840,23.1,Loam,Kutch,Kharif,Maize
7.55,0.21,0.64,328,61,311,821,24.7,Alluvial,Vadodara,Kharif,Maize
7.77,0.43,0.93,370,45,360,1088,28,Alluvial,Rajkot,Kharif,Maize
7.2,0.3,0.68,342,45,269,1040,30.1,Loam,Bharuch,Kharif,Maize
7.55,0.12,0.99,394,43,371,709,22.8,Alluvial,Mehsana,Kharif,Maize
6.59,0.26,0.79,364,47,414,709,29.4,Loam,Amreli,Kharif,Maize
7.02,0.23,0.89,340,32,403,879,26.8,Alluvial,Mehsana,Kharif,Maize
6.12,0.21,0.86,349,55,379,725,26,Alluvial,Bhavnagar,Kharif,Maize
7.58,0.34,0.95,323,34,359,1181,28.4,Alluvial,Banaskantha,Kharif,Maize
6.62,0.21,0.91,347,41,439,949,27.1,Alluvial,Mehsana,Kharif,Maize
7.76,0.5,0.87,263,55,378,1109,24,Alluvial,Amreli,Kharif,Maize
7.73,0.43,0.73,399,51,404,771,30.8,Alluvial,Bharuch,Kharif,Maize
7.49,0.16,0.62,270,41,334,899,26.9,Alluvial,Vadodara,Kharif,Maize
6,0.38,0.92,382,52,443,1156,26.3,Loam,Amreli,Kharif,Maize
7.24,0.38,0.98,316,35,298,842,29.9,Loam,Kutch,Kharif,Maize
7.28,0.18,0.6,375,44,429,950,30.6,Alluvial,Surendranagar,Kharif,Maize
7.41,0.37,0.65,288,30,405,829,23.9,Loam,Banaskantha,Kharif,Maize
6.43,0.29,0.56,380,59,266,1016,29.1,Loam,Amreli,Kharif,Maize
6.62,0.49,0.83,395,38,419,1191,30.5,Loam,Surat,Kharif,Maize
7.71,0.46,0.9,250,66,343,883,28.9,Loam,Gandhinagar,Kharif,Maize
7.09,0.49,0.8,351,48,421,1101,23.8,Alluvial,Gandhinagar,Kharif,Maize
7.05,0.28,0.61,275,57,424,1101,31,Alluvial,Banaskantha,Kharif,Maize
6.27,0.2,0.55,268,45,417,806,22.5,Alluvial,Gandhinagar,Kharif,Maize
6.59,0.25,0.88,261,41,316,907,31.7,Loam,Mehsana,Kharif,Maize
7.5,0.43,0.86,276,40,304,771,30.2,Alluvial,Amreli,Kharif,Maize
6.41,0.17,0.52,373,45,384,1085,25.2,Loam,Junagadh,Kharif,Maize
7.69,0.4,0.86,327,43,399,1125,30.3,Alluvial,Gandhinagar,Kharif,Maize
6.02,0.31,0.68,362,63,302,945,28.2,Alluvial,Surat,Kharif,Maize
7.71,0.14,0.91,391,41,285,892,28.5,Alluvial,Banaskantha,Kharif,Maize
7.79,0.34,0.72,345,36,409,818,22.7,Loam,Anand,Kharif,Maize
6.98,0.21,0.8,393,45,388,701,24,Loam,Kutch,Kharif,Maize
6.79,0.4,0.62,281,36,307,1106,24.1,Alluvial,Kutch,Kharif,Maize
6.45,0.21,0.58,343,50,328,715,26.4,Loam,Surendranagar,Kharif,Maize
7.77,0.11,0.96,341,50,416,1182,27.1,Alluvial,Anand,Kharif,Maize
6.37,0.21,0.86,281,62,257,1041,27.6,Alluvial,Banaskantha,Kharif,Maize
7.17,0.19,1,264,38,436,1166,27.3,Loam,Gandhinagar,Kharif,Maize
7.06,0.32,0.58,337,62,374,1076,25.5,Loam,Rajkot,Kharif,Maize
7.79,0.27,0.65,332,45,305,1080,22.3,Alluvial,Ahmedabad,Kharif,Maize
6.74,0.37,0.75,352,43,445,1163,24.3,Alluvial,Banaskantha,Kharif,Maize
7.42,0.13,0.72,273,36,401,870,25.4,Alluvial,Junagadh,Kharif,Maize
7.07,0.3,0.86,298,46,425,729,24.3,Loam,Banaskantha,Kharif,Maize
6.14,0.29,0.89,305,61,396,1023,28.5,Alluvial,Ahmedabad,Kharif,Maize
6.18,0.32,0.57,263,30,323,1170,25.7,Alluvial,Junagadh,Kharif,Maize
6.86,0.42,0.7,319,58,427,852,23.3,Loam,Mehsana,Kharif,Maize
6.49,0.29,0.57,332,33,446,917,31.5,Alluvial,Banaskantha,Kharif,Maize
7.19,0.11,0.86,306,54,362,1019,28.4,Alluvial,Junagadh,Kharif,Maize
7.47,0.49,0.95,258,69,338,944,27.5,Alluvial,Anand,Kharif,Maize
6.42,0.38,0.85,252,64,275,991,28,Loam,Mehsana,Kharif,Maize
7.55,0.48,0.87,321,50,361,867,31.5,Loam,Bhavnagar,Kharif,Maize
7.25,0.32,0.54,364,46,325,794,22.3,Loam,Navsari,Kharif,Maize
6.1,0.48,0.68,271,53,426,1040,25.3,Loam,Bharuch,Kharif,Maize
7.78,0.1,0.89,262,37,436,901,28.5,Loam,Banaskantha,Kharif,Maize
7.33,0.37,0.52,256,34,307,1152,24.6,Alluvial,Navsari,Kharif,Maize
7.57,0.24,0.81,263,54,411,945,22.2,Alluvial,Anand,Kharif,Maize
6.46,0.41,0.98,341,49,382,831,22.1,Alluvial,Junagadh,Kharif,Maize
6.07,0.22,0.51,355,46,341,828,28.2,Loam,Mehsana,Kharif,Maize
7.43,0.22,0.98,362,52,293,884,26.1,Loam,Surendranagar,Kharif,Maize
6.99,0.34,0.93,351,57,284,861,26.4,Alluvial,Rajkot,Kharif,Maize
7.74,0.31,0.85,334,35,272,959,23.1,Alluvial,Bharuch,Kharif,Maize
7.47,0.24,0.84,345,33,392,1045,23.2,Loam,Banaskantha,Kharif,Maize
6.04,0.2,0.67,255,58,268,1097,27,Alluvial,Kutch,Kharif,Maize
6.78,0.21,0.97,373,54,298,1119,29.7,Alluvial,Kutch,Kharif,Maize
6.07,0.48,0.61,290,45,281,998,26.6,Loam,Junagadh,Kharif,Maize
6.29,0.22,0.69,355,62,315,1171,24.9,Loam,Banaskantha,Kharif,Maize
6.75,0.25,0.97,379,68,444,792,24.5,Loam,Rajkot,Kharif,Maize
7.69,0.32,0.59,267,35,311,1142,26.4,Alluvial,Navsari,Kharif,Maize
7.7,0.37,0.64,376,68,431,780,29.8,Loam,Bhavnagar,Kharif,Maize
7.29,0.49,0.55,318,49,385,1165,31.2,Loam,Junagadh,Kharif,Maize
7.6,0.33,0.65,336,64,315,1159,26.1,Alluvial,Kutch,Kharif,Maize
7.35,0.32,0.92,378,61,393,709,28.4,Loam,Bharuch,Kharif,Maize
6.44,0.26,0.82,372,56,315,1137,27.7,Alluvial,Gandhinagar,Kharif,Maize
6.96,0.23,0.64,287,52,278,988,23,Loam,Rajkot,Kharif,Maize
6.76,0.44,0.79,328,58,361,1113,26.6,Loam,Bhavnagar,Kharif,Maize
7.71,0.4,0.85,270,67,280,1007,23.9,Loam,Amreli,Kharif,Maize
6.68,0.2,0.67,303,37,364,922,30.6,Loam,Anand,Kharif,Maize
7.67,0.11,0.9,357,58,331,994,23.2,Loam,Anand,Kharif,Maize
7.17,0.39,0.61,356,61,261,1038,25,Loam,Bharuch,Kharif,Maize
6.8,0.49,0.96,278,47,258,881,30,Loam,Surendranagar,Kharif,Maize
6.1,0.49,1,254,35,342,888,31.6,Loam,Banaskantha,Kharif,Maize
6.51,0.36,0.89,387,50,367,1115,25.2,Loam,Ahmedabad,Kharif,Maize
7.79,0.19,0.63,318,65,318,882,25.4,Loam,Bhavnagar,Kharif,Maize
7.2,0.29,0.97,354,43,311,1123,25.4,Loam,Amreli,Kharif,Maize
6.01,0.46,0.67,394,51,305,1099,22.1,Loam,Amreli,Kharif,Maize
6.85,0.39,0.57,286,60,349,992,25.3,Loam,Junagadh,Kharif,Maize
7.7,0.32,1,290,57,353,711,24.3,Loam,Bharuch,Kharif,Maize
7.1,0.11,0.82,368,57,424,1148,25.1,Alluvial,Kutch,Kharif,Maize
7.63,0.34,0.91,323,42,427,884,22.5,Loam,Banaskantha,Kharif,Maize
7.5,0.42,0.72,307,60,376,1145,29.8,Loam,Amreli,Kharif,Maize
6.5,0.14,1,394,34,400,757,25.9,Loam,Banaskantha,Kharif,Maize
6.6,0.44,0.84,294,51,405,790,25.4,Alluvial,Ahmedabad,Kharif,Maize
7.09,0.24,0.81,385,33,372,1019,27.1,Alluvial,Junagadh,Kharif,Maize
6.86,0.12,0.76,300,43,443,1135,29.5,Alluvial,Amreli,Kharif,Maize
6.38,0.41,0.65,295,57,396,1140,29.2,Loam,Banaskantha,Kharif,Maize
6.51,0.32,0.55,347,66,413,880,31.1,Alluvial,Rajkot,Kharif,Maize
7.16,0.17,0.92,357,46,260,826,22.7,Alluvial,Mehsana,Kharif,Maize
6.28,0.28,0.8,274,46,361,1168,25.6,Loam,Rajkot,Kharif,Maize
7.76,0.36,0.51,298,44,394,1116,31.1,Alluvial,Vadodara,Kharif,Maize
7.08,0.25,0.72,360,67,314,778,24.2,Loam,Anand,Kharif,Maize
6.34,0.37,0.86,341,48,290,971,27,Loam,Surat,Kharif,Maize
6.85,0.29,0.65,390,70,449,866,22.5,Alluvial,Junagadh,Kharif,Maize
7.47,0.39,0.94,371,38,425,1105,22.8,Loam,Banaskantha,Kharif,Maize
6.37,0.13,0.58,261,51,340,801,23.6,Loam,Banaskantha,Kharif,Maize
7.09,0.21,0.92,328,62,312,1053,26.7,Loam,Mehsana,Kharif,Maize
7.29,0.4,0.74,311,62,420,969,27.7,Loam,Anand,Kharif,Maize
7.07,0.42,0.93,361,58,292,959,26.9,Loam,Gandhinagar,Kharif,Maize
7.42,0.25,0.81,263,48,254,926,25.8,Alluvial,Banaskantha,Kharif,Maize
6.68,0.35,0.9,330,41,441,844,23,Loam,Gandhinagar,Kharif,Maize
6.4,0.37,0.53,254,48,255,835,22.8,Alluvial,Gandhinagar,Kharif,Maize
7.45,0.33,0.57,321,45,426,827,26.6,Alluvial,Ahmedabad,Kharif,Maize
6.66,0.31,0.55,351,44,341,862,22.3,Alluvial,Vadodara,Kharif,Maize
6.38,0.13,0.54,279,50,380,854,25.7,Loam,Anand,Kharif,Maize
6.41,0.45,0.91,372,33,427,723,29.2,Alluvial,Kutch,Kharif,Maize
7.25,0.21,0.6,365,53,356,1187,22.3,Loam,Surat,Kharif,Maize
6.01,0.48,0.85,363,43,366,809,24.4,Loam,Bharuch,Kharif,Maize
7.14,0.12,0.92,251,36,419,1151,31.4,Alluvial,Ahmedabad,Kharif,Maize
6.28,0.43,0.99,290,40,435,1046,31,Alluvial,Junagadh,Kharif,Maize
6.75,0.18,0.69,319,67,359,1174,26,Alluvial,Surendranagar,Kharif,Maize
7.17,0.44,0.99,319,45,337,977,29.2,Loam,Anand,Kharif,Maize
6.85,0.13,0.78,257,32,327,873,22.5,Loam,Bhavnagar,Kharif,Maize
6.44,0.13,0.56,333,69,410,908,22.6,Alluvial,Gandhinagar,Kharif,Maize
6.73,0.41,0.9,320,61,374,1010,26.4,Alluvial,Anand,Kharif,Maize
6.59,0.47,0.92,335,54,288,862,26.7,Alluvial,Anand,Kharif,Maize
6.49,0.17,0.7,316,33,349,1002,30.8,Loam,Bharuch,Kharif,Maize
6.2,0.39,0.75,316,36,439,965,23.6,Loam,Rajkot,Kharif,Maize
7.43,0.22,0.78,274,54,264,888,31.6,Alluvial,Rajkot,Kharif,Maize
7.02,0.37,0.93,340,61,260,985,23.7,Loam,Bhavnagar,Kharif,Maize
6.99,0.44,0.66,261,46,319,1075,24.9,Loam,Surendranagar,Kharif,Maize
7.77,0.4,0.81,316,39,441,907,26.9,Alluvial,Mehsana,Kharif,Maize
6.97,0.38,0.92,266,51,281,816,26.4,Loam,Bharuch,Kharif,Maize
7.59,0.26,0.63,363,32,325,773,24.5,Loam,Bhavnagar,Kharif,Maize
7.01,0.3,0.65,251,58,347,1037,27.4,Loam,Kutch,Kharif,Maize
6.02,0.27,0.54,317,44,359,884,27.8,Alluvial,Kutch,Kharif,Maize
7.68,0.34,0.83,369,55,355,1077,23,Alluvial,Vadodara,Kharif,Maize
6.45,0.45,0.89,332,32,257,1107,26.9,Alluvial,Rajkot,Kharif,Maize
7.24,0.45,0.67,278,64,251,702,31,Loam,Mehsana,Kharif,Maize
6.45,0.3,0.99,342,59,361,752,27.3,Loam,Surendranagar,Kharif,Maize
6.87,0.42,0.72,374,38,426,747,28,Alluvial,Bharuch,Kharif,Maize
7.49,0.32,0.62,400,37,316,805,22.1,Alluvial,Rajkot,Kharif,Maize
6.65,0.28,0.59,343,69,374,973,24.2,Loam,Anand,Kharif,Maize
6.83,0.49,0.89,263,63,423,995,23,Alluvial,Vadodara,Kharif,Maize
7.07,0.42,0.9,369,70,447,900,27.9,Alluvial,Rajkot,Kharif,Maize
6.32,0.41,0.67,353,38,265,972,24.2,Alluvial,Bhavnagar,Kharif,Maize
6.03,0.32,0.52,341,61,418,719,29.9,Loam,Anand,Kharif,Maize
7.17,0.39,0.87,351,45,367,731,24.3,Loam,Surendranagar,Kharif,Maize
6.61,0.24,0.94,277,50,281,900,26.4,Loam,Bharuch,Kharif,Maize
6.14,0.38,0.58,396,55,338,977,30.6,Alluvial,Ahmedabad,Kharif,Maize
7.54,0.12,0.89,312,54,381,949,23.9,Alluvial,Bharuch,Kharif,Maize
6.11,0.16,0.66,320,53,261,1112,27.5,Alluvial,Ahmedabad,Kharif,Maize
7.11,0.11,0.72,368,43,416,1141,27.6,Alluvial,Anand,Kharif,Maize
7.51,0.47,0.82,323,37,443,728,31.8,Alluvial,Ahmedabad,Kharif,Maize
6.7,0.32,0.76,311,66,309,1188,22.3,Alluvial,Navsari,Kharif,Maize
6.78,0.19,0.91,356,30,431,973,28.1,Loam,Surendranagar,Kharif,Maize
6.07,0.21,0.93,312,60,345,1019,30,Loam,Navsari,Kharif,Maize
6.84,0.34,0.53,330,65,312,729,24.6,Alluvial,Amreli,Kharif,Maize
6.88,0.31,0.51,366,57,317,888,23.1,Alluvial,Junagadh,Kharif,Maize
7.23,0.41,0.66,262,37,409,979,31.3,Loam,Surendranagar,Kharif,Maize
6.88,0.22,0.6,388,62,448,700,27.4,Alluvial,Gandhinagar,Kharif,Maize
6.55,0.25,0.76,378,50,450,701,26.4,Loam,Vadodara,Kharif,Maize
6.4,0.11,0.85,387,53,268,863,30.4,Alluvial,Rajkot,Kharif,Maize
6.34,0.16,0.73,273,58,391,961,26.7,Loam,Junagadh,Kharif,Maize
7.3,0.15,0.99,280,63,412,836,22.9,Alluvial,Vadodara,Kharif,Maize
7.35,0.43,0.55,255,30,376,832,28.3,Alluvial,Navsari,Kharif,Maize
7.32,0.25,0.67,398,68,304,810,30,Alluvial,Gandhinagar,Kharif,Maize
6.73,0.35,0.89,347,65,396,1157,31.2,Loam,Gandhinagar,Kharif,Maize
6.41,0.29,0.81,260,66,288,1045,25.7,Alluvial,Banaskantha,Kharif,Maize
6.09,0.49,0.68,300,56,261,924,22.8,Loam,Anand,Kharif,Maize
7.46,0.15,0.74,326,69,272,770,28.5,Alluvial,Banaskantha,Kharif,Maize
6.4,0.27,0.79,298,57,326,806,31.7,Loam,Kutch,Kharif,Maize
7.25,0.13,0.65,330,68,321,890,31.5,Alluvial,Vadodara,Kharif,Maize
6.06,0.32,0.66,277,48,347,1059,24.3,Alluvial,Mehsana,Kharif,Maize
6.81,0.32,0.74,355,44,311,1199,28.7,Alluvial,Amreli,Kharif,Maize
6.36,0.21,0.91,303,45,306,1054,27.2,Alluvial,Rajkot,Kharif,Maize
7.19,0.25,0.88,333,31,406,1071,29.1,Alluvial,Gandhinagar,Kharif,Maize
6.03,0.1,0.89,312,64,361,1175,25.8,Loam,Gandhinagar,Kharif,Maize
6.07,0.3,0.58,260,40,368,861,26.8,Loam,Ahmedabad,Kharif,Maize
6.36,0.3,0.68,374,42,385,729,30.4,Alluvial,Surat,Kharif,Maize
6.34,0.44,0.78,257,35,405,1108,31.9,Alluvial,Navsari,Kharif,Maize
6.84,0.12,0.84,342,36,384,1054,31.2,Alluvial,Rajkot,Kharif,Maize
6.01,0.3,0.81,355,42,353,935,27.3,Alluvial,Mehsana,Kharif,Maize
7.17,0.13,0.71,396,54,252,707,25.8,Loam,Anand,Kharif,Maize
7.43,0.37,0.76,290,61,400,724,25.1,Alluvial,Vadodara,Kharif,Maize
6.31,0.37,0.69,378,31,358,979,29.8,Loam,Banaskantha,Kharif,Maize
6.24,0.35,0.55,366,68,363,704,24.2,Alluvial,Mehsana,Kharif,Maize
6.11,0.18,0.78,251,69,389,1168,30.5,Loam,Navsari,Kharif,Maize
7.63,0.49,0.78,261,47,386,826,23.9,Loam,Surendranagar,Kharif,Maize
7.43,0.32,0.96,367,70,284,898,22.6,Alluvial,Surat,Kharif,Maize
6.13,0.5,0.84,358,57,441,1072,26.2,Alluvial,Vadodara,Kharif,Maize
7.66,0.34,0.79,327,44,413,712,27.3,Alluvial,Anand,Kharif,Maize
7.26,0.28,0.59,335,45,362,754,23.3,Loam,Junagadh,Kharif,Maize
6.52,0.46,0.67,331,61,388,1186,28.4,Alluvial,Kutch,Kharif,Maize
7.32,0.18,0.54,292,37,372,1042,25.4,Alluvial,Navsari,Kharif,Maize
6.86,0.34,0.98,314,45,300,1127,23.1,Alluvial,Gandhinagar,Kharif,Maize
6.41,0.42,0.68,372,56,361,769,22.3,Loam,Anand,Kharif,Maize
6.03,0.46,0.76,352,46,253,1091,23.1,Loam,Gandhinagar,Kharif,Maize
6.53,0.49,0.57,374,62,419,862,30.4,Loam,Kutch,Kharif,Maize
6.23,0.46,0.83,326,39,317,871,27.6,Loam,Ahmedabad,Kharif,Maize
6.82,0.34,0.79,264,59,291,769,31.8,Loam,Gandhinagar,Kharif,Maize
7.11,0.12,0.83,275,50,448,833,23,Alluvial,Gandhinagar,Kharif,Maize
7.29,0.47,0.78,387,63,305,821,28.2,Alluvial,Anand,Kharif,Maize
6.97,0.4,0.76,285,39,341,1031,30.8,Loam,Kutch,Kharif,Maize
6.9,0.27,0.78,360,35,265,816,25.6,Loam,Gandhinagar,Kharif,Maize
6.48,0.32,0.78,329,42,375,1033,31.3,Loam,Anand,Kharif,Maize
7.39,0.16,0.57,309,70,343,702,28.5,Alluvial,Junagadh,Kharif,Maize
7.31,0.16,0.71,323,54,412,1123,22.4,Loam,Rajkot,Kharif,Maize
6.51,0.41,0.78,271,30,262,1005,23.1,Loam,Vadodara,Kharif,Maize
7.5,0.34,0.66,336,49,434,827,22.4,Alluvial,Gandhinagar,Kharif,Maize
7.59,0.45,0.93,283,61,436,852,30.6,Alluvial,Bharuch,Kharif,Maize
7.48,0.46,0.66,283,51,420,1045,27.5,Loam,Kutch,Kharif,Maize
7.68,0.18,0.75,300,40,277,910,31.9,Loam,Anand,Kharif,Maize
7.39,0.26,0.94,261,58,265,1021,27.3,Loam,Bharuch,Kharif,Maize
7.63,0.45,0.91,273,43,421,1167,24.5,Alluvial,Vadodara,Kharif,Maize
6.06,0.11,0.63,287,59,357,1164,29.9,Alluvial,Navsari,Kharif,Maize
7.5,0.36,0.88,355,51,285,1169,26.3,Loam,Junagadh,Kharif,Maize
7.53,0.49,0.64,375,46,270,741,32,Alluvial,Amreli,Kharif,Maize
6.92,0.38,0.94,299,65,387,1069,27,Loam,Banaskantha,Kharif,Maize
7.15,0.32,0.96,394,41,265,833,29.2,Loam,Surendranagar,Kharif,Maize
6.58,0.48,0.98,292,44,262,1112,30.6,Loam,Surendranagar,Kharif,Maize
7.69,0.39,0.51,313,70,284,1008,31.6,Loam,Bhavnagar,Kharif,Maize
6.5,0.36,0.64,308,39,401,1059,25.1,Loam,Mehsana,Kharif,Maize
6.77,0.47,0.75,322,33,325,1138,31,Loam,Amreli,Kharif,Maize
6.47,0.35,0.7,320,69,373,776,29.9,Alluvial,Kutch,Kharif,Maize
7.39,0.14,0.9,354,58,410,1159,29.9,Alluvial,Junagadh,Kharif,Maize
6.06,0.33,0.78,324,41,407,960,23.7,Alluvial,Rajkot,Kharif,Maize
6.68,0.2,0.56,378,38,358,882,27.1,Loam,Bharuch,Kharif,Maize
6.09,0.47,0.88,322,63,401,736,22,Loam,Gandhinagar,Kharif,Maize
7.01,0.33,0.68,385,46,308,835,28.8,Loam,Surendranagar,Kharif,Maize
6.68,0.48,0.83,307,48,302,1170,24.7,Alluvial,Bhavnagar,Kharif,Maize
7.56,0.38,0.76,255,56,416,810,22.7,Alluvial,Banaskantha,Kharif,Maize
6.59,0.36,0.62,365,64,441,1101,28.6,Loam,Anand,Kharif,Maize
6.59,0.11,0.74,281,39,383,783,22.7,Alluvial,Bharuch,Kharif,Maize
6.13,0.26,0.82,274,62,270,863,24.6,Loam,Mehsana,Kharif,Maize
6.91,0.19,0.73,366,33,374,729,25.7,Alluvial,Gandhinagar,Kharif,Maize
6.05,0.25,0.82,255,70,352,1177,23.3,Alluvial,Amreli,Kharif,Maize
6.8,0.17,0.63,301,38,359,871,26.5,Alluvial,Bharuch,Kharif,Maize
6.89,0.31,0.63,375,32,373,962,28.2,Alluvial,Gandhinagar,Kharif,Maize
7.09,0.31,0.75,334,40,429,1196,28.5,Loam,Anand,Kharif,Maize
7.5,0.26,0.9,382,49,342,841,24.7,Alluvial,Mehsana,Kharif,Maize
7.65,0.28,0.86,395,39,384,784,26,Alluvial,Bhavnagar,Kharif,Maize
7.09,0.14,0.9,340,36,330,1008,29.2,Loam,Amreli,Kharif,Maize
6.87,0.21,0.93,389,61,275,884,28.4,Alluvial,Surat,Kharif,Maize
7.73,0.13,0.82,396,44,268,1106,28.7,Loam,Anand,Kharif,Maize
6.89,0.46,0.94,358,36,368,894,25.6,Alluvial,Amreli,Kharif,Maize
6.2,0.11,0.51,261,40,377,970,26.2,Loam,Surendranagar,Kharif,Maize
7.47,0.31,0.96,368,33,446,702,25.5,Alluvial,Vadodara,Kharif,Maize
6.41,0.46,0.53,357,42,274,1014,29,Loam,Surendranagar,Kharif,Maize
6.39,0.3,0.95,303,40,436,984,26.7,Alluvial,Bhavnagar,Kharif,Maize
7.57,0.48,0.64,348,41,295,902,31.1,Loam,Vadodara,Kharif,Maize
6.35,0.13,0.94,291,46,444,1106,24.1,Loam,Amreli,Kharif,Maize
7.55,0.11,0.66,299,36,329,1140,28.5,Loam,Kutch,Kharif,Maize
7.1,0.42,0.9,394,54,418,838,25.2,Loam,Amreli,Kharif,Maize
7.14,0.37,0.78,251,66,433,1124,23.4,Loam,Gandhinagar,Kharif,Maize
7.69,0.13,0.68,308,70,355,970,25.3,Loam,Junagadh,Kharif,Maize
6.58,0.14,0.77,339,35,415,1164,23.2,Alluvial,Surat,Kharif,Maize
6.16,0.31,0.73,254,60,340,996,23.1,Loam,Anand,Kharif,Maize
7.34,0.27,0.98,269,69,354,1112,26,Loam,Kutch,Kharif,Maize
6.68,0.1,0.55,335,33,433,838,24.3,Alluvial,Bharuch,Kharif,Maize
6.15,0.49,0.7,345,51,366,893,28.9,Loam,Vadodara,Kharif,Maize
6.75,0.36,0.88,351,53,440,934,30.8,Alluvial,Banaskantha,Kharif,Maize
7.16,0.29,0.65,265,51,250,921,27.2,Alluvial,Bharuch,Kharif,Maize
7.35,0.39,0.62,263,69,450,852,30.9,Loam,Bharuch,Kharif,Maize
7.26,0.15,0.85,255,56,275,1128,25.8,Loam,Surat,Kharif,Maize
7.53,0.46,0.61,253,50,302,1097,30.8,Loam,Amreli,Kharif,Maize
6.98,0.1,0.75,385,34,412,1156,30.3,Alluvial,Banaskantha,Kharif,Maize
6.36,0.47,0.9,346,37,340,1144,22.6,Alluvial,Anand,Kharif,Maize
7.52,0.27,0.56,263,44,360,1133,30.7,Alluvial,Vadodara,Kharif,Maize
7.04,0.21,0.56,396,70,424,940,26.4,Loam,Kutch,Kharif,Maize
6.36,0.34,0.99,355,58,258,990,31.3,Loam,Kutch,Kharif,Maize
6.09,0.28,0.81,267,39,288,1009,30.6,Alluvial,Junagadh,Kharif,Maize
6.92,0.4,0.77,329,60,365,1134,27.6,Alluvial,Navsari,Kharif,Maize
7.4,0.28,0.81,385,55,387,1051,26.3,Alluvial,Gandhinagar,Kharif,Maize
7.78,0.47,0.59,309,30,449,1183,22.4,Loam,Rajkot,Kharif,Maize
7.62,0.2,0.91,340,31,279,1115,31.9,Alluvial,Ahmedabad,Kharif,Maize
6.81,0.16,0.83,266,50,347,928,29.6,Alluvial,Navsari,Kharif,Maize
6.03,0.16,0.77,325,55,328,1180,28.1,Alluvial,Kutch,Kharif,Maize
6.43,0.13,0.9,264,66,321,1043,28.4,Alluvial,Kutch,Kharif,Maize
6.19,0.46,0.7,310,60,387,743,30,Alluvial,Surendranagar,Kharif,Maize
7.18,0.34,0.68,381,34,431,823,25.8,Alluvial,Junagadh,Kharif,Maize
6.5,0.28,0.52,360,49,322,1006,24.6,Loam,Kutch,Kharif,Maize
7.45,0.13,0.55,307,69,315,1164,23.6,Alluvial,Anand,Kharif,Maize
7.27,0.49,0.81,291,57,386,1005,22.5,Loam,Kutch,Kharif,Maize
6.09,0.27,0.96,268,48,328,1140,22.8,Loam,Anand,Kharif,Maize
7.3,0.14,0.74,369,39,405,842,23.6,Alluvial,Ahmedabad,Kharif,Maize
7.6,0.29,0.78,257,51,439,965,29.4,Loam,Mehsana,Kharif,Maize
6.28,0.5,0.51,372,61,432,1050,27.9,Loam,Bhavnagar,Kharif,Maize
6.87,0.21,0.5,309,33,300,742,25.7,Loam,Rajkot,Kharif,Maize
6.81,0.34,0.8,295,39,425,858,28.1,Loam,Ahmedabad,Kharif,Maize
6.48,0.48,0.81,400,52,379,1177,24.1,Loam,Rajkot,Kharif,Maize
7.08,0.12,0.51,353,44,304,834,31.3,Alluvial,Amreli,Kharif,Maize
6.8,0.4,0.85,371,33,386,867,27.8,Alluvial,Ahmedabad,Kharif,Maize
6.91,0.19,0.83,342,53,317,801,28.9,Loam,Mehsana,Kharif,Maize
7.42,0.14,0.76,251,37,280,860,28.5,Loam,Gandhinagar,Kharif,Maize
6.73,0.21,0.55,344,36,303,1018,27.5,Loam,Vadodara,Kharif,Maize
7.45,0.2,0.95,302,60,342,707,27,Alluvial,Banaskantha,Kharif,Maize
6.89,0.15,0.66,292,50,288,1048,31.8,Alluvial,Amreli,Kharif,Maize
6.5,0.2,0.57,302,66,339,1108,29.4,Loam,Vadodara,Kharif,Maize
7.7,0.17,0.5,300,44,345,709,22.1,Loam,Anand,Kharif,Maize
7.24,0.41,0.86,261,49,450,965,23.7,Loam,Junagadh,Kharif,Maize
6.86,0.37,0.58,347,41,343,1076,25.5,Loam,Bhavnagar,Kharif,Maize
6.32,0.18,0.87,365,31,446,919,30.8,Alluvial,Kutch,Kharif,Maize
7.15,0.45,0.98,305,54,254,968,22.6,Loam,Mehsana,Kharif,Maize
6.24,0.37,0.71,301,35,354,935,25.7,Alluvial,Rajkot,Kharif,Maize
6.15,0.18,0.57,365,31,448,810,30.4,Alluvial,Anand,Kharif,Maize
7.63,0.21,0.97,372,51,443,894,30.5,Loam,Surat,Kharif,Maize
7.32,0.14,0.99,400,64,370,704,27.3,Loam,Surat,Kharif,Maize
6.91,0.32,0.79,269,41,430,776,28.5,Alluvial,Kutch,Kharif,Maize
7.56,0.26,0.91,365,53,299,1088,28.5,Loam,Navsari,Kharif,Maize
7.45,0.23,0.58,333,54,289,1180,23.7,Alluvial,Mehsana,Kharif,Maize
7.74,0.36,0.89,354,46,423,837,30,Alluvial,Banaskantha,Kharif,Maize
7.02,0.39,0.56,382,33,364,738,27.6,Loam,Junagadh,Kharif,Maize
7.65,0.27,0.8,301,68,403,834,25.4,Alluvial,Ahmedabad,Kharif,Maize
7.18,0.31,0.76,288,69,286,736,25.8,Loam,Junagadh,Kharif,Maize
6.55,0.17,0.75,376,36,442,729,24.5,Alluvial,Kutch,Kharif,Maize
6.02,0.25,0.67,356,41,330,1020,22.3,Loam,Banaskantha,Kharif,Maize
6.54,0.16,0.66,390,63,389,1014,27.8,Alluvial,Kutch,Kharif,Maize
7.74,0.32,0.76,382,54,445,715,27.3,Alluvial,Surendranagar,Kharif,Maize
7.61,0.28,0.64,294,43,430,904,22.3,Loam,Mehsana,Kharif,Maize
6.05,0.36,0.99,379,48,316,1100,29.7,Alluvial,Bharuch,Kharif,Maize
7.5,0.15,0.56,300,41,360,1139,29.9,Loam,Gandhinagar,Kharif,Maize
7.54,0.18,0.78,307,34,433,1000,22.8,Alluvial,Bharuch,Kharif,Maize
6.55,0.3,0.65,311,32,447,1002,31.8,Loam,Vadodara,Kharif,Maize
7.73,0.25,0.86,316,41,280,984,23.2,Alluvial,Rajkot,Kharif,Maize
7.46,0.44,0.74,368,40,403,746,29.1,Alluvial,Rajkot,Kharif,Maize
6.22,0.49,0.68,362,49,349,703,24.2,Alluvial,Kutch,Kharif,Maize
6.38,0.15,0.74,279,58,442,708,25.1,Alluvial,Anand,Kharif,Maize
6.25,0.44,0.76,391,35,270,972,25.2,Alluvial,Junagadh,Kharif,Maize
6.75,0.11,0.63,347,52,283,1143,26.5,Loam,Rajkot,Kharif,Maize
7,0.33,0.5,338,44,274,1178,22.4,Alluvial,Gandhinagar,Kharif,Maize
7.08,0.44,0.88,266,44,351,1144,28.4,Alluvial,Surat,Kharif,Maize
6.98,0.11,0.61,364,32,295,715,30.5,Alluvial,Anand,Kharif,Maize
7.07,0.1,0.93,320,54,407,898,22.8,Alluvial,Anand,Kharif,Maize
6.73,0.47,0.75,375,40,259,1023,29.4,Loam,Junagadh,Kharif,Maize
7.25,0.33,0.78,361,43,426,1050,30.9,Loam,Surat,Kharif,Maize
6.43,0.18,0.51,352,41,357,767,25.3,Alluvial,Junagadh,Kharif,Maize
6.56,0.43,0.64,280,61,312,718,30.8,Loam,Kutch,Kharif,Maize
6.13,0.39,0.67,302,44,418,764,22.3,Loam,Gandhinagar,Kharif,Maize
6.37,0.45,0.97,288,48,250,944,25.1,Alluvial,Vadodara,Kharif,Maize
7.02,0.37,0.71,311,45,394,725,24.2,Loam,Surat,Kharif,Maize
7.19,0.31,0.98,373,47,301,813,28.1,Loam,Anand,Kharif,Maize
6.91,0.38,0.51,391,49,276,900,23.4,Loam,Gandhinagar,Kharif,Maize
6.65,0.14,0.66,382,45,415,762,24.7,Loam,Junagadh,Kharif,Maize
7.74,0.41,0.61,315,70,344,1144,30.4,Loam,Ahmedabad,Kharif,Maize
7.55,0.22,0.58,275,62,277,1090,28.5,Alluvial,Amreli,Kharif,Maize
6.38,0.1,0.69,339,36,403,967,27.5,Alluvial,Ahmedabad,Kharif,Maize
7.34,0.44,0.56,374,52,258,933,31.7,Alluvial,Surendranagar,Kharif,Maize
7.77,0.33,0.58,368,60,412,881,30,Loam,Ahmedabad,Kharif,Maize
6.17,0.26,0.58,287,70,381,1021,31.5,Alluvial,Bhavnagar,Kharif,Maize
7.09,0.27,0.71,392,70,377,1101,31.6,Alluvial,Amreli,Kharif,Maize
7.6,0.2,0.98,392,61,270,1155,22.3,Alluvial,Ahmedabad,Kharif,Maize
7.41,0.24,0.64,346,48,272,829,24.9,Alluvial,Bhavnagar,Kharif,Maize
7.73,0.44,0.73,399,58,325,872,24.2,Loam,Vadodara,Kharif,Maize
7.04,0.24,0.98,263,33,287,1021,28.2,Alluvial,Ahmedabad,Kharif,Maize
7.29,0.24,0.74,330,57,315,769,30.1,Alluvial,Banaskantha,Kharif,Maize
6.46,0.27,0.55,256,66,383,1181,23.6,Loam,Junagadh,Kharif,Maize
7.16,0.15,0.85,326,58,260,777,30.4,Loam,Junagadh,Kharif,Maize
6.79,0.14,0.53,359,30,292,788,25.6,Loam,Vadodara,Kharif,Maize
7.63,0.18,0.83,298,46,440,747,26.5,Alluvial,Amreli,Kharif,Maize
6.98,0.46,0.67,267,61,344,836,28.8,Alluvial,Ahmedabad,Kharif,Maize
6.45,0.49,0.81,339,65,318,983,23.6,Alluvial,Gandhinagar,Kharif,Maize
6.34,0.18,0.88,353,69,411,1162,23,Alluvial,Bharuch,Kharif,Maize
7.05,0.36,0.99,361,36,284,1115,22.6,Loam,Navsari,Kharif,Maize
6.7,0.39,0.92,372,54,316,937,27.6,Loam,Ahmedabad,Kharif,Maize
6.31,0.46,0.78,340,33,440,1048,22.8,Loam,Surat,Kharif,Maize
7.43,0.43,0.79,394,39,341,939,30.8,Alluvial,Mehsana,Kharif,Maize
6.78,0.1,0.76,335,36,314,822,27.3,Alluvial,Vadodara,Kharif,Maize
7.23,0.16,0.62,388,56,336,1126,27.6,Alluvial,Anand,Kharif,Maize
7.51,0.42,0.76,339,41,385,1138,24.1,Alluvial,Anand,Kharif,Maize
7.55,0.18,0.99,375,44,253,1075,28.7,Alluvial,Bharuch,Kharif,Maize
6.1,0.32,0.76,254,36,438,920,28.4,Loam,Bharuch,Kharif,Maize
6.72,0.16,0.84,266,67,415,762,29.3,Loam,Junagadh,Kharif,Maize
7.52,0.45,0.79,258,68,340,1200,26.9,Loam,Vadodara,Kharif,Maize
7.69,0.21,0.92,279,49,313,961,26.5,Loam,Gandhinagar,Kharif,Maize
6.37,0.36,0.62,331,53,355,953,26.2,Loam,Banaskantha,Kharif,Maize
7.65,0.35,0.78,296,56,308,784,29.2,Alluvial,Amreli,Kharif,Maize
7.73,0.48,0.74,260,42,423,1141,28.3,Alluvial,Banaskantha,Kharif,Maize
7.2,0.12,0.7,332,36,317,732,28.9,Loam,Surat,Kharif,Maize
6.04,0.28,0.76,309,39,397,1099,27.1,Loam,Bharuch,Kharif,Maize
7.25,0.13,0.82,360,32,340,1114,29.2,Alluvial,Banaskantha,Kharif,Maize
6.19,0.42,0.58,318,41,310,919,29.5,Loam,Navsari,Kharif,Maize
7.31,0.19,0.62,261,34,305,1196,22.8,Loam,Surat,Kharif,Maize
6.52,0.18,0.93,373,37,361,1083,27.6,Loam,Rajkot,Kharif,Maize
6.12,0.4,0.64,347,40,256,927,24,Loam,Mehsana,Kharif,Maize
6.87,0.42,0.61,338,49,280,843,30.2,Loam,Surendranagar,Kharif,Maize
6.63,0.47,0.94,365,42,266,1033,23,Loam,Mehsana,Kharif,Maize
6.96,0.34,0.7,309,60,413,1071,22.2,Loam,Surat,Kharif,Maize
6.99,0.12,0.65,343,60,379,1076,32,Alluvial,Ahmedabad,Kharif,Maize
6.67,0.27,0.76,262,46,267,960,28.8,Alluvial,Bharuch,Kharif,Maize
7.71,0.15,0.64,352,41,392,969,29.8,Loam,Rajkot,Kharif,Maize
6.84,0.2,0.69,389,59,305,1091,30.1,Alluvial,Rajkot,Kharif,Maize
6.47,0.18,0.55,271,42,365,1166,23.3,Alluvial,Banaskantha,Kharif,Maize
7.33,0.31,1,328,51,251,1032,24.3,Alluvial,Navsari,Kharif,Maize
7.02,0.36,0.7,375,56,315,997,23.8,Loam,Surat,Kharif,Maize
7.01,0.49,0.78,274,43,309,1174,29.3,Alluvial,Surendranagar,Kharif,Maize
7.26,0.35,0.9,392,36,392,738,25.6,Alluvial,Kutch,Kharif,Maize
7.04,0.25,0.75,313,32,294,745,24,Loam,Rajkot,Kharif,Maize
6.73,0.36,0.62,329,34,435,942,29.6,Loam,Ahmedabad,Kharif,Maize
6.02,0.3,0.65,253,60,290,911,31.1,Loam,Mehsana,Kharif,Maize
6.92,0.1,0.85,313,67,272,913,26.8,Alluvial,Amreli,Kharif,Maize
6.96,0.37,0.72,306,68,415,976,25.3,Alluvial,Bharuch,Kharif,Maize
7.79,0.41,0.95,297,58,415,1188,27.2,Loam,Ahmedabad,Kharif,Maize
7.03,0.2,0.66,357,67,382,1073,23.5,Alluvial,Junagadh,Kharif,Maize
6.79,0.35,0.91,356,36,423,743,25.4,Alluvial,Surat,Kharif,Maize
7.79,0.43,0.69,391,31,266,1047,27.8,Loam,Gandhinagar,Kharif,Maize
6.07,0.13,0.85,269,39,393,1154,32,Loam,Navsari,Kharif,Maize
6.79,0.5,0.94,290,32,393,803,29.6,Alluvial,Navsari,Kharif,Maize
6.99,0.22,0.66,297,43,364,978,28.5,Loam,Bhavnagar,Kharif,Maize
6.13,0.47,0.9,283,58,367,1196,26.1,Loam,Bharuch,Kharif,Maize
6.34,0.45,0.84,266,45,354,985,27.7,Alluvial,Ahmedabad,Kharif,Maize
6.65,0.29,0.54,355,67,390,828,28.4,Loam,Ahmedabad,Kharif,Maize
7.68,0.2,0.62,345,56,449,743,31.1,Loam,Vadodara,Kharif,Maize
6.4,0.29,0.74,376,63,342,988,23.4,Loam,Vadodara,Kharif,Maize
6.91,0.27,0.77,381,42,362,849,25.1,Alluvial,Surat,Kharif,Maize
7.37,0.45,0.69,322,38,318,836,25.2,Alluvial,Vadodara,Kharif,Maize
7.5,0.26,0.82,289,37,372,1115,27.2,Loam,Bharuch,Kharif,Maize
7.73,0.32,0.96,351,36,435,701,31.6,Loam,Bhavnagar,Kharif,Maize
6.74,0.41,0.79,250,44,380,1119,29.3,Alluvial,Navsari,Kharif,Maize
6.38,0.2,0.81,361,69,390,1180,22.1,Loam,Vadodara,Kharif,Maize
6.57,0.15,0.76,276,69,401,936,31.2,Alluvial,Anand,Kharif,Maize
6.89,0.39,0.75,302,35,310,765,28.2,Alluvial,Amreli,Kharif,Maize
7.22,0.42,0.79,296,52,260,733,30.9,Loam,Vadodara,Kharif,Maize
6.81,0.25,0.74,383,54,304,1024,23.5,Alluvial,Junagadh,Kharif,Maize
7.23,0.37,0.83,250,51,350,730,30.7,Loam,Vadodara,Kharif,Maize
6.86,0.31,0.81,322,37,263,992,26,Alluvial,Bhavnagar,Kharif,Maize
6.78,0.25,0.56,267,51,299,740,26.4,Loam,Junagadh,Kharif,Maize
7.45,0.17,0.65,345,54,403,937,29,Alluvial,Mehsana,Kharif,Maize
6.15,0.19,0.88,349,69,365,868,26.6,Loam,Navsari,Kharif,Maize
6.71,0.11,0.78,318,41,356,710,25.7,Alluvial,Anand,Kharif,Maize
6.94,0.16,0.81,400,57,400,904,25.8,Alluvial,Mehsana,Kharif,Maize
7.27,0.44,0.86,279,62,369,1087,25.2,Alluvial,Navsari,Kharif,Maize
6.19,0.36,0.6,307,49,384,927,24.6,Alluvial,Amreli,Kharif,Maize
7.44,0.26,0.95,311,58,406,728,30.7,Alluvial,Kutch,Kharif,Maize
7.34,0.34,0.94,324,48,305,1183,31.4,Alluvial,Rajkot,Kharif,Maize
7.42,0.21,0.92,332,51,362,1010,28.1,Alluvial,Surendranagar,Kharif,Maize
6.07,0.17,0.7,392,61,283,1180,24.5,Loam,Kutch,Kharif,Maize
6.38,0.27,0.72,384,42,363,1057,22.7,Loam,Rajkot,Kharif,Maize
7.74,0.12,0.55,352,61,366,947,31.5,Loam,Banaskantha,Kharif,Maize
6.65,0.33,0.85,301,38,434,1187,23.3,Loam,Gandhinagar,Kharif,Maize
6.39,0.13,0.71,330,51,449,931,27.8,Alluvial,Bharuch,Kharif,Maize
6.24,0.43,0.65,317,31,291,975,29,Loam,Surendranagar,Kharif,Maize
6.54,0.32,0.87,285,54,400,928,26,Loam,Rajkot,Kharif,Maize
6.42,0.26,0.74,389,63,359,1130,27.1,Loam,Banaskantha,Kharif,Maize
7.57,0.31,0.74,358,44,394,1167,22.8,Loam,Rajkot,Kharif,Maize
6.97,0.2,0.79,323,69,263,1051,24.8,Loam,Navsari,Kharif,Maize
6.84,0.17,0.53,285,53,326,839,25.4,Alluvial,Gandhinagar,Kharif,Maize
7.01,0.13,0.8,314,59,416,783,27.5,Loam,Surendranagar,Kharif,Maize
6.1,0.23,0.55,312,69,281,1176,24.5,Alluvial,Surat,Kharif,Maize
6.81,0.17,0.78,257,44,330,911,27.2,Alluvial,Kutch,Kharif,Maize
7.63,0.32,0.82,386,61,372,935,22,Loam,Vadodara,Kharif,Maize
6.05,0.18,0.83,305,68,410,788,31.9,Loam,Gandhinagar,Kharif,Maize
7.51,0.47,1,372,49,447,1046,30.1,Alluvial,Rajkot,Kharif,Maize
7.87,0.49,0.44,216,37,296,608,29.7,Black,Bhavnagar,Kharif,Castor
7.87,0.52,0.32,179,50,307,791,31.1,Black,Bharuch,Kharif,Castor
7.55,0.35,0.58,168,48,354,466,28.7,Black,Navsari,Kharif,Castor
6.84,0.35,0.42,185,43,374,631,26.3,Black,Surat,Kharif,Castor
7.35,0.36,0.59,181,33,394,732,29,Black,Amreli,Kharif,Castor
6.95,0.48,0.35,219,45,258,439,32.3,Black,Surendranagar,Kharif,Castor
7.16,0.5,0.46,153,50,422,701,27.5,Black,Vadodara,Kharif,Castor
7.14,0.43,0.31,231,36,352,668,29.8,Black,Banaskantha,Kharif,Castor
6.86,0.76,0.48,177,31,272,561,27.2,Black,Junagadh,Kharif,Castor
8.13,0.74,0.34,190,45,366,567,30.6,Black,Bhavnagar,Kharif,Castor
7.92,0.48,0.46,161,45,294,645,30,Black,Bharuch,Kharif,Castor
7.14,0.34,0.4,228,34,289,410,26.8,Black,Navsari,Kharif,Castor
7.92,0.47,0.59,160,38,433,742,34.5,Black,Junagadh,Kharif,Castor
7.82,0.37,0.3,159,42,328,432,31.7,Black,Surendranagar,Kharif,Castor
7.14,0.31,0.42,167,31,315,724,35,Black,Bhavnagar,Kharif,Castor
8.05,0.42,0.43,158,29,418,431,28,Black,Bhavnagar,Kharif,Castor
8.17,0.47,0.35,183,34,422,426,26.7,Black,Bhavnagar,Kharif,Castor
8.18,0.74,0.33,188,46,303,570,34.8,Black,Surendranagar,Kharif,Castor
7.94,0.36,0.35,230,47,360,464,33.5,Black,Bharuch,Kharif,Castor
7.85,0.2,0.51,215,27,444,527,33,Black,Bhavnagar,Kharif,Castor
7.44,0.4,0.32,244,49,315,796,26.4,Black,Banaskantha,Kharif,Castor
6.92,0.72,0.4,197,47,387,470,32,Black,Bharuch,Kharif,Castor
7.28,0.76,0.53,203,47,339,439,27.2,Black,Banaskantha,Kharif,Castor
6.83,0.58,0.43,162,44,450,769,29.1,Black,Surat,Kharif,Castor
7.69,0.29,0.37,150,32,280,561,30.8,Black,Navsari,Kharif,Castor
7.12,0.66,0.53,184,49,282,680,26.1,Black,Navsari,Kharif,Castor
7.74,0.24,0.6,249,48,443,507,27,Black,Surendranagar,Kharif,Castor
8.09,0.77,0.47,181,25,337,750,27.7,Black,Anand,Kharif,Castor
6.85,0.66,0.49,247,45,303,495,32.7,Black,Surendranagar,Kharif,Castor
7.34,0.22,0.4,196,49,431,588,32.4,Black,Anand,Kharif,Castor
7.01,0.5,0.48,197,37,338,775,34.3,Black,Anand,Kharif,Castor
8.18,0.34,0.37,224,49,324,506,26.6,Black,Rajkot,Kharif,Castor
8.16,0.5,0.41,206,42,362,671,34.3,Black,Kutch,Kharif,Castor
7.99,0.4,0.35,215,32,404,628,30.7,Black,Kutch,Kharif,Castor
8,0.54,0.47,196,45,414,701,33.7,Black,Ahmedabad,Kharif,Castor
7.86,0.58,0.52,207,49,324,574,33.8,Black,Kutch,Kharif,Castor
7.25,0.65,0.49,150,31,290,629,26.9,Black,Vadodara,Kharif,Castor
7.53,0.69,0.32,224,42,258,740,27.2,Black,Vadodara,Kharif,Castor
8.04,0.6,0.34,182,37,399,424,34,Black,Surat,Kharif,Castor
7.61,0.58,0.55,218,33,372,653,27.7,Black,Junagadh,Kharif,Castor
7.01,0.58,0.38,249,33,253,749,30.3,Black,Banaskantha,Kharif,Castor
7.48,0.75,0.5,245,46,250,461,26.6,Black,Bharuch,Kharif,Castor
7.07,0.44,0.57,228,46,416,436,32.6,Black,Surendranagar,Kharif,Castor
6.98,0.46,0.59,249,37,356,739,29.8,Black,Rajkot,Kharif,Castor
8.19,0.49,0.47,194,30,363,574,29.8,Black,Bhavnagar,Kharif,Castor
7.79,0.53,0.33,237,49,442,498,26.1,Black,Rajkot,Kharif,Castor
7.83,0.25,0.56,178,30,273,569,27.4,Black,Junagadh,Kharif,Castor
7.97,0.5,0.32,244,37,346,764,32.3,Black,Junagadh,Kharif,Castor
7.57,0.21,0.39,221,46,310,449,29.6,Black,Surat,Kharif,Castor
6.98,0.79,0.41,244,33,321,642,27,Black,Junagadh,Kharif,Castor
7.91,0.24,0.44,232,32,375,632,30.8,Black,Rajkot,Kharif,Castor
7.16,0.53,0.31,208,30,405,413,30.5,Black,Gandhinagar,Kharif,Castor
7.67,0.77,0.46,155,48,276,735,26.9,Black,Bhavnagar,Kharif,Castor
7.28,0.43,0.44,236,38,439,569,30.9,Black,Gandhinagar,Kharif,Castor
7.86,0.47,0.31,178,50,437,515,29.6,Black,Anand,Kharif,Castor
7.82,0.58,0.53,185,49,375,708,34.8,Black,Anand,Kharif,Castor
7.62,0.57,0.49,230,31,440,647,30.8,Black,Vadodara,Kharif,Castor
7.03,0.66,0.46,186,35,304,499,28.4,Black,Junagadh,Kharif,Castor
7.17,0.69,0.35,250,39,258,401,26.2,Black,Bharuch,Kharif,Castor
7.46,0.4,0.43,175,50,431,797,31.5,Black,Bharuch,Kharif,Castor
7.8,0.77,0.36,167,35,270,453,30.2,Black,Anand,Kharif,Castor
8.18,0.32,0.36,194,41,291,445,30.3,Black,Ahmedabad,Kharif,Castor
8.14,0.61,0.56,219,49,263,800,34.5,Black,Mehsana,Kharif,Castor
8.11,0.71,0.49,231,25,387,753,30.6,Black,Surendranagar,Kharif,Castor
7.77,0.26,0.53,214,25,327,555,32.3,Black,Junagadh,Kharif,Castor
7.36,0.39,0.55,209,40,282,447,26.9,Black,Rajkot,Kharif,Castor
7.78,0.51,0.3,217,28,418,632,35,Black,Surat,Kharif,Castor
8.08,0.28,0.4,203,40,301,734,30.1,Black,Junagadh,Kharif,Castor
7.43,0.2,0.42,202,41,415,621,28.5,Black,Rajkot,Kharif,Castor
7.21,0.73,0.4,227,34,359,681,31.1,Black,Kutch,Kharif,Castor
7.45,0.79,0.4,190,39,363,594,30.8,Black,Bhavnagar,Kharif,Castor
7.48,0.65,0.5,223,36,272,598,31.6,Black,Junagadh,Kharif,Castor
7.11,0.3,0.5,181,46,372,778,33.5,Black,Navsari,Kharif,Castor
7.75,0.21,0.48,241,45,265,747,30,Black,Vadodara,Kharif,Castor
7.7,0.66,0.49,198,48,420,723,32.6,Black,Surat,Kharif,Castor
6.88,0.38,0.57,169,35,433,702,29.8,Black,Vadodara,Kharif,Castor
7.69,0.59,0.59,194,46,425,722,33.7,Black,Bharuch,Kharif,Castor
7.89,0.66,0.33,166,49,424,696,32.2,Black,Ahmedabad,Kharif,Castor
7.06,0.64,0.45,191,48,428,773,29.7,Black,Kutch,Kharif,Castor
7.96,0.75,0.31,223,42,264,579,34.5,Black,Navsari,Kharif,Castor
8.1,0.36,0.47,202,32,332,622,30.7,Black,Gandhinagar,Kharif,Castor
7.66,0.75,0.59,181,34,374,474,28.7,Black,Rajkot,Kharif,Castor
7.79,0.48,0.34,218,40,440,548,28.2,Black,Navsari,Kharif,Castor
7.5,0.28,0.49,167,37,385,520,32.6,Black,Junagadh,Kharif,Castor
7.65,0.77,0.35,192,28,357,744,27.5,Black,Mehsana,Kharif,Castor
7.24,0.36,0.54,198,29,362,644,34.2,Black,Rajkot,Kharif,Castor
8.01,0.31,0.46,166,46,446,686,34.2,Black,Ahmedabad,Kharif,Castor
7.11,0.2,0.54,229,39,440,529,28.4,Black,Ahmedabad,Kharif,Castor
7.28,0.31,0.53,188,37,406,605,30.6,Black,Bharuch,Kharif,Castor
6.96,0.56,0.32,197,27,368,453,28.2,Black,Kutch,Kharif,Castor
7.57,0.4,0.49,153,47,410,567,26.1,Black,Vadodara,Kharif,Castor
7.93,0.46,0.5,240,41,261,648,29.7,Black,Mehsana,Kharif,Castor
7.44,0.38,0.37,235,32,280,491,30.1,Black,Gandhinagar,Kharif,Castor
7.55,0.34,0.41,186,42,295,726,34.3,Black,Surendranagar,Kharif,Castor
7.16,0.28,0.55,246,42,387,460,29.5,Black,Kutch,Kharif,Castor
7.06,0.42,0.37,163,40,358,758,33.5,Black,Ahmedabad,Kharif,Castor
6.95,0.36,0.33,248,43,417,455,26.3,Black,Navsari,Kharif,Castor
7.74,0.48,0.37,232,46,424,440,31.7,Black,Bharuch,Kharif,Castor
7.24,0.35,0.47,240,25,422,450,27.2,Black,Rajkot,Kharif,Castor
6.99,0.47,0.45,163,35,348,731,30.5,Black,Surat,Kharif,Castor
7.96,0.56,0.55,162,46,365,544,28.4,Black,Junagadh,Kharif,Castor
8.08,0.2,0.36,246,42,402,775,27.4,Black,Anand,Kharif,Castor
7.36,0.7,0.48,247,37,333,684,32.7,Black,Amreli,Kharif,Castor
7.77,0.35,0.43,191,29,356,727,28.9,Black,Amreli,Kharif,Castor
7.53,0.76,0.37,199,35,357,491,34.9,Black,Junagadh,Kharif,Castor
7.58,0.42,0.46,235,28,384,793,31,Black,Junagadh,Kharif,Castor
7.78,0.2,0.4,174,39,387,478,30.9,Black,Anand,Kharif,Castor
7.53,0.49,0.35,242,45,410,479,26.5,Black,Junagadh,Kharif,Castor
7.44,0.24,0.56,158,49,358,692,32.6,Black,Surat,Kharif,Castor
8.02,0.55,0.41,232,37,292,457,29.3,Black,Vadodara,Kharif,Castor
7.99,0.62,0.59,221,26,364,401,33.5,Black,Gandhinagar,Kharif,Castor
7.83,0.57,0.35,238,44,328,479,32,Black,Surat,Kharif,Castor
7.26,0.66,0.37,224,30,430,599,27.8,Black,Kutch,Kharif,Castor
7.72,0.57,0.41,161,26,406,472,32.9,Black,Surat,Kharif,Castor
7.3,0.71,0.45,208,29,381,732,28,Black,Kutch,Kharif,Castor
7.1,0.51,0.48,205,27,419,707,26.2,Black,Surendranagar,Kharif,Castor
7.58,0.42,0.31,231,29,400,609,26.8,Black,Bharuch,Kharif,Castor
8.03,0.71,0.58,188,27,359,639,31.1,Black,Kutch,Kharif,Castor
6.86,0.48,0.53,215,44,424,774,32.2,Black,Vadodara,Kharif,Castor
7.99,0.75,0.32,159,42,407,461,30.3,Black,Mehsana,Kharif,Castor
7.19,0.67,0.39,244,40,319,700,28.3,Black,Banaskantha,Kharif,Castor
8.02,0.45,0.47,249,41,351,577,32.6,Black,Surendranagar,Kharif,Castor
7.49,0.31,0.31,157,42,413,738,26.2,Black,Bharuch,Kharif,Castor
6.83,0.54,0.45,176,49,418,740,34.9,Black,Vadodara,Kharif,Castor
7.76,0.59,0.49,192,36,428,788,29.4,Black,Mehsana,Kharif,Castor
6.83,0.61,0.38,226,48,253,400,26.9,Black,Amreli,Kharif,Castor
7.89,0.43,0.35,240,30,325,717,31.8,Black,Bharuch,Kharif,Castor
7.48,0.22,0.34,194,28,396,754,26.4,Black,Surendranagar,Kharif,Castor
6.99,0.62,0.53,156,44,342,642,32.2,Black,Anand,Kharif,Castor
7.2,0.49,0.39,199,32,263,751,30.8,Black,Gandhinagar,Kharif,Castor
6.98,0.52,0.31,229,28,450,745,26.5,Black,Surat,Kharif,Castor
7.17,0.48,0.49,236,27,379,407,33.4,Black,Junagadh,Kharif,Castor
7.75,0.29,0.3,249,43,372,576,30.1,Black,Bharuch,Kharif,Castor
7.96,0.8,0.53,246,30,378,645,29.4,Black,Vadodara,Kharif,Castor
7.82,0.41,0.4,202,42,332,596,33.9,Black,Junagadh,Kharif,Castor
7.81,0.46,0.42,214,40,384,485,31.9,Black,Anand,Kharif,Castor
8.16,0.48,0.37,156,26,294,575,29.2,Black,Kutch,Kharif,Castor
7.17,0.71,0.37,206,44,380,578,27.2,Black,Kutch,Kharif,Castor
7.68,0.51,0.39,150,34,280,752,32.3,Black,Junagadh,Kharif,Castor
7.26,0.65,0.36,175,40,260,618,31.4,Black,Kutch,Kharif,Castor
6.95,0.24,0.33,200,45,280,501,30.8,Black,Anand,Kharif,Castor
8.02,0.59,0.4,222,33,291,491,31.2,Black,Kutch,Kharif,Castor
7.07,0.73,0.49,186,27,407,741,31.5,Black,Bhavnagar,Kharif,Castor
6.92,0.51,0.56,241,47,346,626,32.3,Black,Navsari,Kharif,Castor
8.12,0.32,0.32,183,42,409,401,33.8,Black,Banaskantha,Kharif,Castor
7.02,0.26,0.38,237,38,396,794,28.4,Black,Banaskantha,Kharif,Castor
7.09,0.58,0.53,199,47,382,673,31.2,Black,Rajkot,Kharif,Castor
7.35,0.64,0.51,217,46,373,635,29.4,Black,Mehsana,Kharif,Castor
7.74,0.52,0.36,229,38,412,562,27.5,Black,Surendranagar,Kharif,Castor
7.77,0.7,0.52,231,50,257,564,27.7,Black,Amreli,Kharif,Castor
8.19,0.21,0.4,212,34,265,471,34.2,Black,Surendranagar,Kharif,Castor
7.27,0.42,0.53,206,38,396,564,29.4,Black,Kutch,Kharif,Castor
7.04,0.51,0.37,213,41,311,630,33.8,Black,Bharuch,Kharif,Castor
7.53,0.61,0.4,189,28,293,777,28.1,Black,Vadodara,Kharif,Castor
7.62,0.3,0.35,197,47,382,428,34.7,Black,Navsari,Kharif,Castor
7.29,0.7,0.32,163,49,348,491,33.3,Black,Navsari,Kharif,Castor
7.88,0.4,0.57,186,44,282,663,33.4,Black,Amreli,Kharif,Castor
7.49,0.23,0.36,209,33,412,417,27.2,Black,Junagadh,Kharif,Castor
8.15,0.2,0.49,212,37,309,551,28.5,Black,Navsari,Kharif,Castor
7.75,0.2,0.49,245,37,303,525,32.5,Black,Navsari,Kharif,Castor
6.9,0.44,0.35,220,46,376,419,33.3,Black,Amreli,Kharif,Castor
6.93,0.63,0.56,184,46,413,772,28,Black,Anand,Kharif,Castor
8.02,0.48,0.49,235,37,379,587,26.4,Black,Mehsana,Kharif,Castor
7.31,0.43,0.49,246,29,434,525,29,Black,Amreli,Kharif,Castor
8.03,0.35,0.57,242,36,310,423,32.9,Black,Rajkot,Kharif,Castor
8.19,0.57,0.3,196,45,385,709,27.2,Black,Anand,Kharif,Castor
7.69,0.32,0.32,212,26,442,591,29.8,Black,Surat,Kharif,Castor
7.27,0.77,0.42,215,36,401,684,26.6,Black,Mehsana,Kharif,Castor
7.16,0.33,0.47,206,34,385,599,31.2,Black,Junagadh,Kharif,Castor
8.02,0.63,0.45,176,31,384,401,30.1,Black,Ahmedabad,Kharif,Castor
7.68,0.2,0.5,151,34,314,633,34,Black,Junagadh,Kharif,Castor
6.94,0.68,0.3,202,46,350,577,33,Black,Kutch,Kharif,Castor
7.36,0.52,0.42,225,40,441,764,32.4,Black,Surat,Kharif,Castor
7.04,0.31,0.38,152,26,352,522,32.2,Black,Anand,Kharif,Castor
6.85,0.46,0.47,162,48,313,595,32.8,Black,Banaskantha,Kharif,Castor
6.91,0.6,0.54,188,47,287,425,34.8,Black,Mehsana,Kharif,Castor
7.36,0.28,0.34,170,42,355,747,33.7,Black,Navsari,Kharif,Castor
6.8,0.66,0.49,192,34,284,474,28.4,Black,Amreli,Kharif,Castor
7.2,0.21,0.37,166,49,429,428,26.1,Black,Surat,Kharif,Castor
6.98,0.52,0.48,219,46,422,482,28.4,Black,Vadodara,Kharif,Castor
6.89,0.55,0.45,162,47,309,571,28.1,Black,Banaskantha,Kharif,Castor
7.25,0.43,0.49,212,38,297,701,28.5,Black,Ahmedabad,Kharif,Castor
7.83,0.68,0.39,248,42,442,705,33.8,Black,Banaskantha,Kharif,Castor
8.11,0.33,0.32,185,25,391,496,26,Black,Junagadh,Kharif,Castor
7.64,0.44,0.57,180,37,264,465,30.4,Black,Surendranagar,Kharif,Castor
6.97,0.78,0.43,242,30,357,435,30.4,Black,Ahmedabad,Kharif,Castor
7.06,0.29,0.4,226,46,389,692,30.2,Black,Anand,Kharif,Castor
7.44,0.53,0.52,238,34,299,657,27.4,Black,Ahmedabad,Kharif,Castor
7.03,0.3,0.36,170,41,307,500,30.7,Black,Surat,Kharif,Castor
7.5,0.76,0.35,170,31,336,707,34.9,Black,Amreli,Kharif,Castor
7.48,0.22,0.47,240,34,260,768,32.2,Black,Navsari,Kharif,Castor
6.9,0.39,0.58,173,43,289,528,33.3,Black,Gandhinagar,Kharif,Castor
7.75,0.51,0.55,222,32,397,761,28,Black,Junagadh,Kharif,Castor
7.19,0.75,0.51,228,47,298,500,31.8,Black,Navsari,Kharif,Castor
6.96,0.75,0.56,220,50,436,519,27.9,Black,Mehsana,Kharif,Castor
7.7,0.55,0.54,160,48,406,411,29.1,Black,Banaskantha,Kharif,Castor
7.69,0.36,0.47,196,43,338,430,30.6,Black,Vadodara,Kharif,Castor
7.93,0.49,0.37,244,47,424,497,26.1,Black,Junagadh,Kharif,Castor
7.58,0.72,0.32,205,44,327,657,33.4,Black,Kutch,Kharif,Castor
7.44,0.48,0.49,194,30,440,717,26.9,Black,Bhavnagar,Kharif,Castor
7.31,0.59,0.56,155,42,413,794,29.4,Black,Kutch,Kharif,Castor
7.97,0.47,0.58,234,25,441,488,29,Black,Kutch,Kharif,Castor
7.76,0.68,0.49,240,33,410,452,33.2,Black,Surendranagar,Kharif,Castor
7.85,0.42,0.52,172,45,327,436,27.3,Black,Gandhinagar,Kharif,Castor
7.39,0.59,0.31,232,43,317,425,32.7,Black,Navsari,Kharif,Castor
7.48,0.35,0.43,184,30,323,792,28.9,Black,Bhavnagar,Kharif,Castor
7.02,0.46,0.38,242,48,307,471,34.8,Black,Navsari,Kharif,Castor
8.18,0.38,0.32,235,49,303,644,26.6,Black,Surendranagar,Kharif,Castor
7.98,0.36,0.54,155,44,266,571,32.1,Black,Mehsana,Kharif,Castor
7.15,0.75,0.49,244,36,311,772,34.7,Black,Bhavnagar,Kharif,Castor
8.18,0.3,0.41,244,49,352,541,31.3,Black,Gandhinagar,Kharif,Castor
7.57,0.24,0.43,230,46,347,548,28.5,Black,Kutch,Kharif,Castor
8.11,0.34,0.44,234,48,257,635,30.7,Black,Bhavnagar,Kharif,Castor
6.9,0.22,0.34,187,41,447,404,29.3,Black,Amreli,Kharif,Castor
6.95,0.64,0.44,241,43,417,410,26.2,Black,Banaskantha,Kharif,Castor
6.9,0.23,0.59,242,26,362,486,32.3,Black,Bhavnagar,Kharif,Castor
7.98,0.38,0.47,153,34,395,707,27.9,Black,Navsari,Kharif,Castor
6.88,0.36,0.34,157,39,260,743,33.6,Black,Rajkot,Kharif,Castor
6.84,0.41,0.54,177,27,343,772,30.7,Black,Mehsana,Kharif,Castor
7.24,0.43,0.3,205,39,341,731,27,Black,Navsari,Kharif,Castor
7.53,0.41,0.32,201,25,395,579,27.1,Black,Surendranagar,Kharif,Castor
7.44,0.23,0.35,193,49,308,676,29.5,Black,Vadodara,Kharif,Castor
6.97,0.25,0.51,172,48,370,449,28.3,Black,Banaskantha,Kharif,Castor
7.07,0.27,0.42,232,38,333,405,31.7,Black,Amreli,Kharif,Castor
8.13,0.41,0.34,239,26,377,502,30.5,Black,Amreli,Kharif,Castor
7,0.46,0.4,154,42,415,556,28.9,Black,Navsari,Kharif,Castor
8.1,0.53,0.43,154,48,406,619,32.1,Black,Vadodara,Kharif,Castor
7.87,0.34,0.37,154,28,422,407,34.3,Black,Bharuch,Kharif,Castor
6.9,0.72,0.59,248,47,318,795,26.5,Black,Amreli,Kharif,Castor
7.97,0.72,0.44,240,28,400,469,32,Black,Mehsana,Kharif,Castor
7.53,0.71,0.39,159,35,431,702,33.8,Black,Banaskantha,Kharif,Castor
7.01,0.41,0.49,188,47,334,422,27.3,Black,Navsari,Kharif,Castor
7.7,0.49,0.46,240,38,410,704,33.7,Black,Surendranagar,Kharif,Castor
7.19,0.24,0.32,192,27,446,487,31.1,Black,Bhavnagar,Kharif,Castor
8.03,0.29,0.38,152,48,359,652,30.2,Black,Kutch,Kharif,Castor
7.34,0.48,0.32,213,25,380,753,34,Black,Junagadh,Kharif,Castor
7.5,0.68,0.49,160,47,427,512,27.7,Black,Vadodara,Kharif,Castor
7.44,0.31,0.47,235,32,360,597,26.8,Black,Kutch,Kharif,Castor
7.03,0.25,0.55,169,43,333,775,27.1,Black,Ahmedabad,Kharif,Castor
7.7,0.72,0.32,237,42,357,700,29.8,Black,Rajkot,Kharif,Castor
7.99,0.21,0.38,236,32,409,413,32.7,Black,Kutch,Kharif,Castor
7.72,0.77,0.44,211,31,443,610,26.2,Black,Surat,Kharif,Castor
8.04,0.32,0.54,226,45,338,422,29.5,Black,Kutch,Kharif,Castor
8.2,0.46,0.54,193,36,255,669,31.8,Black,Vadodara,Kharif,Castor
7.96,0.23,0.48,220,31,261,613,31.6,Black,Vadodara,Kharif,Castor
6.87,0.63,0.53,154,36,344,620,34.4,Black,Bharuch,Kharif,Castor
6.91,0.54,0.39,158,29,316,508,29.8,Black,Junagadh,Kharif,Castor
7.32,0.62,0.48,246,43,406,421,30,Black,Banaskantha,Kharif,Castor
6.96,0.58,0.33,189,44,387,507,29.7,Black,Banaskantha,Kharif,Castor
6.82,0.28,0.58,207,39,321,688,33.5,Black,Rajkot,Kharif,Castor
7.87,0.46,0.4,152,47,420,420,28.5,Black,Vadodara,Kharif,Castor
7.7,0.32,0.56,192,39,340,730,34.5,Black,Surendranagar,Kharif,Castor
7.05,0.39,0.51,181,42,350,418,34.2,Black,Surat,Kharif,Castor
7.39,0.37,0.43,196,37,370,588,33.7,Black,Rajkot,Kharif,Castor
8.04,0.35,0.5,213,34,301,706,34.4,Black,Junagadh,Kharif,Castor
7.53,0.3,0.44,155,49,433,413,27.9,Black,Anand,Kharif,Castor
6.8,0.2,0.49,150,41,288,522,28.3,Black,Anand,Kharif,Castor
7.88,0.21,0.51,153,43,368,577,30.4,Black,Rajkot,Kharif,Castor
8.04,0.44,0.47,213,37,316,559,28.4,Black,Navsari,Kharif,Castor
7.11,0.55,0.52,240,37,433,438,29.9,Black,Amreli,Kharif,Castor
7.77,0.79,0.51,206,29,360,453,26.2,Black,Bharuch,Kharif,Castor
7.71,0.71,0.31,242,37,254,781,33.6,Black,Anand,Kharif,Castor
7.91,0.41,0.4,168,27,431,671,31.3,Black,Mehsana,Kharif,Castor
7.51,0.44,0.38,229,43,305,498,32,Black,Navsari,Kharif,Castor
7.29,0.73,0.59,218,26,295,519,30.9,Black,Ahmedabad,Kharif,Castor
6.92,0.58,0.39,178,48,433,514,32,Black,Surendranagar,Kharif,Castor
7.12,0.66,0.49,229,26,381,568,29.9,Black,Bharuch,Kharif,Castor
7.83,0.56,0.43,246,31,276,670,32.4,Black,Amreli,Kharif,Castor
7.79,0.21,0.35,225,30,414,649,30.8,Black,Amreli,Kharif,Castor
7.99,0.38,0.52,234,27,331,435,33.1,Black,Rajkot,Kharif,Castor
7.86,0.46,0.42,150,41,405,609,26.4,Black,Ahmedabad,Kharif,Castor
8.12,0.46,0.4,229,39,378,746,27.4,Black,Amreli,Kharif,Castor
7.83,0.71,0.41,166,49,397,511,31,Black,Navsari,Kharif,Castor
7.78,0.75,0.49,188,48,325,720,29,Black,Surendranagar,Kharif,Castor
7.6,0.44,0.46,175,48,314,593,34.8,Black,Banaskantha,Kharif,Castor
7.86,0.51,0.6,187,44,385,600,35,Black,Banaskantha,Kharif,Castor
7.8,0.68,0.6,173,46,392,763,34,Black,Vadodara,Kharif,Castor
7.73,0.32,0.44,209,44,276,716,26.4,Black,Bhavnagar,Kharif,Castor
7.54,0.5,0.43,152,27,341,431,30.6,Black,Surendranagar,Kharif,Castor
8.15,0.76,0.38,190,27,295,710,30.8,Black,Vadodara,Kharif,Castor
7.18,0.25,0.36,249,40,393,666,27,Black,Bharuch,Kharif,Castor
8.07,0.38,0.57,153,39,328,513,30.7,Black,Junagadh,Kharif,Castor
7.95,0.56,0.55,157,45,432,428,30,Black,Gandhinagar,Kharif,Castor
7.43,0.4,0.3,249,35,298,783,28.9,Black,Bhavnagar,Kharif,Castor
6.88,0.33,0.56,176,31,349,434,28.4,Black,Gandhinagar,Kharif,Castor
7.19,0.8,0.53,161,38,438,514,27.3,Black,Ahmedabad,Kharif,Castor
7.38,0.24,0.38,248,50,426,480,34.6,Black,Kutch,Kharif,Castor
7.14,0.38,0.4,206,41,291,756,30,Black,Bhavnagar,Kharif,Castor
7.49,0.32,0.53,158,33,350,415,26.7,Black,Bharuch,Kharif,Castor
6.92,0.43,0.31,242,26,265,772,31.3,Black,Ahmedabad,Kharif,Castor
7.75,0.67,0.57,236,35,403,735,34.3,Black,Gandhinagar,Kharif,Castor
7.53,0.58,0.59,210,40,372,595,29,Black,Amreli,Kharif,Castor
7.11,0.76,0.44,165,34,338,458,34,Black,Navsari,Kharif,Castor
7.72,0.2,0.34,232,50,291,614,33.4,Black,Vadodara,Kharif,Castor
7.05,0.33,0.5,211,36,349,491,30.1,Black,Vadodara,Kharif,Castor
7.74,0.36,0.37,189,43,412,661,32.8,Black,Banaskantha,Kharif,Castor
7.43,0.57,0.4,201,46,326,721,34.5,Black,Kutch,Kharif,Castor
6.87,0.55,0.43,192,33,316,653,33.8,Black,Mehsana,Kharif,Castor
8.03,0.62,0.48,248,47,252,434,34.5,Black,Ahmedabad,Kharif,Castor
7.88,0.72,0.35,207,26,319,522,30.6,Black,Surendranagar,Kharif,Castor
7.81,0.72,0.46,158,36,446,753,30.7,Black,Kutch,Kharif,Castor
8.16,0.67,0.37,166,43,408,752,32,Black,Mehsana,Kharif,Castor
7.25,0.36,0.55,185,26,289,715,34.1,Black,Anand,Kharif,Castor
8.04,0.66,0.39,204,41,384,597,32.3,Black,Mehsana,Kharif,Castor
7.8,0.44,0.57,182,46,294,649,27.5,Black,Bharuch,Kharif,Castor
7.45,0.27,0.43,208,31,372,800,34.5,Black,Vadodara,Kharif,Castor
8.04,0.27,0.56,170,27,439,650,27.9,Black,Anand,Kharif,Castor
6.92,0.65,0.52,175,27,324,410,32.3,Black,Surendranagar,Kharif,Castor
6.91,0.61,0.34,204,38,448,767,27.1,Black,Navsari,Kharif,Castor
7.85,0.6,0.49,219,41,435,695,31.8,Black,Gandhinagar,Kharif,Castor
8.03,0.44,0.58,159,41,285,492,28.8,Black,Amreli,Kharif,Castor
7.16,0.44,0.59,220,38,362,421,34.9,Black,Rajkot,Kharif,Castor
7.35,0.47,0.49,216,46,396,583,30.1,Black,Vadodara,Kharif,Castor
7.44,0.42,0.35,190,29,402,657,26.5,Black,Bharuch,Kharif,Castor
7.67,0.38,0.32,249,39,311,528,29.1,Black,Navsari,Kharif,Castor
7.47,0.72,0.53,158,36,330,665,34.9,Black,Rajkot,Kharif,Castor
7.58,0.7,0.4,206,27,450,709,34.7,Black,Anand,Kharif,Castor
6.84,0.47,0.5,235,44,300,459,27.9,Black,Surendranagar,Kharif,Castor
8.01,0.39,0.47,174,37,325,482,29.1,Black,Anand,Kharif,Castor
7.11,0.42,0.37,244,48,435,489,33.3,Black,Junagadh,Kharif,Castor
6.94,0.4,0.39,201,39,333,793,33.7,Black,Navsari,Kharif,Castor
7.61,0.6,0.41,223,49,443,629,30.2,Black,Rajkot,Kharif,Castor
7.78,0.49,0.41,218,46,435,464,29.3,Black,Amreli,Kharif,Castor
6.86,0.74,0.54,177,35,328,589,29.5,Black,Bharuch,Kharif,Castor
7.35,0.48,0.45,237,50,308,623,30.5,Black,Ahmedabad,Kharif,Castor
7.69,0.7,0.59,189,48,329,696,30.6,Black,Junagadh,Kharif,Castor
7.73,0.76,0.36,166,50,355,629,32.9,Black,Kutch,Kharif,Castor
6.84,0.69,0.54,185,29,398,550,27.3,Black,Bharuch,Kharif,Castor
6.91,0.57,0.35,207,33,304,728,32.9,Black,Junagadh,Kharif,Castor
7.4,0.6,0.46,171,26,397,696,32.6,Black,Amreli,Kharif,Castor
8.02,0.26,0.58,177,41,288,770,31.3,Black,Banaskantha,Kharif,Castor
7.86,0.78,0.56,155,28,344,401,33,Black,Banaskantha,Kharif,Castor
7.29,0.38,0.6,160,38,393,785,26.5,Black,Mehsana,Kharif,Castor
6.85,0.34,0.39,153,25,333,749,34.8,Black,Anand,Kharif,Castor
7.39,0.21,0.54,248,31,280,540,27.9,Black,Ahmedabad,Kharif,Castor
6.8,0.41,0.38,173,28,438,455,27.1,Black,Navsari,Kharif,Castor
7.6,0.57,0.52,232,44,283,695,26.7,Black,Banaskantha,Kharif,Castor
7.83,0.26,0.41,229,50,418,424,31.4,Black,Surat,Kharif,Castor
7.33,0.24,0.49,190,47,395,465,26.2,Black,Banaskantha,Kharif,Castor
7.22,0.58,0.54,153,43,256,438,29.8,Black,Rajkot,Kharif,Castor
7.86,0.4,0.59,234,31,439,613,26.2,Black,Navsari,Kharif,Castor
7.09,0.38,0.49,175,45,318,711,30.4,Black,Junagadh,Kharif,Castor
6.8,0.55,0.31,164,36,300,571,27.8,Black,Vadodara,Kharif,Castor
7.11,0.68,0.4,205,48,294,557,32.1,Black,Anand,Kharif,Castor
7.92,0.8,0.45,183,38,320,682,34,Black,Vadodara,Kharif,Castor
7.3,0.79,0.5,222,48,303,483,32.5,Black,Anand,Kharif,Castor
7.27,0.66,0.57,246,50,422,800,28.6,Black,Surendranagar,Kharif,Castor
7.7,0.32,0.36,162,45,250,520,30.6,Black,Bhavnagar,Kharif,Castor
7.36,0.66,0.45,237,25,409,747,34.9,Black,Rajkot,Kharif,Castor
8.18,0.75,0.4,214,37,385,766,26.4,Black,Banaskantha,Kharif,Castor
7.16,0.55,0.31,215,46,419,671,31.3,Black,Vadodara,Kharif,Castor
7.88,0.67,0.55,191,40,381,502,31.5,Black,Surat,Kharif,Castor
7.47,0.33,0.44,246,27,289,426,29.3,Black,Banaskantha,Kharif,Castor
7.7,0.38,0.41,238,26,366,529,30.7,Black,Bharuch,Kharif,Castor
7.06,0.79,0.52,194,47,417,460,34.3,Black,Vadodara,Kharif,Castor
6.88,0.24,0.33,240,47,348,438,30.4,Black,Junagadh,Kharif,Castor
6.85,0.37,0.55,188,48,418,455,32.5,Black,Kutch,Kharif,Castor
7.07,0.35,0.58,151,48,399,545,32.1,Black,Vadodara,Kharif,Castor
7.26,0.35,0.47,168,35,342,620,26.7,Black,Rajkot,Kharif,Castor
8.11,0.6,0.51,238,49,437,688,30.9,Black,Rajkot,Kharif,Castor
8.08,0.24,0.36,166,28,335,474,31.3,Black,Gandhinagar,Kharif,Castor
7.93,0.27,0.33,189,41,309,480,28.3,Black,Banaskantha,Kharif,Castor
7.37,0.41,0.53,236,38,269,467,27.1,Black,Bhavnagar,Kharif,Castor
7.59,0.51,0.58,231,26,250,439,26.6,Black,Surat,Kharif,Castor
8.17,0.21,0.43,224,37,336,588,31.6,Black,Kutch,Kharif,Castor
7.45,0.35,0.37,243,45,299,598,30.5,Black,Navsari,Kharif,Castor
7.14,0.37,0.57,172,50,379,411,32.7,Black,Kutch,Kharif,Castor
7.64,0.23,0.59,215,46,436,692,33,Black,Vadodara,Kharif,Castor
7.82,0.42,0.48,243,33,291,668,31.8,Black,Mehsana,Kharif,Castor
7.12,0.29,0.59,212,30,271,413,32.3,Black,Amreli,Kharif,Castor
7.45,0.77,0.34,156,36,399,440,34.2,Black,Bhavnagar,Kharif,Castor
7.44,0.72,0.45,245,27,345,573,29,Black,Banaskantha,Kharif,Castor
7.3,0.78,0.41,229,38,315,526,31.6,Black,Amreli,Kharif,Castor
6.93,0.32,0.47,168,33,448,668,30.3,Black,Banaskantha,Kharif,Castor
7.55,0.6,0.31,169,44,269,729,34.4,Black,Ahmedabad,Kharif,Castor
7.24,0.26,0.49,242,33,287,416,28.8,Black,Anand,Kharif,Castor
7.49,0.65,0.6,181,28,324,585,34.6,Black,Amreli,Kharif,Castor
7.81,0.34,0.37,167,33,266,512,26.1,Black,Rajkot,Kharif,Castor
7.1,0.37,0.39,189,30,271,544,28.2,Black,Mehsana,Kharif,Castor
7.75,0.61,0.59,197,35,419,715,27.2,Black,Surendranagar,Kharif,Castor
7.47,0.48,0.58,166,38,263,779,28.8,Black,Ahmedabad,Kharif,Castor
7.67,0.59,0.48,244,41,365,756,27.7,Black,Kutch,Kharif,Castor
7.63,0.59,0.39,158,31,339,407,33.7,Black,Bharuch,Kharif,Castor
7.21,0.57,0.44,239,39,430,606,27.7,Black,Mehsana,Kharif,Castor
6.84,0.22,0.33,163,44,322,655,28.8,Black,Kutch,Kharif,Castor
7.06,0.23,0.32,250,40,252,774,28.5,Black,Bhavnagar,Kharif,Castor
7.32,0.54,0.37,233,47,285,507,32.9,Black,Bharuch,Kharif,Castor
7.23,0.33,0.42,159,38,353,778,33.8,Black,Navsari,Kharif,Castor
7.75,0.75,0.42,212,26,374,458,27,Black,Surendranagar,Kharif,Castor
6.9,0.27,0.41,219,39,282,522,31.2,Black,Gandhinagar,Kharif,Castor
6.96,0.59,0.58,216,37,252,493,29.6,Black,Surat,Kharif,Castor
7.36,0.31,0.55,193,50,380,675,32.5,Black,Bhavnagar,Kharif,Castor
7.33,0.55,0.36,158,50,321,636,31.8,Black,Vadodara,Kharif,Castor
8.01,0.51,0.31,232,47,367,721,26.6,Black,Mehsana,Kharif,Castor
7.16,0.38,0.31,169,48,374,533,33,Black,Amreli,Kharif,Castor
7.19,0.76,0.43,176,37,349,619,34.6,Black,Navsari,Kharif,Castor
7.55,0.44,0.6,208,28,280,675,30.7,Black,Rajkot,Kharif,Castor
7.54,0.64,0.52,232,32,325,628,30.2,Black,Gandhinagar,Kharif,Castor
8.16,0.64,0.41,166,39,310,754,34.9,Black,Kutch,Kharif,Castor
7.52,0.68,0.46,190,38,376,567,33.7,Black,Anand,Kharif,Castor
7.1,0.4,0.49,231,36,337,738,29.9,Black,Kutch,Kharif,Castor
7.93,0.63,0.48,242,26,371,626,31.8,Black,Kutch,Kharif,Castor
7.7,0.4,0.36,152,27,374,500,26.9,Black,Rajkot,Kharif,Castor
7.01,0.3,0.41,172,28,413,493,31.2,Black,Ahmedabad,Kharif,Castor
7.43,0.28,0.32,196,35,415,720,27.5,Black,Gandhinagar,Kharif,Castor
7.46,0.58,0.41,191,29,416,606,28.8,Black,Bharuch,Kharif,Castor
8.03,0.36,0.43,169,41,440,469,33,Black,Amreli,Kharif,Castor
6.98,0.37,0.3,187,43,353,421,30.1,Black,Vadodara,Kharif,Castor
7.02,0.24,0.55,237,28,435,542,30.6,Black,Junagadh,Kharif,Castor
7.67,0.47,0.37,171,36,258,428,31.2,Black,Rajkot,Kharif,Castor
7.83,0.41,0.52,229,31,295,430,29.4,Black,Ahmedabad,Kharif,Castor
7.82,0.23,0.57,199,45,279,744,32.5,Black,Surendranagar,Kharif,Castor
7.56,0.35,0.5,166,31,351,528,31.2,Black,Rajkot,Kharif,Castor
6.94,0.65,0.54,236,30,258,675,31.1,Black,Ahmedabad,Kharif,Castor
7.85,0.38,0.58,202,29,312,495,26.9,Black,Rajkot,Kharif,Castor
7.78,0.7,0.39,227,37,371,702,33.1,Black,Junagadh,Kharif,Castor
7.27,0.46,0.37,184,46,304,538,34.1,Black,Junagadh,Kharif,Castor
7.49,0.23,0.39,160,50,425,423,34.4,Black,Amreli,Kharif,Castor
7.03,0.54,0.38,226,35,379,690,27.7,Black,Gandhinagar,Kharif,Castor
8.11,0.3,0.52,154,27,374,796,29.5,Black,Kutch,Kharif,Castor
8.01,0.47,0.36,214,49,382,429,27.1,Black,Bharuch,Kharif,Castor
7.09,0.59,0.35,224,29,303,671,28,Black,Amreli,Kharif,Castor
7.09,0.5,0.31,186,50,384,415,29.6,Black,Kutch,Kharif,Castor
7.06,0.37,0.5,201,42,314,609,26.3,Black,Surendranagar,Kharif,Castor
8.11,0.3,0.33,242,48,343,566,31.7,Black,Gandhinagar,Kharif,Castor
7.62,0.32,0.48,210,26,283,461,34,Black,Kutch,Kharif,Castor
7.33,0.64,0.48,245,49,258,559,30.3,Black,Rajkot,Kharif,Castor
6.87,0.78,0.56,234,49,416,732,34.9,Black,Navsari,Kharif,Castor
6.92,0.65,0.53,183,31,375,638,33.8,Black,Banaskantha,Kharif,Castor
7.72,0.48,0.56,192,25,302,564,29.7,Black,Surat,Kharif,Castor
8.13,0.69,0.59,185,37,420,537,32.9,Black,Junagadh,Kharif,Castor
7.21,0.66,0.57,161,27,399,703,26.3,Black,Vadodara,Kharif,Castor
7.85,0.64,0.35,173,46,353,648,31.4,Black,Rajkot,Kharif,Castor
7.94,0.51,0.33,194,44,432,487,32.1,Black,Bharuch,Kharif,Castor
8.15,0.25,0.48,167,49,287,466,33.9,Black,Surendranagar,Kharif,Castor
7.29,0.53,0.32,206,35,372,599,26.8,Black,Vadodara,Kharif,Castor
7.75,0.3,0.5,196,41,383,520,29.9,Black,Gandhinagar,Kharif,Castor
7.62,0.33,0.6,186,26,381,502,32.6,Black,Gandhinagar,Kharif,Castor
7.52,0.44,0.49,195,45,397,493,33.7,Black,Mehsana,Kharif,Castor
7.37,0.59,0.31,152,40,400,589,29.8,Black,Junagadh,Kharif,Castor
6.84,0.31,0.34,196,25,407,503,32.2,Black,Navsari,Kharif,Castor
7.46,0.2,0.35,154,32,306,631,33.2,Black,Amreli,Kharif,Castor
7.76,0.33,0.44,207,30,377,691,28,Black,Kutch,Kharif,Castor
7,0.44,0.52,214,44,321,692,28.9,Black,Gandhinagar,Kharif,Castor
7.95,0.64,0.34,181,48,436,789,28.2,Black,Bhavnagar,Kharif,Castor
7.6,0.78,0.36,246,34,257,747,30.2,Black,Bharuch,Kharif,Castor
8.19,0.7,0.48,163,45,420,613,34.3,Black,Banaskantha,Kharif,Castor
7.92,0.69,0.31,218,42,435,431,28.4,Black,Surat,Kharif,Castor
7.35,0.31,0.34,184,49,327,568,33.5,Black,Gandhinagar,Kharif,Castor
7.3,0.36,0.42,179,50,284,753,32.3,Black,Amreli,Kharif,Castor
7.06,0.29,0.54,194,32,287,563,26.5,Black,Ahmedabad,Kharif,Castor
7.67,0.55,0.53,173,43,363,529,29.3,Black,Bhavnagar,Kharif,Castor
7.73,0.4,0.51,249,50,267,616,26,Black,Amreli,Kharif,Castor
7.88,0.38,0.48,191,28,307,502,31.2,Black,Anand,Kharif,Castor
7.81,0.77,0.59,209,35,288,728,31.2,Black,Bhavnagar,Kharif,Castor
7.23,0.78,0.32,237,27,381,443,27.9,Black,Kutch,Kharif,Castor
6.81,0.29,0.52,165,43,431,444,30.8,Black,Vadodara,Kharif,Castor
8.1,0.72,0.53,177,38,398,755,32,Black,Surendranagar,Kharif,Castor
7.9,0.78,0.44,244,38,416,584,29.2,Black,Banaskantha,Kharif,Castor
7.33,0.69,0.48,201,26,439,494,27.2,Black,Navsari,Kharif,Castor
8.18,0.54,0.47,194,46,276,548,28.1,Black,Bhavnagar,Kharif,Castor
7.18,0.73,0.38,169,34,405,453,33.7,Black,Ahmedabad,Kharif,Castor
7.08,0.5,0.44,184,47,319,475,27.6,Black,Anand,Kharif,Castor
7.06,0.38,0.59,163,50,433,702,33.6,Black,Mehsana,Kharif,Castor
6.93,0.64,0.54,223,25,309,531,30,Black,Gandhinagar,Kharif,Castor
7.26,0.22,0.35,196,42,310,773,31,Black,Mehsana,Kharif,Castor
7.83,0.34,0.44,153,34,330,506,32.6,Black,Rajkot,Kharif,Castor
8.15,0.39,0.43,175,46,431,550,35,Black,Bhavnagar,Kharif,Castor
7.42,0.25,0.5,230,27,347,517,34.4,Black,Bharuch,Kharif,Castor
7.29,0.47,0.33,195,33,304,524,34.4,Black,Vadodara,Kharif,Castor
7.22,0.49,0.42,223,29,426,745,27.3,Black,Surendranagar,Kharif,Castor
7.56,0.54,0.49,242,33,337,795,31,Black,Amreli,Kharif,Castor
8.1,0.76,0.4,165,46,392,613,31.2,Black,Bharuch,Kharif,Castor
7.59,0.59,0.59,204,48,295,589,34.5,Black,Rajkot,Kharif,Castor
8.09,0.39,0.52,193,28,301,511,34.3,Black,Rajkot,Kharif,Castor
7.9,0.45,0.51,199,27,360,451,29.9,Black,Vadodara,Kharif,Castor
7.18,0.34,0.5,211,49,421,755,33.5,Black,Gandhinagar,Kharif,Castor
6.91,0.5,0.38,150,38,405,785,34.2,Black,Surat,Kharif,Castor
7.93,0.3,0.44,217,49,402,554,33.7,Black,Banaskantha,Kharif,Castor
7.88,0.28,0.48,207,29,263,539,26.8,Black,Amreli,Kharif,Castor
7.66,0.24,0.53,163,45,346,627,31,Black,Vadodara,Kharif,Castor
7.84,0.76,0.42,183,40,316,407,34,Black,Banaskantha,Kharif,Castor
7.95,0.58,0.4,165,39,335,567,33.2,Black,Ahmedabad,Kharif,Castor
7.97,0.46,0.39,179,42,437,539,26.4,Black,Amreli,Kharif,Castor
7.98,0.49,0.38,206,38,400,723,26.5,Black,Rajkot,Kharif,Castor
7.16,0.41,0.5,157,44,340,600,27.8,Black,Surat,Kharif,Castor
7.51,0.59,0.35,246,41,297,497,27,Black,Amreli,Kharif,Castor
7.66,0.8,0.45,177,34,301,583,30.8,Black,Banaskantha,Kharif,Castor
7.61,0.72,0.44,249,39,354,526,30.6,Black,Bhavnagar,Kharif,Castor
7.92,0.55,0.34,241,45,428,538,28,Black,Surat,Kharif,Castor
7.39,0.31,0.45,159,39,279,623,29.3,Black,Kutch,Kharif,Castor
7.28,0.65,0.4,174,44,318,589,33.3,Black,Kutch,Kharif,Castor
7.6,0.57,0.45,234,29,405,534,30.8,Black,Bharuch,Kharif,Castor
7.92,0.56,0.52,240,29,383,570,28.9,Black,Rajkot,Kharif,Castor
7.43,0.32,0.55,228,34,306,443,28.8,Black,Navsari,Kharif,Castor
7.02,0.24,0.38,242,26,398,605,30.2,Black,Amreli,Kharif,Castor
7.24,0.29,0.59,196,40,316,416,28.8,Black,Amreli,Kharif,Castor
7.84,0.62,0.49,209,50,255,502,29.3,Black,Ahmedabad,Kharif,Castor
7.33,0.69,0.54,156,39,418,626,31.1,Black,Vadodara,Kharif,Castor
6.91,0.59,0.47,200,47,417,581,32.9,Black,Banaskantha,Kharif,Castor
7.99,0.21,0.35,179,33,354,452,29.3,Black,Navsari,Kharif,Castor
6.97,0.64,0.45,215,29,394,477,27.3,Black,Anand,Kharif,Castor
7.24,0.65,0.36,153,25,295,699,32.2,Black,Rajkot,Kharif,Castor
7.9,0.26,0.43,236,39,295,715,31.1,Black,Vadodara,Kharif,Castor
7.25,0.34,0.45,238,44,257,529,31.5,Black,Vadodara,Kharif,Castor
7.47,0.66,0.39,219,34,322,469,33.4,Black,Surat,Kharif,Castor
7.1,0.77,0.53,231,42,389,557,34,Black,Vadodara,Kharif,Castor
6.89,0.75,0.36,187,42,301,427,31,Black,Rajkot,Kharif,Castor
7.09,0.27,0.54,201,46,447,530,32,Black,Bharuch,Kharif,Castor
7.61,0.32,0.49,222,32,324,460,34.7,Black,Bhavnagar,Kharif,Castor
8.04,0.79,0.36,241,46,416,519,34.4,Black,Bharuch,Kharif,Castor
7.78,0.75,0.44,220,48,288,451,31.6,Black,Rajkot,Kharif,Castor
7.92,0.6,0.57,235,31,395,484,34.7,Black,Mehsana,Kharif,Castor
8.1,0.48,0.49,216,28,422,443,32,Black,Mehsana,Kharif,Castor
7.92,0.76,0.35,180,42,392,523,34,Black,Surendranagar,Kharif,Castor
6.81,0.61,0.54,235,50,341,630,31.5,Black,Surat,Kharif,Castor
7.9,0.45,0.38,158,27,405,735,32.1,Black,Navsari,Kharif,Castor
8.07,0.47,0.36,200,32,401,689,32.3,Black,Navsari,Kharif,Castor
7.93,0.6,0.37,239,33,409,473,26.5,Black,Gandhinagar,Kharif,Castor
7.69,0.57,0.38,151,44,261,707,31.8,Black,Banaskantha,Kharif,Castor
7.74,0.66,0.34,198,44,311,714,29.1,Black,Junagadh,Kharif,Castor
7.34,0.63,0.37,177,41,297,627,29.5,Black,Anand,Kharif,Castor
7.1,0.66,0.46,156,30,427,553,31.2,Black,Mehsana,Kharif,Castor
7.66,0.62,0.37,221,36,390,576,32.5,Black,Junagadh,Kharif,Castor
6.9,0.61,0.33,231,47,427,748,29.3,Black,Navsari,Kharif,Castor
7.88,0.53,0.39,226,29,251,628,28.4,Black,Rajkot,Kharif,Castor
7.92,0.69,0.46,209,25,298,747,27.2,Black,Bhavnagar,Kharif,Castor
7.71,0.47,0.48,156,29,338,798,28.3,Black,Banaskantha,Kharif,Castor
6.9,0.78,0.36,150,47,320,454,32.5,Black,Kutch,Kharif,Castor
7.48,0.5,0.32,169,49,402,632,27.6,Black,Anand,Kharif,Castor
7.97,0.4,0.41,164,29,360,509,30.2,Black,Gandhinagar,Kharif,Castor
7.87,0.46,0.58,233,48,304,506,32.3,Black,Amreli,Kharif,Castor
7.29,0.48,0.43,218,44,406,489,27.1,Black,Gandhinagar,Kharif,Castor
7.2,0.3,0.56,177,34,343,695,34,Black,Mehsana,Kharif,Castor
7.05,0.57,0.41,200,36,351,481,26.6,Black,Banaskantha,Kharif,Castor
8.11,0.4,0.48,224,48,395,555,33.9,Black,Bharuch,Kharif,Castor
7.22,0.42,0.36,206,38,300,786,30.1,Black,Vadodara,Kharif,Castor
8.15,0.76,0.53,195,42,359,559,35,Black,Ahmedabad,Kharif,Castor
7.62,0.74,0.4,213,40,435,402,28.9,Black,Anand,Kharif,Castor
7.31,0.7,0.42,226,48,448,697,29.7,Black,Anand,Kharif,Castor
7.27,0.26,0.48,150,35,407,470,33.9,Black,Ahmedabad,Kharif,Castor
7.5,0.2,0.56,204,33,346,712,30.5,Black,Junagadh,Kharif,Castor
7.99,0.53,0.54,188,47,351,608,33.6,Black,Surat,Kharif,Castor
7.51,0.67,0.55,214,36,258,766,28.7,Black,Amreli,Kharif,Castor
7.87,0.4,0.56,230,45,291,414,31.8,Black,Amreli,Kharif,Castor
7.27,0.27,0.53,178,42,253,489,31.2,Black,Navsari,Kharif,Castor
7.78,0.43,0.6,167,40,346,524,28.9,Black,Surendranagar,Kharif,Castor
8.02,0.51,0.38,210,45,273,561,32,Black,Kutch,Kharif,Castor
7.64,0.4,0.41,221,44,311,773,34.9,Black,Surat,Kharif,Castor
8.06,0.79,0.37,214,46,325,692,31.5,Black,Ahmedabad,Kharif,Castor
7.63,0.33,0.4,247,45,415,707,32.4,Black,Amreli,Kharif,Castor
7.57,0.48,0.5,160,29,251,692,32.2,Black,Mehsana,Kharif,Castor
6.93,0.6,0.53,208,32,446,432,27.1,Black,Surendranagar,Kharif,Castor
7.65,0.34,0.43,153,43,388,712,32.5,Black,Vadodara,Kharif,Castor
7.74,0.37,0.6,191,44,442,599,31.7,Black,Banaskantha,Kharif,Castor
7.72,0.74,0.59,157,25,430,585,31.6,Black,Bharuch,Kharif,Castor
7.53,0.36,0.5,187,36,403,776,28.5,Black,Junagadh,Kharif,Castor
7.8,0.3,0.5,187,27,381,495,30.9,Black,Vadodara,Kharif,Castor
7.18,0.22,0.44,206,30,333,568,26.3,Black,Navsari,Kharif,Castor
6.97,0.8,0.34,156,43,302,634,29.3,Black,Bharuch,Kharif,Castor
7.45,0.2,0.55,206,50,398,594,31.9,Black,Anand,Kharif,Castor
7.75,0.26,0.5,225,33,278,508,32.8,Black,Amreli,Kharif,Castor
7.94,0.36,0.56,176,37,403,560,34.8,Black,Banaskantha,Kharif,Castor
7.96,0.52,0.35,209,48,265,754,29.7,Black,Surendranagar,Kharif,Castor
6.99,0.56,0.5,197,37,394,744,32,Black,Banaskantha,Kharif,Castor
6.84,0.73,0.56,232,30,377,617,27.1,Black,Amreli,Kharif,Castor
7.8,0.41,0.32,167,25,409,790,33.8,Black,Banaskantha,Kharif,Castor
7.79,0.43,0.33,249,40,302,760,28.3,Black,Surendranagar,Kharif,Castor
7.07,0.41,0.49,204,31,302,644,29.2,Black,Banaskantha,Kharif,Castor
7.77,0.35,0.46,210,47,385,654,33.8,Black,Mehsana,Kharif,Castor
7.52,0.58,0.5,240,46,272,461,32.5,Black,Bharuch,Kharif,Castor
7.46,0.4,0.5,170,31,301,448,28.4,Black,Navsari,Kharif,Castor
6.91,0.74,0.3,209,49,445,450,27.3,Black,Bharuch,Kharif,Castor
7.64,0.34,0.52,212,49,407,730,26.4,Black,Surat,Kharif,Castor
7.75,0.3,0.52,214,29,296,427,28.7,Black,Kutch,Kharif,Castor
7.94,0.34,0.4,227,40,381,797,33.9,Black,Ahmedabad,Kharif,Castor
8.03,0.55,0.44,247,26,324,472,32,Black,Banaskantha,Kharif,Castor
7.63,0.21,0.53,230,30,380,550,27.5,Black,Bharuch,Kharif,Castor
6.94,0.23,0.34,249,45,307,720,33.1,Black,Gandhinagar,Kharif,Castor
7.49,0.37,0.38,178,26,337,778,32,Black,Vadodara,Kharif,Castor
7.79,0.58,0.45,178,32,338,666,27,Black,Mehsana,Kharif,Castor
7.03,0.3,0.32,192,29,406,752,30.4,Black,Mehsana,Kharif,Castor
7.32,0.37,0.35,161,37,365,404,31.7,Black,Amreli,Kharif,Castor
6.86,0.28,0.33,166,33,252,634,33.6,Black,Ahmedabad,Kharif,Castor
7.2,0.58,0.4,177,37,289,694,27.2,Black,Surendranagar,Kharif,Castor
7.81,0.23,0.56,163,32,319,531,34.3,Black,Mehsana,Kharif,Castor
8.09,0.79,0.56,224,35,256,702,27.2,Black,Anand,Kharif,Castor
7.96,0.37,0.58,225,33,341,539,32,Black,Bhavnagar,Kharif,Castor
7.63,0.28,0.39,168,46,445,428,28.6,Black,Bharuch,Kharif,Castor
7.97,0.79,0.5,207,36,355,518,31.1,Black,Navsari,Kharif,Castor
7.94,0.4,0.56,188,33,328,615,32.2,Black,Gandhinagar,Kharif,Castor
7.23,0.24,0.39,190,30,331,468,32.3,Black,Navsari,Kharif,Castor
7.33,0.72,0.57,228,32,256,528,28.1,Black,Gandhinagar,Kharif,Castor
8.1,0.38,0.32,226,28,307,797,29.9,Black,Vadodara,Kharif,Castor
7.16,0.33,0.36,212,40,283,783,33,Black,Bhavnagar,Kharif,Castor
6.97,0.42,0.55,170,33,279,484,35,Black,Bhavnagar,Kharif,Castor
7.08,0.52,0.36,246,28,297,547,30.3,Black,Surat,Kharif,Castor
8.16,0.71,0.57,155,39,326,435,31.4,Black,Surat,Kharif,Castor
7.95,0.23,0.5,204,32,291,520,31.4,Black,Gandhinagar,Kharif,Castor
7.09,0.77,0.35,150,41,337,671,27.7,Black,Vadodara,Kharif,Castor
7.3,0.76,0.57,250,30,356,515,27.4,Black,Mehsana,Kharif,Castor
7.65,0.68,0.53,197,28,436,431,31,Black,Bharuch,Kharif,Castor
7.51,0.62,0.47,240,46,273,670,27.1,Black,Bharuch,Kharif,Castor
8.14,0.57,0.35,165,40,431,686,28.1,Black,Bharuch,Kharif,Castor
7.7,0.45,0.36,234,43,440,735,34,Black,Vadodara,Kharif,Castor
7.06,0.39,0.36,222,46,366,764,26.9,Black,Amreli,Kharif,Castor
7.68,0.36,0.55,222,46,305,494,28.6,Black,Bharuch,Kharif,Castor
7.07,0.58,0.53,154,25,406,730,26.7,Black,Surat,Kharif,Castor
6.96,0.32,0.34,232,32,250,736,30.6,Black,Bharuch,Kharif,Castor
8.15,0.38,0.44,180,43,438,414,34.3,Black,Surendranagar,Kharif,Castor
6.99,0.75,0.35,213,44,388,701,29.9,Black,Junagadh,Kharif,Castor
7.01,0.71,0.47,214,46,295,641,32.9,Black,Navsari,Kharif,Castor
7.71,0.42,0.6,206,37,396,698,31.7,Black,Vadodara,Kharif,Castor
7,0.74,0.36,161,49,394,637,30.4,Black,Rajkot,Kharif,Castor
7.4,0.41,0.57,163,42,262,426,29.4,Black,Junagadh,Kharif,Castor
7.85,0.48,0.42,164,46,282,513,26.9,Black,Vadodara,Kharif,Castor
7.98,0.42,0.31,154,25,305,597,33.7,Black,Gandhinagar,Kharif,Castor
8.01,0.34,0.53,210,45,310,680,28.4,Black,Kutch,Kharif,Castor
7.94,0.25,0.51,184,50,343,657,26.7,Black,Surat,Kharif,Castor
8.01,0.76,0.33,225,50,269,674,27.4,Black,Surat,Kharif,Castor
8.18,0.48,0.34,164,27,285,705,32,Black,Bhavnagar,Kharif,Castor
8.02,0.77,0.52,156,29,347,478,28.1,Black,Vadodara,Kharif,Castor
6.85,0.67,0.5,221,48,294,746,29.2,Black,Banaskantha,Kharif,Castor
7.02,0.37,0.57,200,35,443,760,32.1,Black,Ahmedabad,Kharif,Castor
7.11,0.25,0.48,188,36,340,704,34.6,Black,Surat,Kharif,Castor
7.34,0.34,0.6,186,30,302,625,27.4,Black,Ahmedabad,Kharif,Castor
7.39,0.72,0.52,166,30,354,757,30.3,Black,Gandhinagar,Kharif,Castor
7.23,0.46,0.3,195,49,335,485,32.8,Black,Bhavnagar,Kharif,Castor
7.86,0.62,0.41,250,38,316,475,29.3,Black,Mehsana,Kharif,Castor
6.87,0.36,0.44,229,45,351,420,32.3,Black,Navsari,Kharif,Castor
7.99,0.68,0.49,178,27,277,619,26.4,Black,Ahmedabad,Kharif,Castor
7.98,0.34,0.57,227,36,297,447,26.9,Black,Navsari,Kharif,Castor
7.94,0.35,0.33,152,46,439,533,27.9,Black,Banaskantha,Kharif,Castor
8.17,0.24,0.46,220,25,385,662,28.2,Black,Surendranagar,Kharif,Castor
7.29,0.5,0.58,178,38,316,564,28.4,Black,Vadodara,Kharif,Castor
7.87,0.47,0.47,247,47,373,533,27.2,Black,Surendranagar,Kharif,Castor
7.03,0.55,0.6,243,49,327,509,29.5,Black,Bharuch,Kharif,Castor
7.47,0.44,0.38,213,46,385,567,26.6,Black,Mehsana,Kharif,Castor
8.01,0.72,0.57,211,30,445,562,28.1,Black,Vadodara,Kharif,Castor
7.54,0.53,0.42,206,41,422,798,34.3,Black,Vadodara,Kharif,Castor
6.95,0.71,0.57,178,46,290,545,29.7,Black,Kutch,Kharif,Castor
7.8,0.54,0.48,209,35,293,510,30,Black,Junagadh,Kharif,Castor
8.03,0.63,0.52,229,50,344,713,31.8,Black,Vadodara,Kharif,Castor
6.9,0.66,0.55,194,39,264,587,27.8,Black,Junagadh,Kharif,Castor
7.59,0.35,0.32,237,45,255,433,28.6,Black,Navsari,Kharif,Castor
7.91,0.27,0.59,170,47,394,736,28.6,Black,Surat,Kharif,Castor
7.4,0.4,0.59,199,43,449,768,28,Black,Junagadh,Kharif,Castor
6.9,0.25,0.32,174,26,442,527,34.5,Black,Junagadh,Kharif,Castor
7.67,0.26,0.38,208,43,264,682,30.2,Black,Gandhinagar,Kharif,Castor
7.1,0.58,0.59,223,50,286,629,29.1,Black,Gandhinagar,Kharif,Castor
7.23,0.76,0.33,152,37,413,711,34.2,Black,Gandhinagar,Kharif,Castor
7.21,0.2,0.51,157,27,381,510,27.2,Black,Ahmedabad,Kharif,Castor
7.84,0.24,0.3,162,25,384,573,33.1,Black,Junagadh,Kharif,Castor
6.81,0.24,0.31,150,29,442,471,27.2,Black,Amreli,Kharif,Castor
7.78,0.54,0.37,228,26,331,449,33.6,Black,Rajkot,Kharif,Castor
8.09,0.7,0.53,219,27,437,593,31.1,Black,Bhavnagar,Kharif,Castor
7.62,0.2,0.41,209,38,407,665,34.1,Black,Junagadh,Kharif,Castor
7.97,0.27,0.48,160,27,448,617,28.1,Black,Mehsana,Kharif,Castor
7.01,0.29,0.33,198,33,447,469,34.2,Black,Mehsana,Kharif,Castor
7.68,0.27,0.43,163,27,374,410,33.8,Black,Anand,Kharif,Castor
7.26,0.71,0.54,226,37,330,567,26.3,Black,Bhavnagar,Kharif,Castor
7.19,0.64,0.57,160,41,419,472,34.2,Black,Kutch,Kharif,Castor
7.53,0.4,0.44,194,44,334,401,34.8,Black,Navsari,Kharif,Castor
7,0.35,0.53,203,31,312,591,27.6,Black,Kutch,Kharif,Castor
7.45,0.39,0.45,213,28,425,499,27.4,Black,Junagadh,Kharif,Castor
7.36,0.61,0.48,231,29,253,520,27,Black,Gandhinagar,Kharif,Castor
7.4,0.64,0.54,185,34,382,485,27.6,Black,Mehsana,Kharif,Castor
6.82,0.75,0.48,155,34,406,621,28.1,Black,Ahmedabad,Kharif,Castor
7.35,0.47,0.55,172,43,346,416,31.7,Black,Kutch,Kharif,Castor
7.24,0.57,0.32,231,26,315,765,30.4,Black,Navsari,Kharif,Castor
7.95,0.56,0.56,191,45,378,535,32.6,Black,Vadodara,Kharif,Castor
7.45,0.63,0.34,238,45,365,456,29.1,Black,Amreli,Kharif,Castor
7.45,0.65,0.36,172,41,368,794,27.9,Black,Bharuch,Kharif,Castor
7.46,0.43,0.59,182,49,437,673,31.7,Black,Gandhinagar,Kharif,Castor
8.01,0.66,0.53,187,38,426,556,29.1,Black,Kutch,Kharif,Castor
6.88,0.74,0.31,153,29,414,451,33.6,Black,Ahmedabad,Kharif,Castor
7.38,0.65,0.57,222,34,341,503,31,Black,Surat,Kharif,Castor
6.99,0.35,0.54,192,48,312,511,29.1,Black,Mehsana,Kharif,Castor
7.93,0.79,0.53,217,44,437,791,29.7,Black,Bharuch,Kharif,Castor
7.48,0.42,0.48,231,29,420,402,34.8,Black,Anand,Kharif,Castor
7.78,0.53,0.33,179,50,412,638,31.7,Black,Bharuch,Kharif,Castor
7.66,0.74,0.5,211,25,275,559,33.9,Black,Surendranagar,Kharif,Castor
6.91,0.65,0.46,231,37,289,508,26.6,Black,Banaskantha,Kharif,Castor
7.18,0.53,0.33,219,39,434,607,29,Black,Ahmedabad,Kharif,Castor
7.08,0.56,0.56,196,25,344,624,33.4,Black,Rajkot,Kharif,Castor
8.02,0.42,0.31,227,42,273,431,26.3,Black,Navsari,Kharif,Castor
7.11,0.22,0.44,178,29,442,407,32.1,Black,Ahmedabad,Kharif,Castor
7.59,0.29,0.49,230,31,391,404,33.5,Black,Ahmedabad,Kharif,Castor
8.01,0.76,0.56,206,38,438,515,32.3,Black,Rajkot,Kharif,Castor
7.23,0.25,0.32,193,32,402,657,33.8,Black,Rajkot,Kharif,Castor
7.19,0.36,0.59,173,38,434,549,27.2,Black,Junagadh,Kharif,Castor
7.91,0.6,0.54,243,37,278,544,34.5,Black,Anand,Kharif,Castor
8.07,0.5,0.52,202,40,326,762,32.5,Black,Surendranagar,Kharif,Castor
7.23,0.23,0.46,234,40,316,526,31,Black,Gandhinagar,Kharif,Castor
8.03,0.28,0.45,225,40,291,733,28.7,Black,Surendranagar,Kharif,Castor
7.59,0.77,0.46,173,50,323,574,29.1,Black,Junagadh,Kharif,Castor
7.82,0.76,0.35,152,25,278,553,31.7,Black,Rajkot,Kharif,Castor
6.95,0.7,0.44,217,35,321,590,27.9,Black,Bhavnagar,Kharif,Castor
7.28,0.62,0.46,199,29,440,620,31.4,Black,Surat,Kharif,Castor
7.59,0.68,0.58,243,25,258,781,32,Black,Kutch,Kharif,Castor
7.28,0.41,0.36,192,46,296,727,29.3,Black,Gandhinagar,Kharif,Castor
7.98,0.49,0.52,163,30,341,480,28.8,Black,Bharuch,Kharif,Castor
6.84,0.33,0.33,164,27,363,579,27.1,Black,Kutch,Kharif,Castor
7.09,0.53,0.42,187,43,411,490,27.1,Black,Vadodara,Kharif,Castor
7.4,0.39,0.37,213,42,371,435,30.1,Black,Surat,Kharif,Castor
7.25,0.61,0.48,194,47,421,662,32.1,Black,Surendranagar,Kharif,Castor
6.88,0.41,0.55,218,49,448,489,29,Black,Bhavnagar,Kharif,Castor
8.07,0.33,0.43,185,31,422,798,27.8,Black,Ahmedabad,Kharif,Castor
6.92,0.29,0.49,228,29,390,615,31.9,Black,Mehsana,Kharif,Castor
7.21,0.6,0.44,192,28,330,513,29.6,Black,Bharuch,Kharif,Castor
6.99,0.62,0.43,245,36,259,596,29.4,Black,Kutch,Kharif,Castor
8.11,0.28,0.52,190,48,351,665,29,Black,Navsari,Kharif,Castor
6.91,0.37,0.47,176,28,446,442,26.8,Black,Bharuch,Kharif,Castor
7.69,0.53,0.39,153,30,349,783,33.6,Black,Mehsana,Kharif,Castor
6.86,0.63,0.5,151,47,312,784,34.8,Black,Amreli,Kharif,Castor
7.12,0.42,0.34,191,30,287,704,31.9,Black,Anand,Kharif,Castor
7.3,0.26,0.51,157,39,438,523,33.2,Black,Rajkot,Kharif,Castor
7.71,0.37,0.39,191,33,328,501,26.3,Black,Kutch,Kharif,Castor
7.21,0.4,0.5,207,48,375,640,34.3,Black,Kutch,Kharif,Castor
8.04,0.74,0.55,245,50,338,451,30.5,Black,Ahmedabad,Kharif,Castor
7.14,0.65,0.57,178,50,312,761,29.9,Black,Vadodara,Kharif,Castor
7.44,0.41,0.51,198,37,264,632,35,Black,Anand,Kharif,Castor
8.07,0.4,0.44,198,38,359,422,34.4,Black,Junagadh,Kharif,Castor
7.52,0.42,0.34,160,26,357,662,31.5,Black,Vadodara,Kharif,Castor
8,0.64,0.34,247,33,377,538,33.8,Black,Rajkot,Kharif,Castor
7.05,0.36,0.5,183,31,395,623,30.7,Black,Vadodara,Kharif,Castor
7.62,0.66,0.32,150,27,391,737,32.2,Black,Surendranagar,Kharif,Castor
7.52,0.26,0.49,217,42,281,703,27.9,Black,Gandhinagar,Kharif,Castor
6.91,0.26,0.48,178,42,277,712,30.8,Black,Rajkot,Kharif,Castor
7.38,0.2,0.55,159,39,438,585,30.1,Black,Rajkot,Kharif,Castor
7.52,0.78,0.43,206,46,331,783,27.1,Black,Amreli,Kharif,Castor
7.23,0.67,0.4,237,41,407,515,27.5,Black,Surendranagar,Kharif,Castor
7.91,0.7,0.56,193,50,441,441,30.4,Black,Surat,Kharif,Castor
6.91,0.25,0.48,208,34,395,525,27,Black,Amreli,Kharif,Castor
7.8,0.68,0.45,204,50,296,576,29.1,Black,Gandhinagar,Kharif,Castor
7.39,0.42,0.33,216,29,332,623,32.8,Black,Kutch,Kharif,Castor
7.88,0.27,0.36,164,39,293,640,26.9,Black,Navsari,Kharif,Castor
7.55,0.32,0.35,161,48,299,547,27.1,Black,Junagadh,Kharif,Castor
7.06,0.37,0.3,210,34,401,612,33.6,Black,Vadodara,Kharif,Castor
7.42,0.59,0.39,239,35,327,762,28.3,Black,Rajkot,Kharif,Castor
7.52,0.73,0.6,177,44,392,737,27.6,Black,Surendranagar,Kharif,Castor
7.26,0.4,0.46,212,40,321,420,34.1,Black,Junagadh,Kharif,Castor
7.11,0.24,0.32,189,49,420,594,29.4,Black,Vadodara,Kharif,Castor
7.77,0.57,0.58,238,48,306,679,30.4,Black,Navsari,Kharif,Castor
7.47,0.5,0.37,161,30,336,781,28.1,Black,Navsari,Kharif,Castor
8.01,0.25,0.43,249,39,284,712,32.6,Black,Ahmedabad,Kharif,Castor
7.97,0.42,0.53,241,49,260,615,33.4,Black,Anand,Kharif,Castor
7.13,0.56,0.36,198,39,424,649,30.1,Black,Anand,Kharif,Castor
6.93,0.72,0.57,237,42,314,503,31.3,Black,Bhavnagar,Kharif,Castor
7.88,0.27,0.36,240,26,253,511,32,Black,Junagadh,Kharif,Castor
7.67,0.35,0.52,215,30,372,776,32.2,Black,Surat,Kharif,Castor
7.76,0.75,0.54,156,31,270,740,26.1,Black,Ahmedabad,Kharif,Castor
7.19,0.46,0.41,214,33,371,660,33.1,Black,Bhavnagar,Kharif,Castor
8.07,0.57,0.46,215,34,339,656,31.6,Black,Banaskantha,Kharif,Castor
7.83,0.41,0.51,211,27,275,549,33.9,Black,Gandhinagar,Kharif,Castor
8.08,0.56,0.39,158,45,406,427,34.4,Black,Bharuch,Kharif,Castor
7.12,0.63,0.54,162,25,387,732,34.7,Black,Amreli,Kharif,Castor
7.87,0.6,0.59,200,41,358,677,34.7,Black,Amreli,Kharif,Castor
6.82,0.34,0.58,192,26,414,516,35,Black,Surendranagar,Kharif,Castor
7,0.26,0.38,171,26,437,626,35,Black,Anand,Kharif,Castor
6.93,0.68,0.36,172,43,322,707,29.4,Black,Junagadh,Kharif,Castor
7.15,0.79,0.53,203,47,268,415,30.9,Black,Bharuch,Kharif,Castor
7.81,0.49,0.39,190,31,383,617,30.9,Black,Rajkot,Kharif,Castor
7,0.65,0.43,212,37,288,458,34.5,Black,Vadodara,Kharif,Castor
7.22,0.39,0.53,185,48,308,461,29.1,Black,Surendranagar,Kharif,Castor
7.73,0.51,0.36,188,42,414,695,33.8,Black,Surat,Kharif,Castor
8.17,0.24,0.56,156,26,383,792,29,Black,Navsari,Kharif,Castor
6.87,0.67,0.56,185,28,423,630,26.3,Black,Bhavnagar,Kharif,Castor
7.15,0.73,0.54,242,32,305,439,27.8,Black,Navsari,Kharif,Castor
6.89,0.73,0.43,215,43,373,601,27.5,Black,Bharuch,Kharif,Castor
7.47,0.73,0.48,234,48,436,550,32.5,Black,Rajkot,Kharif,Castor
6.85,0.26,0.34,184,42,446,468,26.7,Black,Surendranagar,Kharif,Castor
6.92,0.49,0.4,152,48,375,750,31.1,Black,Rajkot,Kharif,Castor
7.11,0.36,0.32,243,33,400,599,33.3,Black,Bhavnagar,Kharif,Castor
7.7,0.58,0.33,200,37,293,646,26.8,Black,Gandhinagar,Kharif,Castor
6.87,0.45,0.58,218,47,360,798,30.6,Black,Anand,Kharif,Castor
7.88,0.71,0.43,197,47,442,629,30.2,Black,Rajkot,Kharif,Castor
7.05,0.55,0.47,174,47,417,709,33.1,Black,Ahmedabad,Kharif,Castor
7.81,0.49,0.5,246,40,413,405,26,Black,Kutch,Kharif,Castor
7.41,0.72,0.53,244,33,328,572,27.6,Black,Surat,Kharif,Castor
6.8,0.78,0.37,219,40,378,726,32.8,Black,Bharuch,Kharif,Castor
8.15,0.45,0.59,222,34,438,705,26.8,Black,Mehsana,Kharif,Castor
7.7,0.69,0.39,233,41,374,756,28.4,Black,Bhavnagar,Kharif,Castor
7.05,0.33,0.47,171,37,391,606,30.5,Black,Kutch,Kharif,Castor
7.76,0.48,0.41,244,50,375,672,29.3,Black,Vadodara,Kharif,Castor
7.48,0.62,0.42,191,31,251,696,27.3,Black,Navsari,Kharif,Castor
7.09,0.75,0.33,166,29,294,577,34.8,Black,Junagadh,Kharif,Castor
7.16,0.28,0.43,189,49,311,754,33.2,Black,Banaskantha,Kharif,Castor
7.19,0.74,0.41,244,45,414,627,28.1,Black,Bharuch,Kharif,Castor
7.6,0.6,0.43,172,29,418,529,30.4,Black,Junagadh,Kharif,Castor
7.08,0.53,0.54,214,26,373,435,26.5,Black,Navsari,Kharif,Castor
7.24,0.66,0.51,236,49,359,539,27,Black,Kutch,Kharif,Castor
7.62,0.56,0.55,228,40,404,525,31.9,Black,Bharuch,Kharif,Castor
7.91,0.66,0.37,175,48,300,669,30,Black,Mehsana,Kharif,Castor
7.52,0.53,0.54,216,43,385,476,29.1,Black,Gandhinagar,Kharif,Castor
7.09,0.72,0.43,218,28,346,578,27.6,Black,Surat,Kharif,Castor
7.27,0.49,0.55,227,47,411,715,28.1,Black,Surat,Kharif,Castor
7.83,0.42,0.33,227,41,256,592,34.5,Black,Surendranagar,Kharif,Castor
8.08,0.44,0.5,176,34,295,704,34.2,Black,Junagadh,Kharif,Castor
7.56,0.48,0.6,169,38,419,723,29.9,Black,Surendranagar,Kharif,Castor
6.88,0.44,0.44,206,50,448,675,33.7,Black,Kutch,Kharif,Castor
7.8,0.62,0.44,218,27,405,423,29.2,Black,Navsari,Kharif,Castor
8.07,0.5,0.54,222,32,305,416,29.3,Black,Navsari,Kharif,Castor
6.86,0.45,0.59,167,37,280,428,32.4,Black,Amreli,Kharif,Castor
7.19,0.53,0.44,174,37,339,455,30.8,Black,Bharuch,Kharif,Castor
7.65,0.57,0.55,246,37,270,508,27.3,Black,Junagadh,Kharif,Castor
7.36,0.77,0.59,173,33,369,606,33.6,Black,Gandhinagar,Kharif,Castor
7.87,0.68,0.5,216,35,258,405,30.2,Black,Anand,Kharif,Castor
7.12,0.59,0.51,217,49,252,413,31.2,Black,Ahmedabad,Kharif,Castor
8.06,0.76,0.47,250,47,318,730,33.2,Black,Bhavnagar,Kharif,Castor
6.82,0.4,0.56,228,25,329,657,32.8,Black,Vadodara,Kharif,Castor
7.81,0.49,0.38,186,50,332,520,34.9,Black,Banaskantha,Kharif,Castor
7.59,0.26,0.32,213,48,396,709,31.7,Black,Amreli,Kharif,Castor
7.01,0.28,0.43,198,48,422,443,32.8,Black,Surendranagar,Kharif,Castor
7.14,0.77,0.3,213,25,284,635,33,Black,Anand,Kharif,Castor
7.99,0.71,0.54,228,40,445,754,29.9,Black,Anand,Kharif,Castor
7.55,0.22,0.4,182,36,311,683,29.4,Black,Rajkot,Kharif,Castor
8.1,0.51,0.56,169,49,259,654,29.1,Black,Junagadh,Kharif,Castor
6.84,0.57,0.53,229,46,270,578,29.3,Black,Surendranagar,Kharif,Castor
7.6,0.72,0.57,170,29,316,531,28.9,Black,Vadodara,Kharif,Castor
7.06,0.31,0.33,245,42,407,558,28.5,Black,Surat,Kharif,Castor
7.67,0.66,0.47,233,27,364,605,31.1,Black,Surat,Kharif,Castor
8.11,0.34,0.32,205,43,333,700,34.2,Black,Junagadh,Kharif,Castor
7.29,0.6,0.53,226,36,431,433,26.1,Black,Anand,Kharif,Castor
7.94,0.45,0.33,250,27,285,665,33.7,Black,Junagadh,Kharif,Castor
7.79,0.5,0.33,208,31,256,751,29.4,Black,Anand,Kharif,Castor
7.54,0.24,0.39,219,39,382,698,31.4,Black,Amreli,Kharif,Castor
7.51,0.78,0.37,249,45,297,682,28.6,Black,Amreli,Kharif,Castor
6.9,0.42,0.4,156,42,298,780,27,Black,Amreli,Kharif,Castor
7.71,0.23,0.51,219,36,440,670,31.1,Black,Navsari,Kharif,Castor
7.66,0.53,0.46,184,33,253,704,33.9,Black,Vadodara,Kharif,Castor
8.19,0.48,0.49,173,40,414,426,32.2,Black,Navsari,Kharif,Castor
7.51,0.38,0.44,193,37,347,478,28,Black,Anand,Kharif,Castor
7.32,0.8,0.48,189,33,410,600,33.8,Black,Junagadh,Kharif,Castor
8,0.28,0.57,249,46,449,771,28,Black,Junagadh,Kharif,Castor
7.38,0.58,0.56,205,26,342,414,34.9,Black,Anand,Kharif,Castor
7.52,0.42,0.41,208,38,334,648,30.8,Black,Anand,Kharif,Castor
7.93,0.54,0.59,224,28,404,557,30.4,Black,Gandhinagar,Kharif,Castor
7.01,0.54,0.48,240,31,333,478,26.7,Black,Bharuch,Kharif,Castor
7.99,0.56,0.31,208,38,450,539,30.5,Black,Amreli,Kharif,Castor
7.15,0.59,0.35,162,27,411,697,26.4,Black,Kutch,Kharif,Castor
7.38,0.6,0.37,207,31,411,682,27,Black,Anand,Kharif,Castor
7.9,0.2,0.57,218,32,275,534,29.3,Black,Surat,Kharif,Castor
7.49,0.75,0.54,176,34,348,511,33.2,Black,Mehsana,Kharif,Castor
7.42,0.58,0.54,203,35,353,682,29.5,Black,Bhavnagar,Kharif,Castor
7.72,0.4,0.47,154,26,433,584,34.2,Black,Surendranagar,Kharif,Castor
8.03,0.65,0.46,191,40,345,427,34.2,Black,Navsari,Kharif,Castor
7.11,0.53,0.51,192,39,388,454,31,Black,Gandhinagar,Kharif,Castor
7.44,0.78,0.51,185,44,435,454,33.2,Black,Vadodara,Kharif,Castor
7.74,0.71,0.59,164,34,319,618,29.7,Black,Navsari,Kharif,Castor
6.95,0.26,0.3,202,36,356,472,34.2,Black,Ahmedabad,Kharif,Castor
7.55,0.42,0.56,190,46,335,520,33,Black,Surat,Kharif,Castor
7.5,0.68,0.43,196,44,408,580,31.6,Black,Amreli,Kharif,Castor
7.73,0.37,0.58,166,32,393,452,33.5,Black,Amreli,Kharif,Castor
7.33,0.78,0.45,189,44,415,455,30.7,Black,Rajkot,Kharif,Castor
7.24,0.73,0.46,179,37,305,764,29,Black,Kutch,Kharif,Castor
7.32,0.32,0.33,196,27,411,502,26.7,Black,Vadodara,Kharif,Castor
7.4,0.69,0.58,150,30,374,659,28.6,Black,Navsari,Kharif,Castor
7.23,0.79,0.47,174,39,293,783,27.6,Black,Gandhinagar,Kharif,Castor
7.87,0.25,0.51,202,42,291,487,29.1,Black,Kutch,Kharif,Castor
8.13,0.79,0.58,184,46,300,461,27.9,Black,Bhavnagar,Kharif,Castor
7.75,0.5,0.3,207,34,364,540,26.2,Black,Surat,Kharif,Castor
7.65,0.29,0.49,163,48,374,577,29.7,Black,Gandhinagar,Kharif,Castor
7.63,0.69,0.32,165,41,312,779,28.6,Black,Vadodara,Kharif,Castor
6.97,0.5,0.48,183,35,330,439,31.3,Black,Navsari,Kharif,Castor
6.95,0.75,0.45,205,32,329,680,28.3,Black,Ahmedabad,Kharif,Castor
7.98,0.25,0.44,233,46,347,528,31.5,Black,Navsari,Kharif,Castor
7.23,0.33,0.37,238,36,295,410,26.9,Black,Ahmedabad,Kharif,Castor
7.66,0.37,0.58,163,37,425,552,34.9,Black,Surendranagar,Kharif,Castor
7.46,0.31,0.43,216,33,251,770,31.6,Black,Navsari,Kharif,Castor
6.9,0.49,0.32,229,25,374,456,31.2,Black,Kutch,Kharif,Castor
6.94,0.77,0.57,163,34,399,583,26.9,Black,Vadodara,Kharif,Castor
7.55,0.31,0.45,177,37,390,418,34.6,Black,Amreli,Kharif,Castor
7.63,0.46,0.32,216,26,386,531,28.2,Black,Ahmedabad,Kharif,Castor
7.96,0.39,0.34,209,47,293,500,31.9,Black,Anand,Kharif,Castor
7.63,0.22,0.58,250,34,435,597,28.5,Black,Junagadh,Kharif,Castor
7.13,0.6,0.41,150,33,341,765,32.5,Black,Mehsana,Kharif,Castor
6.92,0.51,0.37,156,25,295,652,31.7,Black,Surat,Kharif,Castor
7.8,0.28,0.6,173,30,302,800,30.5,Black,Banaskantha,Kharif,Castor
8,0.24,0.55,168,45,348,422,29,Black,Navsari,Kharif,Castor
7.45,0.41,0.4,168,30,357,787,33.4,Black,Navsari,Kharif,Castor
7.63,0.23,0.54,247,36,303,688,30.2,Black,Bharuch,Kharif,Castor
7.23,0.42,0.36,234,36,407,700,29.9,Black,Ahmedabad,Kharif,Castor
6.88,0.43,0.32,153,44,393,718,32.4,Black,Gandhinagar,Kharif,Castor
7.16,0.21,0.39,183,45,428,524,27,Black,Navsari,Kharif,Castor
6.93,0.24,0.48,161,47,301,622,29.3,Black,Bhavnagar,Kharif,Castor
6.87,0.58,0.53,239,36,323,488,29.9,Black,Ahmedabad,Kharif,Castor
6.98,0.65,0.47,173,30,298,666,28.3,Black,Anand,Kharif,Castor
7.45,0.75,0.36,232,44,331,693,28.7,Black,Amreli,Kharif,Castor
7.26,0.58,0.38,212,35,295,705,28.4,Black,Gandhinagar,Kharif,Castor
7.3,0.42,0.33,215,49,381,744,34,Black,Ahmedabad,Kharif,Castor
7.08,0.31,0.45,204,36,447,632,26.5,Black,Bhavnagar,Kharif,Castor
6.8,0.3,0.49,181,32,414,789,34.4,Black,Vadodara,Kharif,Castor
7.9,0.58,0.5,183,30,268,554,28.6,Black,Anand,Kharif,Castor
7.91,0.37,0.53,192,49,450,632,28.6,Black,Banaskantha,Kharif,Castor
7.39,0.51,0.36,238,29,342,477,29.3,Black,Surat,Kharif,Castor
6.85,0.71,0.58,238,32,443,573,27.6,Black,Vadodara,Kharif,Castor
6.89,0.32,0.6,198,38,255,621,34.6,Black,Bhavnagar,Kharif,Castor
7.16,0.26,0.41,249,35,356,453,26.2,Black,Kutch,Kharif,Castor
8.07,0.22,0.36,152,30,295,452,32.4,Black,Banaskantha,Kharif,Castor
7.27,0.42,0.35,203,44,381,514,27.2,Black,Mehsana,Kharif,Castor
7.3,0.36,0.38,166,30,354,518,31.7,Black,Bhavnagar,Kharif,Castor
8.2,0.28,0.39,190,31,371,454,29,Black,Navsari,Kharif,Castor
7.25,0.7,0.42,219,39,376,681,30.5,Black,Bharuch,Kharif,Castor
7.96,0.25,0.34,195,49,405,451,27.9,Black,Mehsana,Kharif,Castor
7.22,0.32,0.35,237,37,298,572,29.2,Black,Ahmedabad,Kharif,Castor
7.66,0.22,0.36,199,48,394,761,27.7,Black,Surendranagar,Kharif,Castor
8.03,0.4,0.32,208,32,295,502,32.3,Black,Vadodara,Kharif,Castor
7.21,0.4,0.44,221,48,370,623,31.7,Black,Kutch,Kharif,Castor
7.33,0.73,0.56,192,38,322,411,34.9,Black,Junagadh,Kharif,Castor
7.67,0.66,0.46,215,44,270,707,32.5,Black,Gandhinagar,Kharif,Castor
7.77,0.46,0.58,200,43,396,710,31.1,Black,Banaskantha,Kharif,Castor
8.2,0.27,0.57,222,34,393,749,30.1,Black,Rajkot,Kharif,Castor
7.04,0.78,0.33,239,46,252,418,27.3,Black,Vadodara,Kharif,Castor
7.27,0.5,0.57,216,49,351,511,34.1,Black,Surat,Kharif,Castor
7.27,0.32,0.56,154,29,379,796,33.3,Black,Ahmedabad,Kharif,Castor
8.15,0.5,0.54,218,36,388,781,28.4,Black,Rajkot,Kharif,Castor
7.34,0.75,0.32,235,47,353,581,33.8,Black,Navsari,Kharif,Castor
7.78,0.35,0.44,250,44,353,775,29.3,Black,Bhavnagar,Kharif,Castor
7.08,0.21,0.41,213,27,419,423,34.4,Black,Kutch,Kharif,Castor
7.88,0.48,0.47,155,42,411,679,34.9,Black,Mehsana,Kharif,Castor
7.34,0.47,0.36,192,41,326,504,28.3,Black,Surat,Kharif,Castor
6.94,0.54,0.53,171,48,275,486,29.1,Black,Junagadh,Kharif,Castor
7.39,0.59,0.53,246,44,381,455,31,Black,Junagadh,Kharif,Castor
7.71,0.72,0.52,243,44,399,459,28.9,Black,Bhavnagar,Kharif,Castor
6.95,0.2,0.54,221,36,253,740,26.7,Black,Kutch,Kharif,Castor
7.17,0.58,0.51,226,47,352,512,33.1,Black,Rajkot,Kharif,Castor
8.04,0.3,0.42,207,29,331,754,28.4,Black,Bhavnagar,Kharif,Castor
7.6,0.72,0.39,177,44,435,603,26.1,Black,Amreli,Kharif,Castor
7.15,0.52,0.33,186,47,411,541,27.2,Black,Surendranagar,Kharif,Castor
7.6,0.62,0.52,201,41,416,572,32.8,Black,Gandhinagar,Kharif,Castor
7.91,0.77,0.43,172,25,395,450,30.9,Black,Amreli,Kharif,Castor
7.01,0.67,0.53,199,28,316,481,33,Black,Banaskantha,Kharif,Castor
7.93,0.2,0.3,247,39,400,761,26.1,Black,Kutch,Kharif,Castor
7.15,0.72,0.33,237,35,409,439,26.7,Black,Kutch,Kharif,Castor
7.1,0.27,0.32,235,36,302,522,30.5,Black,Junagadh,Kharif,Castor
7.54,0.23,0.57,180,39,445,645,34.3,Black,Amreli,Kharif,Castor
7.88,0.32,0.33,167,26,425,458,28.9,Black,Surat,Kharif,Castor
6.83,0.32,0.56,193,37,397,612,28.4,Black,Surendranagar,Kharif,Castor
8.06,0.31,0.57,158,28,341,446,31.4,Black,Banaskantha,Kharif,Castor
7.21,0.52,0.54,188,30,286,611,31.9,Black,Rajkot,Kharif,Castor
7.32,0.73,0.31,228,25,302,728,34.7,Black,Bhavnagar,Kharif,Castor
7.6,0.35,0.41,198,45,337,500,33.7,Black,Ahmedabad,Kharif,Castor
7.49,0.32,0.39,240,31,334,442,32.7,Black,Vadodara,Kharif,Castor
7.04,0.51,0.49,177,29,333,751,27.9,Black,Mehsana,Kharif,Castor
7.72,0.64,0.55,226,39,445,713,31.1,Black,Banaskantha,Kharif,Castor
7.99,0.41,0.43,190,42,311,728,28,Black,Rajkot,Kharif,Castor
7.74,0.5,0.59,199,34,251,621,28.6,Black,Surat,Kharif,Castor
8.1,0.77,0.52,159,35,321,420,27.4,Black,Gandhinagar,Kharif,Castor
7.5,0.21,0.58,192,25,277,604,27.8,Black,Kutch,Kharif,Castor
6.83,0.31,0.38,164,33,276,408,32.1,Black,Ahmedabad,Kharif,Castor
8.13,0.58,0.36,202,34,292,637,34.4,Black,Amreli,Kharif,Castor
8.08,0.44,0.58,237,35,322,503,29.5,Black,Mehsana,Kharif,Castor
7.71,0.66,0.48,205,40,418,556,29.5,Black,Ahmedabad,Kharif,Castor
7.63,0.45,0.36,250,27,426,519,27.9,Black,Gandhinagar,Kharif,Castor
7.66,0.54,0.54,242,42,284,448,33.5,Black,Amreli,Kharif,Castor
7.7,0.45,0.56,165,44,395,597,26.6,Black,Banaskantha,Kharif,Castor
6.93,0.52,0.34,244,39,340,616,34.6,Black,Bhavnagar,Kharif,Castor
6.86,0.33,0.38,191,47,288,603,26.3,Black,Mehsana,Kharif,Castor
8.03,0.7,0.59,208,43,330,763,29.6,Black,Bharuch,Kharif,Castor
6.92,0.21,0.57,198,27,422,588,31.5,Black,Amreli,Kharif,Castor
7.82,0.77,0.44,226,26,390,658,29,Black,Ahmedabad,Kharif,Castor
7.6,0.31,0.54,248,32,323,776,32.7,Black,Bhavnagar,Kharif,Castor
7.97,0.64,0.53,159,27,297,425,27.2,Black,Junagadh,Kharif,Castor
7.96,0.59,0.57,217,45,342,726,31.2,Black,Bhavnagar,Kharif,Castor
8.02,0.26,0.51,225,45,289,418,30.2,Black,Surat,Kharif,Castor
6.86,0.32,0.41,220,29,306,514,31.2,Black,Rajkot,Kharif,Castor
6.95,0.27,0.37,247,44,399,654,32.9,Black,Surendranagar,Kharif,Castor
7.91,0.52,0.5,227,30,362,682,34.9,Black,Gandhinagar,Kharif,Castor
8.12,0.69,0.37,150,45,391,765,28.6,Black,Banaskantha,Kharif,Castor
7.88,0.69,0.53,202,35,276,555,28.3,Black,Bharuch,Kharif,Castor
7.51,0.4,0.38,153,37,289,411,29.4,Black,Navsari,Kharif,Castor
7.75,0.78,0.47,188,50,394,714,31.6,Black,Amreli,Kharif,Castor
6.87,0.71,0.45,158,31,252,788,26,Black,Surat,Kharif,Castor
8.09,0.33,0.34,187,27,398,761,30.9,Black,Bhavnagar,Kharif,Castor
8.14,0.46,0.42,174,25,410,572,35,Black,Bharuch,Kharif,Castor
8.13,0.54,0.4,186,34,311,487,30,Black,Banaskantha,Kharif,Castor
7.58,0.59,0.3,240,41,321,732,28.4,Black,Bharuch,Kharif,Castor
7.9,0.25,0.41,177,46,354,491,28.5,Black,Mehsana,Kharif,Castor
7.84,0.66,0.59,164,45,416,619,28.1,Black,Mehsana,Kharif,Castor
6.95,0.49,0.59,244,35,373,764,32,Black,Junagadh,Kharif,Castor
7.14,0.45,0.35,203,48,335,707,28.4,Black,Amreli,Kharif,Castor
7.3,0.73,0.46,217,36,271,620,28.1,Black,Mehsana,Kharif,Castor
6.9,0.68,0.42,250,49,321,765,29.9,Black,Bharuch,Kharif,Castor
7.47,0.69,0.35,229,26,275,797,26.5,Black,Anand,Kharif,Castor
7.65,0.26,0.4,248,46,337,750,27.1,Black,Mehsana,Kharif,Castor
7.31,0.25,0.34,156,28,323,596,26.4,Black,Bharuch,Kharif,Castor
7.84,0.35,0.4,250,43,351,660,27.5,Black,Rajkot,Kharif,Castor
7.9,0.78,0.46,167,47,312,572,29.9,Black,Ahmedabad,Kharif,Castor
7.49,0.43,0.31,207,28,351,687,31.2,Black,Mehsana,Kharif,Castor
8.05,0.53,0.38,209,41,447,751,33.1,Black,Mehsana,Kharif,Castor
6.91,0.57,0.55,218,32,328,655,32,Black,Bhavnagar,Kharif,Castor
6.86,0.78,0.3,247,48,433,530,30.3,Black,Kutch,Kharif,Castor
7.58,0.31,0.46,162,31,279,760,26.7,Black,Anand,Kharif,Castor
7.52,0.39,0.57,161,48,327,777,28.1,Black,Bharuch,Kharif,Castor
7.21,0.43,0.44,230,43,325,475,33.2,Black,Surat,Kharif,Castor
7.22,0.76,0.53,247,25,273,702,30.1,Black,Surat,Kharif,Castor
7.19,0.2,0.38,229,36,272,741,26.8,Black,Surat,Kharif,Castor
6.84,0.67,0.56,159,40,251,598,32.3,Black,Ahmedabad,Kharif,Castor
7.76,0.44,0.52,202,34,426,675,32.1,Black,Bharuch,Kharif,Castor
7.46,0.12,0.64,212,34,385,458,27.2,Loam,Mehsana,Rabi,Chickpea
6.66,0.33,0.56,167,37,321,430,28.8,Loam,Vadodara,Rabi,Chickpea
7.05,0.19,0.77,213,54,368,387,19,Loam,Bharuch,Rabi,Chickpea
7.36,0.61,0.66,201,34,256,662,29.7,Loam,Ahmedabad,Rabi,Chickpea
6.51,0.5,0.51,236,59,325,356,23.7,Loam,Anand,Rabi,Chickpea
6.79,0.64,0.41,206,31,349,516,29.9,Loam,Surat,Rabi,Chickpea
7.73,0.18,0.68,196,55,392,594,20.6,Loam,Mehsana,Rabi,Chickpea
7.91,0.54,0.77,233,31,328,546,18.5,Loam,Bhavnagar,Rabi,Chickpea
7.18,0.6,0.72,203,40,349,477,22.6,Loam,Rajkot,Rabi,Chickpea
7.52,0.29,0.56,208,33,335,534,27.3,Loam,Rajkot,Rabi,Chickpea
7.73,0.18,0.77,152,33,383,652,25.9,Loam,Kutch,Rabi,Chickpea
7.29,0.44,0.71,222,43,375,623,25.1,Loam,Bharuch,Rabi,Chickpea
7.92,0.35,0.54,193,34,338,535,23.1,Loam,Junagadh,Rabi,Chickpea
7.57,0.65,0.8,180,36,338,610,27.6,Loam,Mehsana,Rabi,Chickpea
6.57,0.41,0.43,205,51,382,679,29.5,Loam,Anand,Rabi,Chickpea
6.88,0.27,0.46,225,49,376,576,22.5,Loam,Anand,Rabi,Chickpea
7.8,0.51,0.4,180,37,399,578,24.8,Loam,Junagadh,Rabi,Chickpea
7.35,0.27,0.42,212,59,357,476,24.6,Loam,Rajkot,Rabi,Chickpea
7.84,0.13,0.54,192,53,250,375,28,Loam,Mehsana,Rabi,Chickpea
7.23,0.5,0.73,226,31,333,612,18.7,Loam,Bhavnagar,Rabi,Chickpea
7.4,0.1,0.56,200,49,267,698,25.1,Loam,Mehsana,Rabi,Chickpea
7.65,0.56,0.57,184,46,388,396,22.6,Loam,Banaskantha,Rabi,Chickpea
7.86,0.35,0.57,174,42,363,643,29.6,Loam,Gandhinagar,Rabi,Chickpea
7.88,0.37,0.47,202,52,396,661,21.6,Loam,Bhavnagar,Rabi,Chickpea
7.08,0.16,0.74,240,47,368,576,24.5,Loam,Kutch,Rabi,Chickpea
7.45,0.16,0.46,191,56,291,527,27,Loam,Junagadh,Rabi,Chickpea
7.04,0.58,0.72,210,40,336,320,21.9,Loam,Navsari,Rabi,Chickpea
6.94,0.59,0.43,218,47,348,526,24.2,Loam,Anand,Rabi,Chickpea
6.54,0.24,0.63,223,36,384,536,18.7,Loam,Anand,Rabi,Chickpea
7.57,0.28,0.47,162,37,320,619,27.8,Loam,Surat,Rabi,Chickpea
7.33,0.63,0.47,234,54,269,459,18.2,Loam,Amreli,Rabi,Chickpea
6.97,0.42,0.67,175,55,341,525,29.1,Loam,Surat,Rabi,Chickpea
7.12,0.2,0.77,179,31,378,638,24.8,Loam,Navsari,Rabi,Chickpea
6.98,0.28,0.56,214,39,313,689,20.1,Loam,Bhavnagar,Rabi,Chickpea
7.91,0.13,0.77,191,39,349,587,23,Loam,Gandhinagar,Rabi,Chickpea
7.7,0.5,0.42,210,48,250,593,25.4,Loam,Ahmedabad,Rabi,Chickpea
7.17,0.14,0.41,223,41,280,347,27,Loam,Bhavnagar,Rabi,Chickpea
7.76,0.34,0.79,190,45,351,368,18.8,Loam,Amreli,Rabi,Chickpea
7.29,0.31,0.7,225,52,337,491,18.3,Loam,Bharuch,Rabi,Chickpea
6.89,0.26,0.54,198,51,310,321,29.3,Loam,Bhavnagar,Rabi,Chickpea
7.17,0.19,0.55,169,55,297,311,20,Loam,Vadodara,Rabi,Chickpea
7.31,0.21,0.77,177,48,255,464,20.3,Loam,Rajkot,Rabi,Chickpea
7.62,0.49,0.68,239,53,257,640,23.5,Loam,Kutch,Rabi,Chickpea
7.75,0.19,0.69,216,49,299,697,19.7,Loam,Surendranagar,Rabi,Chickpea
7.89,0.65,0.57,210,49,319,492,22.7,Loam,Surat,Rabi,Chickpea
7.75,0.27,0.79,187,46,322,379,23,Loam,Surendranagar,Rabi,Chickpea
7.23,0.32,0.75,186,43,338,571,22.1,Loam,Mehsana,Rabi,Chickpea
7.06,0.59,0.55,239,48,295,441,19.7,Loam,Navsari,Rabi,Chickpea
7.08,0.51,0.74,228,51,393,485,19.1,Loam,Amreli,Rabi,Chickpea
6.78,0.41,0.79,176,40,277,344,24.6,Loam,Mehsana,Rabi,Chickpea
7.09,0.26,0.65,185,39,393,544,26,Loam,Navsari,Rabi,Chickpea
7.17,0.34,0.48,207,51,269,309,20.3,Loam,Anand,Rabi,Chickpea
7.66,0.7,0.73,213,45,395,514,29.6,Loam,Kutch,Rabi,Chickpea
7.31,0.58,0.67,206,51,322,673,29,Loam,Vadodara,Rabi,Chickpea
7.53,0.12,0.73,191,45,386,451,22.8,Loam,Anand,Rabi,Chickpea
6.6,0.23,0.71,192,32,386,669,22.9,Loam,Bharuch,Rabi,Chickpea
6.67,0.24,0.45,187,58,268,646,28.3,Loam,Kutch,Rabi,Chickpea
7.42,0.48,0.59,156,47,360,638,24.1,Loam,Bharuch,Rabi,Chickpea
6.66,0.48,0.57,202,55,263,352,23.9,Loam,Banaskantha,Rabi,Chickpea
6.86,0.35,0.41,238,40,344,654,28.4,Loam,Ahmedabad,Rabi,Chickpea
6.96,0.54,0.51,199,60,345,471,19.9,Loam,Bhavnagar,Rabi,Chickpea
7.23,0.37,0.72,175,59,331,358,22.6,Loam,Amreli,Rabi,Chickpea
6.51,0.59,0.46,209,52,281,342,20.6,Loam,Mehsana,Rabi,Chickpea
6.58,0.19,0.7,226,46,263,316,26.6,Loam,Gandhinagar,Rabi,Chickpea
7.96,0.29,0.74,196,44,374,426,21.5,Loam,Amreli,Rabi,Chickpea
7.34,0.24,0.64,174,34,266,581,27.5,Loam,Ahmedabad,Rabi,Chickpea
7.09,0.59,0.8,229,46,313,483,25.1,Loam,Mehsana,Rabi,Chickpea
6.91,0.46,0.73,213,36,285,595,29.8,Loam,Surendranagar,Rabi,Chickpea
6.97,0.26,0.53,168,45,277,631,20.3,Loam,Kutch,Rabi,Chickpea
6.72,0.65,0.56,228,46,320,478,24.8,Loam,Banaskantha,Rabi,Chickpea
6.59,0.34,0.73,223,39,369,568,20.4,Loam,Anand,Rabi,Chickpea
7.13,0.65,0.57,201,53,334,557,28.7,Loam,Amreli,Rabi,Chickpea
7.98,0.26,0.52,181,32,286,672,24.4,Loam,Bharuch,Rabi,Chickpea
6.71,0.66,0.63,172,44,328,599,20.9,Loam,Banaskantha,Rabi,Chickpea
7.27,0.51,0.46,154,35,268,474,25.9,Loam,Kutch,Rabi,Chickpea
7.53,0.31,0.48,215,38,258,466,21.5,Loam,Bhavnagar,Rabi,Chickpea
7.08,0.3,0.8,212,30,250,692,24.4,Loam,Gandhinagar,Rabi,Chickpea
7.21,0.15,0.42,155,36,295,381,29.6,Loam,Junagadh,Rabi,Chickpea
7.21,0.27,0.75,215,53,323,422,19.9,Loam,Navsari,Rabi,Chickpea
7.82,0.29,0.51,231,37,269,697,18.7,Loam,Amreli,Rabi,Chickpea
6.83,0.24,0.77,195,55,315,424,23.4,Loam,Surendranagar,Rabi,Chickpea
7.22,0.13,0.54,193,47,294,339,25.5,Loam,Bharuch,Rabi,Chickpea
7.01,0.68,0.57,169,34,319,405,19.1,Loam,Kutch,Rabi,Chickpea
7.5,0.15,0.54,196,60,378,556,25.4,Loam,Bhavnagar,Rabi,Chickpea
7.43,0.51,0.41,219,33,318,356,19.5,Loam,Gandhinagar,Rabi,Chickpea
6.53,0.35,0.76,208,45,297,453,21,Loam,Navsari,Rabi,Chickpea
7.6,0.67,0.53,227,60,362,335,19.2,Loam,Vadodara,Rabi,Chickpea
7.71,0.52,0.57,217,56,374,407,19.4,Loam,Amreli,Rabi,Chickpea
6.95,0.33,0.52,226,53,359,418,24.9,Loam,Ahmedabad,Rabi,Chickpea
7.29,0.32,0.49,162,55,253,593,18.2,Loam,Mehsana,Rabi,Chickpea
7.52,0.4,0.59,198,36,297,655,27.6,Loam,Junagadh,Rabi,Chickpea
7.76,0.39,0.43,169,42,328,394,19.3,Loam,Amreli,Rabi,Chickpea
6.85,0.57,0.73,216,60,390,315,23.9,Loam,Ahmedabad,Rabi,Chickpea
7.9,0.63,0.69,189,48,376,321,22.5,Loam,Banaskantha,Rabi,Chickpea
7.57,0.1,0.69,230,33,394,507,26,Loam,Surat,Rabi,Chickpea
7.62,0.7,0.5,202,34,298,597,22,Loam,Amreli,Rabi,Chickpea
6.61,0.15,0.45,215,45,251,651,18.5,Loam,Junagadh,Rabi,Chickpea
7.31,0.18,0.45,157,41,310,367,27,Loam,Mehsana,Rabi,Chickpea
7.38,0.45,0.54,156,46,396,570,18.4,Loam,Ahmedabad,Rabi,Chickpea
6.61,0.37,0.73,151,57,273,446,23.6,Loam,Navsari,Rabi,Chickpea
7.71,0.59,0.76,228,53,275,693,19.5,Loam,Surat,Rabi,Chickpea
7.35,0.57,0.57,157,53,353,563,24.4,Loam,Gandhinagar,Rabi,Chickpea
7.58,0.57,0.47,175,33,358,310,20.9,Loam,Junagadh,Rabi,Chickpea
6.73,0.28,0.75,151,42,301,364,26.9,Loam,Surendranagar,Rabi,Chickpea
7.54,0.5,0.46,185,59,272,638,29.6,Loam,Banaskantha,Rabi,Chickpea
7.72,0.57,0.65,190,43,326,495,24.4,Loam,Gandhinagar,Rabi,Chickpea
7.09,0.48,0.66,182,43,280,442,20,Loam,Junagadh,Rabi,Chickpea
6.53,0.66,0.73,239,33,304,689,29.3,Loam,Navsari,Rabi,Chickpea
6.79,0.41,0.6,162,30,371,423,24.1,Loam,Surat,Rabi,Chickpea
7.94,0.19,0.74,234,51,388,653,20.7,Loam,Ahmedabad,Rabi,Chickpea
7.67,0.64,0.66,168,57,303,668,20.8,Loam,Junagadh,Rabi,Chickpea
6.67,0.27,0.59,201,41,368,575,30,Loam,Rajkot,Rabi,Chickpea
6.56,0.49,0.41,194,49,272,362,24.4,Loam,Amreli,Rabi,Chickpea
7.47,0.26,0.64,180,49,305,620,29.5,Loam,Mehsana,Rabi,Chickpea
7.5,0.15,0.42,200,48,349,415,19,Loam,Bhavnagar,Rabi,Chickpea
7.02,0.31,0.61,233,30,378,546,22.4,Loam,Gandhinagar,Rabi,Chickpea
6.99,0.67,0.48,215,59,307,676,26.7,Loam,Surat,Rabi,Chickpea
7.24,0.5,0.62,185,38,349,574,29.2,Loam,Junagadh,Rabi,Chickpea
6.66,0.22,0.62,181,46,343,666,29.9,Loam,Anand,Rabi,Chickpea
6.66,0.66,0.47,178,35,353,678,21.4,Loam,Gandhinagar,Rabi,Chickpea
6.57,0.38,0.72,207,37,308,549,25.9,Loam,Junagadh,Rabi,Chickpea
7.13,0.22,0.42,187,55,394,549,19,Loam,Banaskantha,Rabi,Chickpea
6.85,0.48,0.61,199,35,373,539,21.8,Loam,Ahmedabad,Rabi,Chickpea
7.54,0.28,0.6,228,56,349,305,25.3,Loam,Ahmedabad,Rabi,Chickpea
7.1,0.6,0.43,221,35,390,595,19.6,Loam,Bhavnagar,Rabi,Chickpea
6.53,0.39,0.6,188,37,342,587,27.7,Loam,Banaskantha,Rabi,Chickpea
7.24,0.23,0.48,198,36,278,434,24.9,Loam,Mehsana,Rabi,Chickpea
7.44,0.34,0.63,216,51,353,361,25.9,Loam,Kutch,Rabi,Chickpea
7.09,0.36,0.5,190,51,320,602,29.5,Loam,Kutch,Rabi,Chickpea
7.53,0.2,0.57,222,58,396,640,19.8,Loam,Mehsana,Rabi,Chickpea
7.66,0.13,0.48,194,47,265,639,26.4,Loam,Vadodara,Rabi,Chickpea
7.11,0.69,0.5,187,49,274,668,28.3,Loam,Mehsana,Rabi,Chickpea
7.28,0.61,0.52,221,59,389,422,29.1,Loam,Gandhinagar,Rabi,Chickpea
7.59,0.2,0.58,206,46,303,447,18.6,Loam,Amreli,Rabi,Chickpea
7.91,0.4,0.78,161,42,371,344,28.8,Loam,Gandhinagar,Rabi,Chickpea
7.5,0.17,0.49,155,35,263,551,28.5,Loam,Rajkot,Rabi,Chickpea
7.25,0.29,0.7,183,33,371,620,25.4,Loam,Kutch,Rabi,Chickpea
7.29,0.11,0.42,151,58,273,416,20.9,Loam,Bhavnagar,Rabi,Chickpea
6.68,0.59,0.64,182,59,252,340,19.1,Loam,Anand,Rabi,Chickpea
7.68,0.49,0.46,195,51,392,671,28.6,Loam,Gandhinagar,Rabi,Chickpea
7.65,0.66,0.51,181,50,364,663,23,Loam,Vadodara,Rabi,Chickpea
7.07,0.41,0.77,189,43,393,593,28.7,Loam,Surendranagar,Rabi,Chickpea
7.53,0.43,0.73,176,59,351,468,25.5,Loam,Navsari,Rabi,Chickpea
7.23,0.13,0.8,225,33,324,563,23.5,Loam,Banaskantha,Rabi,Chickpea
6.78,0.5,0.7,215,55,307,414,29.3,Loam,Anand,Rabi,Chickpea
7.62,0.31,0.45,210,47,398,493,24.5,Loam,Amreli,Rabi,Chickpea
7.07,0.35,0.65,165,42,396,590,28.5,Loam,Anand,Rabi,Chickpea
7.18,0.12,0.74,231,43,346,481,23.5,Loam,Surendranagar,Rabi,Chickpea
7.31,0.35,0.74,207,44,331,607,28.9,Loam,Gandhinagar,Rabi,Chickpea
7.15,0.23,0.67,230,46,254,320,28.8,Loam,Junagadh,Rabi,Chickpea
7.6,0.35,0.45,233,53,313,699,23.7,Loam,Banaskantha,Rabi,Chickpea
6.86,0.38,0.51,161,59,294,522,24,Loam,Anand,Rabi,Chickpea
7.01,0.13,0.5,219,58,344,433,28.1,Loam,Bhavnagar,Rabi,Chickpea
7.62,0.32,0.43,208,58,303,369,18.8,Loam,Junagadh,Rabi,Chickpea
7.46,0.41,0.58,221,48,292,621,24.1,Loam,Amreli,Rabi,Chickpea
7.97,0.57,0.78,225,51,338,470,27.3,Loam,Ahmedabad,Rabi,Chickpea
7.43,0.23,0.6,218,36,377,650,18.4,Loam,Anand,Rabi,Chickpea
7.54,0.46,0.69,203,34,298,650,25.9,Loam,Vadodara,Rabi,Chickpea
7.61,0.23,0.52,229,32,394,551,21.7,Loam,Junagadh,Rabi,Chickpea
7.46,0.68,0.51,200,45,281,357,26.4,Loam,Navsari,Rabi,Chickpea
7.41,0.48,0.73,198,37,315,403,23.1,Loam,Banaskantha,Rabi,Chickpea
6.88,0.35,0.46,239,54,350,533,20.1,Loam,Mehsana,Rabi,Chickpea
7.41,0.2,0.67,157,32,313,373,28.2,Loam,Anand,Rabi,Chickpea
7.78,0.35,0.42,236,57,269,561,23.6,Loam,Rajkot,Rabi,Chickpea
6.51,0.57,0.69,223,55,290,666,28.7,Loam,Bharuch,Rabi,Chickpea
6.62,0.41,0.64,235,30,288,388,18.9,Loam,Mehsana,Rabi,Chickpea
7.37,0.34,0.53,174,59,329,497,19.3,Loam,Gandhinagar,Rabi,Chickpea
6.86,0.15,0.79,240,38,272,442,22.9,Loam,Vadodara,Rabi,Chickpea
6.95,0.15,0.79,181,57,302,474,22.4,Loam,Ahmedabad,Rabi,Chickpea
7.69,0.55,0.7,161,41,355,507,20.3,Loam,Ahmedabad,Rabi,Chickpea
6.8,0.41,0.69,215,42,335,309,18.7,Loam,Navsari,Rabi,Chickpea
6.81,0.21,0.72,233,30,266,590,19.1,Loam,Surat,Rabi,Chickpea
7.1,0.38,0.72,233,43,359,620,27.4,Loam,Gandhinagar,Rabi,Chickpea
7.26,0.16,0.74,183,32,329,475,19.8,Loam,Mehsana,Rabi,Chickpea
7.9,0.26,0.63,237,56,330,410,22.2,Loam,Banaskantha,Rabi,Chickpea
6.53,0.26,0.79,159,56,383,441,18.5,Loam,Surat,Rabi,Chickpea
7.4,0.46,0.5,201,41,275,699,28.9,Loam,Surendranagar,Rabi,Chickpea
7.18,0.13,0.52,233,48,276,388,23.2,Loam,Bharuch,Rabi,Chickpea
6.85,0.41,0.7,153,53,393,350,24.9,Loam,Kutch,Rabi,Chickpea
6.53,0.13,0.64,199,57,304,422,24.8,Loam,Kutch,Rabi,Chickpea
6.87,0.67,0.56,190,48,306,368,28.5,Loam,Vadodara,Rabi,Chickpea
7.23,0.57,0.44,238,57,293,662,21.5,Loam,Amreli,Rabi,Chickpea
7.27,0.55,0.71,150,58,256,518,20.1,Loam,Bharuch,Rabi,Chickpea
7.3,0.41,0.76,233,49,293,437,22.4,Loam,Gandhinagar,Rabi,Chickpea
7.36,0.4,0.56,237,52,396,523,18.1,Loam,Rajkot,Rabi,Chickpea
7.21,0.47,0.77,169,37,308,660,21.9,Loam,Surat,Rabi,Chickpea
7.6,0.32,0.43,197,37,340,521,20,Loam,Bhavnagar,Rabi,Chickpea
6.71,0.29,0.54,231,30,319,667,29.2,Loam,Banaskantha,Rabi,Chickpea
6.88,0.26,0.58,213,32,359,581,20,Loam,Rajkot,Rabi,Chickpea
7.3,0.18,0.51,220,35,274,504,20.3,Loam,Banaskantha,Rabi,Chickpea
7.23,0.23,0.57,232,39,362,418,19.7,Loam,Surat,Rabi,Chickpea
7.86,0.67,0.5,205,36,365,584,26.7,Loam,Mehsana,Rabi,Chickpea
7.62,0.2,0.5,187,40,284,566,27.3,Loam,Gandhinagar,Rabi,Chickpea
7.02,0.1,0.5,186,52,273,526,23.1,Loam,Navsari,Rabi,Chickpea
6.9,0.1,0.58,188,51,258,497,26.3,Loam,Bharuch,Rabi,Chickpea
7.02,0.21,0.5,166,38,326,437,26,Loam,Navsari,Rabi,Chickpea
7.59,0.17,0.78,197,40,251,685,24.6,Loam,Gandhinagar,Rabi,Chickpea
6.98,0.59,0.6,219,55,280,680,21.9,Loam,Junagadh,Rabi,Chickpea
7.87,0.35,0.54,150,33,359,388,20.2,Loam,Surat,Rabi,Chickpea
7.49,0.37,0.8,183,49,323,580,29.1,Loam,Navsari,Rabi,Chickpea
7.28,0.45,0.45,164,41,294,565,28.5,Loam,Junagadh,Rabi,Chickpea
6.98,0.35,0.45,156,57,393,324,24.1,Loam,Bhavnagar,Rabi,Chickpea
7.21,0.4,0.4,214,46,296,387,30,Loam,Vadodara,Rabi,Chickpea
6.77,0.17,0.66,225,38,286,400,25.6,Loam,Gandhinagar,Rabi,Chickpea
7.35,0.23,0.69,212,57,398,366,25,Loam,Amreli,Rabi,Chickpea
6.97,0.11,0.72,171,35,372,606,24.7,Loam,Anand,Rabi,Chickpea
7.04,0.38,0.79,223,56,381,569,21,Loam,Surendranagar,Rabi,Chickpea
6.82,0.36,0.41,172,56,293,453,18.6,Loam,Anand,Rabi,Chickpea
7.47,0.38,0.41,179,45,386,353,23.9,Loam,Junagadh,Rabi,Chickpea
7.84,0.43,0.46,198,30,379,561,28.7,Loam,Anand,Rabi,Chickpea
7.36,0.67,0.42,191,33,341,343,27.4,Loam,Kutch,Rabi,Chickpea
7.79,0.35,0.55,155,30,396,598,25.5,Loam,Bhavnagar,Rabi,Chickpea
6.93,0.27,0.44,206,33,345,598,28.8,Loam,Ahmedabad,Rabi,Chickpea
6.94,0.65,0.69,181,45,282,656,22.1,Loam,Bharuch,Rabi,Chickpea
6.66,0.29,0.63,214,38,383,653,20.4,Loam,Bhavnagar,Rabi,Chickpea
6.7,0.44,0.67,206,47,359,621,23.9,Loam,Navsari,Rabi,Chickpea
7.97,0.7,0.74,222,52,336,644,25.5,Loam,Bharuch,Rabi,Chickpea
7.23,0.57,0.52,235,57,377,326,18.5,Loam,Banaskantha,Rabi,Chickpea
7.72,0.55,0.68,156,37,343,396,20.6,Loam,Surendranagar,Rabi,Chickpea
7.02,0.19,0.65,210,35,301,436,18.1,Loam,Bharuch,Rabi,Chickpea
7.45,0.32,0.61,219,50,361,515,21,Loam,Kutch,Rabi,Chickpea
7.47,0.5,0.62,157,42,278,332,22.1,Loam,Anand,Rabi,Chickpea
7.85,0.17,0.74,239,46,378,617,27.7,Loam,Banaskantha,Rabi,Chickpea
7.56,0.17,0.46,240,42,333,643,25,Loam,Gandhinagar,Rabi,Chickpea
6.81,0.34,0.56,189,47,280,442,20.7,Loam,Bharuch,Rabi,Chickpea
7.18,0.26,0.8,150,52,273,590,24.6,Loam,Anand,Rabi,Chickpea
6.66,0.64,0.5,171,35,320,438,20.8,Loam,Vadodara,Rabi,Chickpea
7.66,0.68,0.63,190,32,381,611,25.5,Loam,Kutch,Rabi,Chickpea
7.37,0.4,0.67,191,32,365,606,19.4,Loam,Anand,Rabi,Chickpea
6.86,0.45,0.76,155,58,304,438,22.4,Loam,Mehsana,Rabi,Chickpea
7.93,0.22,0.79,186,49,319,325,24.3,Loam,Junagadh,Rabi,Chickpea
7.93,0.35,0.53,228,47,273,608,24.4,Loam,Surat,Rabi,Chickpea
7.9,0.7,0.48,200,45,400,688,20,Loam,Navsari,Rabi,Chickpea
6.53,0.65,0.68,240,31,364,477,18,Loam,Kutch,Rabi,Chickpea
7.92,0.27,0.61,157,42,364,356,18.7,Loam,Gandhinagar,Rabi,Chickpea
7.44,0.32,0.41,191,49,291,313,24.5,Loam,Surat,Rabi,Chickpea
7.59,0.27,0.51,238,41,386,400,25.1,Loam,Mehsana,Rabi,Chickpea
7.05,0.61,0.57,192,38,394,425,21.1,Loam,Mehsana,Rabi,Chickpea
6.66,0.19,0.8,216,47,381,674,19.5,Loam,Kutch,Rabi,Chickpea
7.88,0.48,0.62,198,52,311,390,18.7,Loam,Junagadh,Rabi,Chickpea
7.44,0.23,0.6,217,33,368,678,23.1,Loam,Bhavnagar,Rabi,Chickpea
6.76,0.3,0.61,164,32,279,384,26.9,Loam,Ahmedabad,Rabi,Chickpea
6.65,0.32,0.44,153,44,378,436,21.7,Loam,Ahmedabad,Rabi,Chickpea
7.2,0.57,0.72,152,31,315,637,29.3,Loam,Banaskantha,Rabi,Chickpea
7.17,0.35,0.6,173,40,315,452,28.5,Loam,Bharuch,Rabi,Chickpea
7.98,0.44,0.79,195,32,350,332,21.1,Loam,Anand,Rabi,Chickpea
6.6,0.6,0.68,153,52,400,310,22,Loam,Navsari,Rabi,Chickpea
7.78,0.35,0.66,197,34,278,515,22.2,Loam,Anand,Rabi,Chickpea
7.66,0.59,0.49,224,58,262,534,28.8,Loam,Bhavnagar,Rabi,Chickpea
7.1,0.31,0.46,182,50,326,393,18.2,Loam,Rajkot,Rabi,Chickpea
7.76,0.56,0.59,225,45,252,507,29.1,Loam,Bharuch,Rabi,Chickpea
7.34,0.16,0.45,197,54,264,542,23.3,Loam,Ahmedabad,Rabi,Chickpea
6.84,0.13,0.72,203,53,380,324,28.5,Loam,Amreli,Rabi,Chickpea
7.19,0.56,0.57,171,36,308,483,20.2,Loam,Junagadh,Rabi,Chickpea
6.63,0.7,0.78,172,57,356,475,22,Loam,Anand,Rabi,Chickpea
7.85,0.18,0.79,162,36,335,635,27.5,Loam,Anand,Rabi,Chickpea
7.18,0.61,0.4,235,56,391,365,20.6,Loam,Kutch,Rabi,Chickpea
7.44,0.13,0.47,237,37,261,441,28,Loam,Gandhinagar,Rabi,Chickpea
7.6,0.11,0.58,219,59,345,412,20.8,Loam,Vadodara,Rabi,Chickpea
7.11,0.52,0.49,203,35,392,535,22.1,Loam,Bharuch,Rabi,Chickpea
7.26,0.43,0.77,180,37,346,447,24.8,Loam,Vadodara,Rabi,Chickpea
6.73,0.52,0.77,203,38,343,566,23.6,Loam,Ahmedabad,Rabi,Chickpea
7.08,0.49,0.48,156,36,283,382,19.2,Loam,Gandhinagar,Rabi,Chickpea
6.5,0.41,0.75,160,56,335,472,23.9,Loam,Surendranagar,Rabi,Chickpea
6.7,0.58,0.55,172,33,389,579,20.3,Loam,Navsari,Rabi,Chickpea
6.52,0.49,0.59,159,48,327,436,29.9,Loam,Kutch,Rabi,Chickpea
7.05,0.38,0.57,199,59,398,686,26.5,Loam,Vadodara,Rabi,Chickpea
6.8,0.37,0.44,212,33,284,322,20.7,Loam,Bhavnagar,Rabi,Chickpea
7.96,0.52,0.45,206,40,347,476,29.8,Loam,Surat,Rabi,Chickpea
7.99,0.13,0.45,187,35,283,418,29.6,Loam,Rajkot,Rabi,Chickpea
7.1,0.33,0.49,177,51,299,676,27.6,Loam,Surendranagar,Rabi,Chickpea
6.63,0.46,0.65,230,53,290,333,18.8,Loam,Amreli,Rabi,Chickpea
7.94,0.47,0.58,151,56,398,408,26.7,Loam,Bharuch,Rabi,Chickpea
7.21,0.48,0.45,231,60,279,672,27.3,Loam,Surendranagar,Rabi,Chickpea
7.64,0.52,0.8,159,31,269,320,25.4,Loam,Junagadh,Rabi,Chickpea
7.93,0.56,0.56,156,56,334,395,25.8,Loam,Navsari,Rabi,Chickpea
7.38,0.6,0.76,218,55,352,663,22.2,Loam,Surat,Rabi,Chickpea
7.32,0.46,0.48,237,50,296,369,23.5,Loam,Anand,Rabi,Chickpea
7.36,0.21,0.64,171,40,304,392,21.7,Loam,Gandhinagar,Rabi,Chickpea
7.66,0.35,0.73,240,43,341,536,23.7,Loam,Vadodara,Rabi,Chickpea
6.97,0.44,0.79,171,47,395,351,21.1,Loam,Bharuch,Rabi,Chickpea
6.61,0.62,0.71,193,51,310,432,23.4,Loam,Rajkot,Rabi,Chickpea
7.11,0.54,0.51,209,47,280,585,19.9,Loam,Surat,Rabi,Chickpea
7.46,0.26,0.51,223,55,324,442,23.4,Loam,Mehsana,Rabi,Chickpea
6.96,0.31,0.67,229,55,329,454,29.6,Loam,Bhavnagar,Rabi,Chickpea
6.89,0.17,0.55,167,49,400,347,21.1,Loam,Bhavnagar,Rabi,Chickpea
6.58,0.14,0.48,224,32,319,419,28.8,Loam,Gandhinagar,Rabi,Chickpea
7.1,0.27,0.56,166,36,340,465,21.2,Loam,Surendranagar,Rabi,Chickpea
7,0.44,0.44,176,44,294,305,27.9,Loam,Gandhinagar,Rabi,Chickpea
7.46,0.5,0.42,229,60,367,587,18.3,Loam,Navsari,Rabi,Chickpea
7.1,0.34,0.42,211,40,304,588,19.4,Loam,Bharuch,Rabi,Chickpea
7.49,0.48,0.78,220,59,290,564,29.2,Loam,Mehsana,Rabi,Chickpea
7.76,0.23,0.77,191,30,363,420,25.5,Loam,Mehsana,Rabi,Chickpea
7.46,0.29,0.4,154,42,380,360,22.1,Loam,Navsari,Rabi,Chickpea
7.12,0.38,0.6,200,54,354,382,18.9,Loam,Surendranagar,Rabi,Chickpea
6.74,0.38,0.69,189,37,379,363,29.5,Loam,Navsari,Rabi,Chickpea
7.81,0.35,0.73,194,32,318,603,25.2,Loam,Surat,Rabi,Chickpea
7.48,0.14,0.5,177,37,389,433,21.9,Loam,Vadodara,Rabi,Chickpea
7.7,0.15,0.66,167,32,383,631,29.5,Loam,Mehsana,Rabi,Chickpea
6.65,0.15,0.79,195,58,312,328,24.6,Loam,Junagadh,Rabi,Chickpea
8,0.52,0.66,173,34,260,384,26.6,Loam,Surendranagar,Rabi,Chickpea
6.6,0.4,0.56,225,44,261,648,22.8,Loam,Bhavnagar,Rabi,Chickpea
7.32,0.43,0.55,202,44,324,330,26.2,Loam,Kutch,Rabi,Chickpea
6.51,0.67,0.67,212,37,333,653,28.2,Loam,Amreli,Rabi,Chickpea
7.05,0.6,0.54,152,53,279,372,19.1,Loam,Vadodara,Rabi,Chickpea
7.87,0.13,0.46,178,38,300,521,26.7,Loam,Ahmedabad,Rabi,Chickpea
7.37,0.38,0.57,231,40,361,452,21.5,Loam,Kutch,Rabi,Chickpea
6.63,0.41,0.47,159,49,316,469,29.4,Loam,Amreli,Rabi,Chickpea
6.53,0.62,0.55,179,35,275,503,27.7,Loam,Surendranagar,Rabi,Chickpea
7.74,0.29,0.46,226,39,344,307,22.2,Loam,Bhavnagar,Rabi,Chickpea
7.09,0.38,0.46,221,46,322,700,24.9,Loam,Banaskantha,Rabi,Chickpea
6.72,0.54,0.61,221,53,354,498,24.1,Loam,Rajkot,Rabi,Chickpea
6.55,0.48,0.54,173,46,338,445,29.5,Loam,Junagadh,Rabi,Chickpea
6.97,0.5,0.7,204,33,315,691,19.1,Loam,Kutch,Rabi,Chickpea
7.17,0.38,0.46,183,52,285,314,18.5,Loam,Junagadh,Rabi,Chickpea
6.77,0.47,0.72,150,58,363,591,25.4,Loam,Banaskantha,Rabi,Chickpea
7.86,0.38,0.62,160,31,317,560,22.4,Loam,Vadodara,Rabi,Chickpea
7.66,0.11,0.54,183,35,325,584,27.1,Loam,Kutch,Rabi,Chickpea
6.57,0.16,0.52,163,38,251,648,24.1,Loam,Gandhinagar,Rabi,Chickpea
7.72,0.56,0.74,159,40,352,612,25.1,Loam,Amreli,Rabi,Chickpea
7.39,0.66,0.48,230,54,399,317,25.5,Loam,Mehsana,Rabi,Chickpea
7.29,0.5,0.52,211,57,353,653,20.8,Loam,Bharuch,Rabi,Chickpea
7.43,0.69,0.63,210,54,275,456,19.2,Loam,Kutch,Rabi,Chickpea
7.99,0.45,0.71,214,39,285,539,28.6,Loam,Gandhinagar,Rabi,Chickpea
7.73,0.37,0.44,193,37,363,443,29,Loam,Bharuch,Rabi,Chickpea
7.94,0.43,0.73,176,51,363,351,22.5,Loam,Ahmedabad,Rabi,Chickpea
6.6,0.69,0.45,201,55,382,488,25.1,Loam,Surendranagar,Rabi,Chickpea
6.71,0.14,0.6,205,46,376,454,23.9,Loam,Vadodara,Rabi,Chickpea
7.11,0.25,0.69,176,35,333,344,18.1,Loam,Junagadh,Rabi,Chickpea
6.75,0.65,0.77,216,36,280,437,24.9,Loam,Navsari,Rabi,Chickpea
6.61,0.15,0.7,155,55,270,631,23.4,Loam,Gandhinagar,Rabi,Chickpea
6.89,0.44,0.8,237,45,395,523,19.2,Loam,Surendranagar,Rabi,Chickpea
6.69,0.57,0.42,158,35,315,464,27.6,Loam,Navsari,Rabi,Chickpea
7.78,0.39,0.4,153,53,377,322,25,Loam,Mehsana,Rabi,Chickpea
7.47,0.32,0.51,174,43,323,383,22,Loam,Kutch,Rabi,Chickpea
6.96,0.38,0.78,199,49,277,622,21.8,Loam,Ahmedabad,Rabi,Chickpea
7.11,0.46,0.45,150,45,294,592,23.5,Loam,Bharuch,Rabi,Chickpea
7.63,0.24,0.45,216,50,362,313,24.1,Loam,Bhavnagar,Rabi,Chickpea
6.86,0.6,0.52,185,41,309,598,23.3,Loam,Anand,Rabi,Chickpea
7.83,0.43,0.63,233,30,301,562,26.6,Loam,Ahmedabad,Rabi,Chickpea
7.55,0.46,0.42,167,47,327,442,18,Loam,Gandhinagar,Rabi,Chickpea
7.28,0.35,0.45,198,47,320,616,28.8,Loam,Kutch,Rabi,Chickpea
7.81,0.63,0.72,208,49,264,435,21.4,Loam,Rajkot,Rabi,Chickpea
7.02,0.64,0.65,171,42,254,688,23.2,Loam,Surat,Rabi,Chickpea
7.53,0.19,0.78,152,30,294,604,23.7,Loam,Ahmedabad,Rabi,Chickpea
7.46,0.54,0.62,230,38,358,460,25.6,Loam,Junagadh,Rabi,Chickpea
7.41,0.19,0.78,165,34,381,580,19.2,Loam,Surat,Rabi,Chickpea
7.69,0.29,0.61,177,54,294,667,28.8,Loam,Amreli,Rabi,Chickpea
7.24,0.24,0.5,184,32,350,329,24.2,Loam,Navsari,Rabi,Chickpea
7.64,0.45,0.64,219,60,292,643,20,Loam,Amreli,Rabi,Chickpea
6.76,0.66,0.52,200,33,399,590,23.3,Loam,Mehsana,Rabi,Chickpea
7.56,0.56,0.56,168,59,278,422,25.7,Loam,Surendranagar,Rabi,Chickpea
7.63,0.29,0.78,172,32,316,476,25.9,Loam,Navsari,Rabi,Chickpea
7.17,0.19,0.41,156,57,317,564,28.9,Loam,Bharuch,Rabi,Chickpea
6.9,0.25,0.76,234,40,365,402,18.4,Loam,Navsari,Rabi,Chickpea
7.27,0.58,0.66,217,36,362,437,28.2,Loam,Bhavnagar,Rabi,Chickpea
6.58,0.64,0.8,156,42,251,631,27.4,Loam,Junagadh,Rabi,Chickpea
7.46,0.37,0.5,205,53,347,547,27.1,Loam,Banaskantha,Rabi,Chickpea
7.28,0.64,0.78,190,44,309,415,20.8,Loam,Mehsana,Rabi,Chickpea
6.82,0.56,0.64,154,35,313,573,26.7,Loam,Bharuch,Rabi,Chickpea
7.51,0.3,0.64,187,51,367,494,27.1,Loam,Gandhinagar,Rabi,Chickpea
7.91,0.63,0.45,236,58,261,536,25.3,Loam,Amreli,Rabi,Chickpea
6.92,0.12,0.63,228,41,290,381,21.1,Loam,Bharuch,Rabi,Chickpea
7.18,0.36,0.75,181,58,364,377,18.7,Loam,Anand,Rabi,Chickpea
7.59,0.6,0.41,164,44,332,626,22,Loam,Gandhinagar,Rabi,Chickpea
7.19,0.28,0.5,164,31,357,532,26.6,Loam,Navsari,Rabi,Chickpea
7.54,0.57,0.72,222,31,375,363,26.4,Loam,Kutch,Rabi,Chickpea
7.24,0.64,0.7,215,31,310,309,27.7,Loam,Bharuch,Rabi,Chickpea
7.36,0.18,0.67,150,59,252,586,20.6,Loam,Rajkot,Rabi,Chickpea
7.85,0.39,0.79,190,52,330,650,18.2,Loam,Banaskantha,Rabi,Chickpea
7.44,0.13,0.74,215,60,252,397,27,Loam,Surat,Rabi,Chickpea
6.66,0.65,0.58,178,33,288,664,24.9,Loam,Bharuch,Rabi,Chickpea
7.66,0.43,0.61,219,33,388,555,26.4,Loam,Surat,Rabi,Chickpea
6.71,0.21,0.63,211,46,259,618,25.1,Loam,Surendranagar,Rabi,Chickpea
7.7,0.5,0.74,200,36,397,348,25.5,Loam,Amreli,Rabi,Chickpea
6.55,0.67,0.73,221,43,300,320,27.2,Loam,Anand,Rabi,Chickpea
7.08,0.14,0.63,182,47,350,545,18.5,Loam,Bhavnagar,Rabi,Chickpea
7.42,0.42,0.56,182,38,320,600,18.8,Loam,Rajkot,Rabi,Chickpea
6.56,0.31,0.67,206,54,294,465,22,Loam,Surat,Rabi,Chickpea
6.52,0.16,0.6,155,46,376,369,22,Loam,Amreli,Rabi,Chickpea
7.78,0.11,0.46,210,59,296,548,26.3,Loam,Amreli,Rabi,Chickpea
6.67,0.31,0.78,212,54,287,423,18.8,Loam,Bhavnagar,Rabi,Chickpea
6.9,0.27,0.69,199,60,309,577,19.9,Loam,Gandhinagar,Rabi,Chickpea
7.64,0.58,0.58,209,44,369,356,25.8,Loam,Ahmedabad,Rabi,Chickpea
6.54,0.21,0.77,200,59,334,626,28.9,Loam,Surendranagar,Rabi,Chickpea
7.64,0.14,0.55,218,37,316,653,25.8,Loam,Bharuch,Rabi,Chickpea
7.44,0.4,0.44,238,39,352,381,25.4,Loam,Bharuch,Rabi,Chickpea
7.25,0.55,0.56,152,40,311,687,27.9,Loam,Surendranagar,Rabi,Chickpea
7.88,0.43,0.43,151,30,258,546,28.2,Loam,Mehsana,Rabi,Chickpea
6.85,0.63,0.8,216,56,290,675,22.9,Loam,Kutch,Rabi,Chickpea
6.88,0.45,0.59,156,36,296,395,21.8,Loam,Banaskantha,Rabi,Chickpea
6.8,0.47,0.46,210,57,316,632,21.5,Loam,Navsari,Rabi,Chickpea
7.49,0.31,0.79,186,59,373,382,23.3,Loam,Bhavnagar,Rabi,Chickpea
7.4,0.2,0.51,206,56,367,338,23.5,Loam,Ahmedabad,Rabi,Chickpea
7.89,0.43,0.58,223,53,316,364,28.4,Loam,Rajkot,Rabi,Chickpea
6.83,0.36,0.79,171,36,365,492,19,Loam,Vadodara,Rabi,Chickpea
7.97,0.46,0.76,176,59,257,578,23.9,Loam,Banaskantha,Rabi,Chickpea
6.54,0.14,0.6,159,35,271,382,28.8,Loam,Vadodara,Rabi,Chickpea
7.7,0.68,0.72,164,41,361,544,18.9,Loam,Surendranagar,Rabi,Chickpea
7.08,0.2,0.53,163,49,301,398,21.8,Loam,Bharuch,Rabi,Chickpea
7.95,0.4,0.52,179,45,296,577,20.2,Loam,Junagadh,Rabi,Chickpea
7.59,0.16,0.47,239,34,264,322,21.2,Loam,Junagadh,Rabi,Chickpea
7.34,0.14,0.46,233,33,289,449,23.8,Loam,Kutch,Rabi,Chickpea
7.13,0.65,0.66,215,36,256,398,29.7,Loam,Amreli,Rabi,Chickpea
7.4,0.26,0.65,177,58,371,479,19,Loam,Ahmedabad,Rabi,Chickpea
7.83,0.51,0.78,183,46,278,455,26.8,Loam,Bhavnagar,Rabi,Chickpea
7.39,0.33,0.63,162,47,324,467,18.8,Loam,Junagadh,Rabi,Chickpea
7.26,0.69,0.8,204,41,313,562,22,Loam,Junagadh,Rabi,Chickpea
7.06,0.34,0.52,237,41,398,409,26.3,Loam,Surendranagar,Rabi,Chickpea
7.82,0.13,0.58,172,47,365,662,27.8,Loam,Amreli,Rabi,Chickpea
6.71,0.68,0.54,234,52,332,324,19.5,Loam,Vadodara,Rabi,Chickpea
7.43,0.64,0.72,234,35,297,543,20,Loam,Surendranagar,Rabi,Chickpea
6.93,0.57,0.72,190,50,253,426,26.2,Loam,Banaskantha,Rabi,Chickpea
6.98,0.18,0.5,204,45,362,376,20.9,Loam,Gandhinagar,Rabi,Chickpea
7.5,0.41,0.63,206,40,270,508,20.4,Loam,Ahmedabad,Rabi,Chickpea
7.14,0.34,0.59,188,30,398,319,23.5,Loam,Bhavnagar,Rabi,Chickpea
6.7,0.47,0.69,213,42,320,572,18.2,Loam,Rajkot,Rabi,Chickpea
6.93,0.5,0.54,182,30,296,604,19,Loam,Ahmedabad,Rabi,Chickpea
7,0.5,0.53,216,38,393,453,18.9,Loam,Banaskantha,Rabi,Chickpea
6.77,0.18,0.49,191,52,352,317,26.5,Loam,Anand,Rabi,Chickpea
7.39,0.69,0.76,160,51,374,695,21.6,Loam,Surat,Rabi,Chickpea
7.12,0.25,0.62,155,41,387,429,22.7,Loam,Gandhinagar,Rabi,Chickpea
6.51,0.67,0.74,179,40,276,549,22.5,Loam,Rajkot,Rabi,Chickpea
7.16,0.35,0.75,154,47,317,467,22.8,Loam,Bharuch,Rabi,Chickpea
7.83,0.37,0.64,200,33,295,515,22,Loam,Vadodara,Rabi,Chickpea
8,0.4,0.53,210,48,372,575,29.2,Loam,Ahmedabad,Rabi,Chickpea
7.57,0.41,0.42,201,40,269,353,24.9,Loam,Navsari,Rabi,Chickpea
7.47,0.52,0.48,173,32,371,627,23.4,Loam,Navsari,Rabi,Chickpea
6.98,0.27,0.59,237,44,255,503,18.5,Loam,Bhavnagar,Rabi,Chickpea
7.01,0.53,0.67,189,47,345,512,21.4,Loam,Surendranagar,Rabi,Chickpea
6.75,0.38,0.55,160,60,268,671,27.9,Loam,Vadodara,Rabi,Chickpea
6.73,0.37,0.77,232,41,348,382,22.7,Loam,Mehsana,Rabi,Chickpea
6.59,0.32,0.58,225,34,256,323,24.7,Loam,Ahmedabad,Rabi,Chickpea
6.86,0.16,0.69,185,59,354,320,22.8,Loam,Kutch,Rabi,Chickpea
6.96,0.57,0.74,180,45,335,468,26.3,Loam,Mehsana,Rabi,Chickpea
7.28,0.54,0.49,233,32,317,597,21,Loam,Vadodara,Rabi,Chickpea
7.78,0.41,0.77,237,35,378,622,20.1,Loam,Surendranagar,Rabi,Chickpea
7.71,0.36,0.53,183,45,364,657,27.2,Loam,Banaskantha,Rabi,Chickpea
6.53,0.19,0.61,160,30,260,310,20.5,Loam,Bhavnagar,Rabi,Chickpea
7.13,0.35,0.44,221,30,380,667,24.1,Loam,Bharuch,Rabi,Chickpea
6.89,0.52,0.77,224,58,267,500,29.7,Loam,Gandhinagar,Rabi,Chickpea
7.54,0.57,0.54,168,57,325,691,19.9,Loam,Bharuch,Rabi,Chickpea
6.63,0.18,0.75,164,41,301,488,20.4,Loam,Banaskantha,Rabi,Chickpea
7.97,0.19,0.59,225,44,351,681,22.7,Loam,Ahmedabad,Rabi,Chickpea
6.75,0.18,0.7,174,36,385,312,19.3,Loam,Bharuch,Rabi,Chickpea
7.63,0.63,0.42,206,44,325,457,22.8,Loam,Navsari,Rabi,Chickpea
7.99,0.65,0.51,164,45,332,304,23.5,Loam,Rajkot,Rabi,Chickpea
7.89,0.68,0.49,190,57,307,439,25.2,Loam,Amreli,Rabi,Chickpea
6.65,0.39,0.43,153,56,306,531,22.2,Loam,Rajkot,Rabi,Chickpea
7.07,0.44,0.69,238,42,385,650,24.9,Loam,Surendranagar,Rabi,Chickpea
7.93,0.47,0.58,174,60,283,527,24.4,Loam,Amreli,Rabi,Chickpea
7.72,0.27,0.65,202,36,342,487,29.1,Loam,Rajkot,Rabi,Chickpea
6.71,0.49,0.67,222,55,270,434,29.1,Loam,Amreli,Rabi,Chickpea
6.98,0.63,0.53,196,37,251,342,27.3,Loam,Vadodara,Rabi,Chickpea
6.91,0.54,0.42,229,57,324,431,22.3,Loam,Navsari,Rabi,Chickpea
6.97,0.56,0.43,167,31,302,558,24.5,Loam,Junagadh,Rabi,Chickpea
7.45,0.14,0.73,231,43,255,447,29.3,Loam,Amreli,Rabi,Chickpea
7.93,0.16,0.75,154,39,354,577,23.8,Loam,Vadodara,Rabi,Chickpea
6.72,0.12,0.42,186,47,360,460,21.6,Loam,Kutch,Rabi,Chickpea
7.91,0.52,0.78,216,42,286,393,20,Loam,Bhavnagar,Rabi,Chickpea
7.47,0.58,0.51,162,44,272,309,22.2,Loam,Gandhinagar,Rabi,Chickpea
6.82,0.54,0.65,239,57,355,686,24.9,Loam,Gandhinagar,Rabi,Chickpea
7.98,0.6,0.5,216,50,376,372,26.6,Loam,Bharuch,Rabi,Chickpea
7.29,0.57,0.71,174,60,393,623,28.9,Loam,Rajkot,Rabi,Chickpea
7.19,0.32,0.46,188,44,373,311,18.5,Loam,Bhavnagar,Rabi,Chickpea
6.51,0.67,0.56,209,58,313,387,22.3,Loam,Mehsana,Rabi,Chickpea
6.74,0.61,0.52,221,37,289,656,27.8,Loam,Anand,Rabi,Chickpea
6.69,0.14,0.75,176,39,385,407,23.5,Loam,Surendranagar,Rabi,Chickpea
7.93,0.61,0.43,202,38,358,547,22.4,Loam,Surat,Rabi,Chickpea
7.3,0.58,0.79,187,58,271,577,21.8,Loam,Junagadh,Rabi,Chickpea
6.82,0.4,0.74,165,52,255,441,27.1,Loam,Surat,Rabi,Chickpea
6.55,0.56,0.63,156,56,398,600,28.7,Loam,Anand,Rabi,Chickpea
6.88,0.5,0.74,239,30,264,673,24.3,Loam,Surendranagar,Rabi,Chickpea
7.94,0.4,0.67,200,41,333,566,26,Loam,Amreli,Rabi,Chickpea
7.03,0.61,0.58,216,41,369,471,22.4,Loam,Anand,Rabi,Chickpea
7.65,0.28,0.79,224,35,376,552,22.1,Loam,Banaskantha,Rabi,Chickpea
6.82,0.58,0.45,202,56,362,459,25.3,Loam,Anand,Rabi,Chickpea
6.78,0.61,0.44,199,31,340,389,20.3,Loam,Navsari,Rabi,Chickpea
7.41,0.37,0.68,173,53,255,674,29,Loam,Kutch,Rabi,Chickpea
6.98,0.63,0.58,178,33,295,429,18.6,Loam,Mehsana,Rabi,Chickpea
7.07,0.68,0.55,179,32,375,473,25.7,Loam,Surat,Rabi,Chickpea
7.6,0.22,0.52,211,44,360,411,18.7,Loam,Vadodara,Rabi,Chickpea
7.96,0.31,0.46,205,41,326,622,27.5,Loam,Vadodara,Rabi,Chickpea
7.51,0.63,0.63,178,50,257,627,20.9,Loam,Bharuch,Rabi,Chickpea
7.27,0.29,0.61,163,59,318,642,27.3,Loam,Kutch,Rabi,Chickpea
7.8,0.67,0.61,240,36,354,572,23.6,Loam,Banaskantha,Rabi,Chickpea
6.53,0.29,0.53,160,33,338,695,22.2,Loam,Junagadh,Rabi,Chickpea
7.24,0.28,0.64,219,33,393,566,22.8,Loam,Surendranagar,Rabi,Chickpea
6.66,0.32,0.61,153,32,374,336,26.8,Loam,Anand,Rabi,Chickpea
6.69,0.37,0.4,160,53,297,512,24.1,Loam,Vadodara,Rabi,Chickpea
7.64,0.2,0.75,173,31,349,324,22.5,Loam,Bharuch,Rabi,Chickpea
6.64,0.47,0.79,203,49,252,475,21.2,Loam,Bharuch,Rabi,Chickpea
6.73,0.34,0.62,166,53,267,609,27.8,Loam,Bhavnagar,Rabi,Chickpea
7.17,0.45,0.4,166,51,313,388,24,Loam,Junagadh,Rabi,Chickpea
7.91,0.52,0.71,166,40,365,487,25.5,Loam,Rajkot,Rabi,Chickpea
7.91,0.24,0.41,175,57,326,560,25.4,Loam,Vadodara,Rabi,Chickpea
7.11,0.25,0.72,160,44,285,696,29.3,Loam,Kutch,Rabi,Chickpea
7.48,0.6,0.56,158,55,268,568,26.3,Loam,Anand,Rabi,Chickpea
6.52,0.14,0.61,218,60,303,479,18.2,Loam,Navsari,Rabi,Chickpea
7.88,0.32,0.48,220,33,306,348,19.8,Loam,Surendranagar,Rabi,Chickpea
7.16,0.68,0.63,213,36,315,352,20.8,Loam,Surendranagar,Rabi,Chickpea
7.01,0.52,0.58,202,38,373,356,25.8,Loam,Bhavnagar,Rabi,Chickpea
6.69,0.45,0.48,220,52,278,397,19.1,Loam,Surendranagar,Rabi,Chickpea
7.9,0.24,0.65,220,50,252,698,23.6,Loam,Bharuch,Rabi,Chickpea
6.53,0.6,0.71,182,53,338,641,29.9,Loam,Vadodara,Rabi,Chickpea
7.3,0.13,0.45,206,53,373,493,26.2,Loam,Rajkot,Rabi,Chickpea
7.33,0.13,0.7,212,34,335,390,23.4,Loam,Bharuch,Rabi,Chickpea
7.59,0.59,0.5,184,41,281,664,27.7,Loam,Ahmedabad,Rabi,Chickpea
7.16,0.28,0.46,150,57,392,398,18.2,Loam,Bhavnagar,Rabi,Chickpea
6.92,0.22,0.69,163,30,382,431,20,Loam,Surendranagar,Rabi,Chickpea
7.59,0.31,0.51,179,44,311,472,20.5,Loam,Banaskantha,Rabi,Chickpea
7.78,0.18,0.52,216,43,383,616,29.6,Loam,Amreli,Rabi,Chickpea
6.74,0.3,0.74,178,40,256,394,29.5,Loam,Gandhinagar,Rabi,Chickpea
7.9,0.26,0.56,224,30,299,417,24.2,Loam,Anand,Rabi,Chickpea
6.67,0.66,0.75,193,46,376,651,26.5,Loam,Amreli,Rabi,Chickpea
6.74,0.57,0.74,230,51,291,670,28.9,Loam,Bhavnagar,Rabi,Chickpea
6.96,0.48,0.49,185,34,262,396,20.7,Loam,Kutch,Rabi,Chickpea
6.82,0.28,0.77,176,41,258,327,19.5,Loam,Kutch,Rabi,Chickpea
7.59,0.24,0.48,198,43,394,443,25.7,Loam,Ahmedabad,Rabi,Chickpea
7.81,0.4,0.69,188,49,268,610,24.9,Loam,Anand,Rabi,Chickpea
7.54,0.6,0.68,189,39,330,671,21.8,Loam,Banaskantha,Rabi,Chickpea
7.08,0.4,0.6,190,48,329,379,24.5,Loam,Mehsana,Rabi,Chickpea
7.47,0.42,0.56,200,60,357,504,20.8,Loam,Amreli,Rabi,Chickpea
7.69,0.59,0.64,162,40,316,674,19.3,Loam,Navsari,Rabi,Chickpea
7.41,0.38,0.4,195,51,316,641,24.9,Loam,Surendranagar,Rabi,Chickpea
7.51,0.51,0.75,204,41,319,552,22.8,Loam,Amreli,Rabi,Chickpea
7.89,0.35,0.67,233,53,320,605,28.7,Loam,Vadodara,Rabi,Chickpea
7.71,0.31,0.48,181,38,343,511,20,Loam,Surat,Rabi,Chickpea
6.95,0.46,0.57,192,33,335,654,24.4,Loam,Bhavnagar,Rabi,Chickpea
7.93,0.23,0.42,188,45,352,318,22.1,Loam,Gandhinagar,Rabi,Chickpea
7.11,0.54,0.55,205,32,292,439,24.8,Loam,Surat,Rabi,Chickpea
7.66,0.28,0.44,198,45,398,496,25,Loam,Mehsana,Rabi,Chickpea
7.38,0.32,0.47,228,33,323,629,25.1,Loam,Surat,Rabi,Chickpea
7.63,0.48,0.66,228,31,382,415,19,Loam,Bhavnagar,Rabi,Chickpea
7.09,0.5,0.57,238,38,317,698,27.8,Loam,Anand,Rabi,Chickpea
7.29,0.37,0.45,208,32,386,344,29.7,Loam,Banaskantha,Rabi,Chickpea
6.88,0.6,0.67,168,42,377,642,19,Loam,Kutch,Rabi,Chickpea
6.59,0.17,0.49,223,47,368,437,29.4,Loam,Vadodara,Rabi,Chickpea
7.63,0.15,0.43,224,48,326,667,28.7,Loam,Kutch,Rabi,Chickpea
7.68,0.61,0.77,186,35,349,340,21.7,Loam,Surendranagar,Rabi,Chickpea
7.17,0.12,0.54,171,56,292,568,26.2,Loam,Kutch,Rabi,Chickpea
7.19,0.44,0.42,180,41,365,649,21.3,Loam,Mehsana,Rabi,Chickpea
7.35,0.17,0.41,232,57,399,391,21.1,Loam,Anand,Rabi,Chickpea
7.64,0.63,0.79,219,50,341,432,26,Loam,Surendranagar,Rabi,Chickpea
6.77,0.56,0.49,233,40,263,562,18.9,Loam,Ahmedabad,Rabi,Chickpea
7.16,0.13,0.77,166,53,398,483,27.9,Loam,Banaskantha,Rabi,Chickpea
6.53,0.23,0.51,155,56,349,438,19.8,Loam,Surat,Rabi,Chickpea
7.78,0.44,0.6,218,46,374,503,29.4,Loam,Mehsana,Rabi,Chickpea
7.58,0.35,0.79,216,52,322,338,29.9,Loam,Amreli,Rabi,Chickpea
6.86,0.44,0.41,227,58,302,687,24,Loam,Amreli,Rabi,Chickpea
7.2,0.24,0.46,184,52,303,495,19.1,Loam,Anand,Rabi,Chickpea
7.93,0.41,0.75,210,31,332,540,19.2,Loam,Amreli,Rabi,Chickpea
7.76,0.4,0.6,197,59,327,557,23.9,Loam,Bhavnagar,Rabi,Chickpea
7.7,0.44,0.5,165,38,346,593,25.3,Loam,Bharuch,Rabi,Chickpea
7.69,0.62,0.65,201,53,261,362,23.2,Loam,Mehsana,Rabi,Chickpea
7.01,0.65,0.57,206,46,335,418,26.8,Loam,Banaskantha,Rabi,Chickpea
7.18,0.3,0.49,176,31,308,628,22.7,Loam,Anand,Rabi,Chickpea
7.42,0.44,0.45,152,37,388,652,26.9,Loam,Kutch,Rabi,Chickpea
7.06,0.36,0.66,186,34,298,501,24.4,Loam,Bhavnagar,Rabi,Chickpea
7.29,0.5,0.58,209,32,390,521,21.9,Loam,Gandhinagar,Rabi,Chickpea
6.93,0.34,0.45,168,31,314,511,22.1,Loam,Ahmedabad,Rabi,Chickpea
6.98,0.33,0.68,176,42,299,661,24.6,Loam,Surat,Rabi,Chickpea
7.87,0.19,0.66,167,58,295,407,28.3,Loam,Bharuch,Rabi,Chickpea
6.77,0.13,0.6,223,47,297,315,21.6,Loam,Banaskantha,Rabi,Chickpea
7.91,0.54,0.6,155,59,273,389,20.8,Loam,Bharuch,Rabi,Chickpea
7.17,0.52,0.72,177,53,376,622,23.7,Loam,Banaskantha,Rabi,Chickpea
6.51,0.21,0.45,237,49,283,616,19.9,Loam,Rajkot,Rabi,Chickpea
6.85,0.37,0.7,191,58,371,436,26.6,Loam,Junagadh,Rabi,Chickpea
7.89,0.66,0.68,227,50,270,341,29.8,Loam,Mehsana,Rabi,Chickpea
6.7,0.62,0.56,204,53,329,619,20.9,Loam,Bharuch,Rabi,Chickpea
7.15,0.23,0.5,151,52,254,665,26.2,Loam,Mehsana,Rabi,Chickpea
6.8,0.24,0.57,208,53,300,659,22.9,Loam,Bhavnagar,Rabi,Chickpea
7.91,0.27,0.67,159,49,323,486,28.7,Loam,Rajkot,Rabi,Chickpea
7.86,0.53,0.61,214,33,269,305,22.8,Loam,Kutch,Rabi,Chickpea
7.85,0.58,0.76,224,35,292,420,18.8,Loam,Bhavnagar,Rabi,Chickpea
7.26,0.53,0.75,236,46,398,407,25.7,Loam,Junagadh,Rabi,Chickpea
6.6,0.58,0.8,221,49,382,652,18.9,Loam,Gandhinagar,Rabi,Chickpea
6.74,0.19,0.72,233,58,377,453,30,Loam,Mehsana,Rabi,Chickpea
6.86,0.12,0.65,189,38,281,303,24.1,Loam,Navsari,Rabi,Chickpea
7.64,0.26,0.46,181,45,324,370,21.2,Loam,Rajkot,Rabi,Chickpea
7.71,0.4,0.62,210,53,377,322,19.9,Loam,Mehsana,Rabi,Chickpea
7.51,0.21,0.42,158,41,362,335,25.2,Loam,Junagadh,Rabi,Chickpea
6.94,0.24,0.64,223,52,294,422,29.6,Loam,Junagadh,Rabi,Chickpea
7.5,0.62,0.79,188,34,339,323,21.9,Loam,Surat,Rabi,Chickpea
6.66,0.65,0.71,204,56,393,450,21.4,Loam,Mehsana,Rabi,Chickpea
7.2,0.57,0.72,236,59,388,612,23,Loam,Surendranagar,Rabi,Chickpea
7.14,0.42,0.68,222,60,356,364,26.7,Loam,Navsari,Rabi,Chickpea
6.76,0.45,0.55,240,47,272,329,29.4,Loam,Rajkot,Rabi,Chickpea
6.57,0.12,0.69,169,41,295,408,18.6,Loam,Rajkot,Rabi,Chickpea
6.67,0.35,0.46,191,58,280,463,28.6,Loam,Junagadh,Rabi,Chickpea
6.96,0.65,0.78,196,38,357,588,18.3,Loam,Mehsana,Rabi,Chickpea
6.95,0.49,0.7,234,32,371,683,29,Loam,Amreli,Rabi,Chickpea
7.71,0.56,0.59,152,58,384,525,24.7,Loam,Vadodara,Rabi,Chickpea
7.89,0.33,0.46,216,57,315,451,19.4,Loam,Kutch,Rabi,Chickpea
6.79,0.43,0.42,172,51,268,330,20.6,Loam,Junagadh,Rabi,Chickpea
6.54,0.24,0.49,219,34,300,469,27.7,Loam,Ahmedabad,Rabi,Chickpea
6.76,0.29,0.43,197,45,263,560,29.3,Loam,Amreli,Rabi,Chickpea
7.26,0.34,0.41,162,42,275,459,20.7,Loam,Surat,Rabi,Chickpea
7.71,0.28,0.76,232,52,378,593,19.8,Loam,Anand,Rabi,Chickpea
7.02,0.29,0.69,233,43,325,670,20.8,Loam,Junagadh,Rabi,Chickpea
6.91,0.11,0.76,155,51,336,580,27.3,Loam,Vadodara,Rabi,Chickpea
7.49,0.69,0.49,150,57,360,364,25.2,Loam,Anand,Rabi,Chickpea
7.3,0.12,0.7,226,38,266,591,25.9,Loam,Bharuch,Rabi,Chickpea
6.86,0.66,0.5,158,35,302,656,24.4,Loam,Vadodara,Rabi,Chickpea
7.1,0.43,0.75,157,57,290,370,18.1,Loam,Vadodara,Rabi,Chickpea
6.78,0.52,0.7,236,51,397,656,19.8,Loam,Rajkot,Rabi,Chickpea
6.82,0.21,0.71,185,42,333,338,24.6,Loam,Surendranagar,Rabi,Chickpea
7.91,0.16,0.57,230,35,261,358,26.8,Loam,Bhavnagar,Rabi,Chickpea
7.18,0.64,0.77,185,30,251,530,27.9,Loam,Bharuch,Rabi,Chickpea
7.53,0.35,0.42,153,47,306,697,19.3,Loam,Bharuch,Rabi,Chickpea
6.86,0.6,0.69,205,36,294,348,22.4,Loam,Kutch,Rabi,Chickpea
7.64,0.61,0.71,191,36,276,553,29.8,Loam,Anand,Rabi,Chickpea
7.98,0.6,0.55,173,59,290,430,30,Loam,Junagadh,Rabi,Chickpea
6.7,0.44,0.6,240,40,388,342,24.4,Loam,Junagadh,Rabi,Chickpea
7.46,0.21,0.62,184,30,385,602,23.9,Loam,Bhavnagar,Rabi,Chickpea
7.28,0.26,0.45,179,41,270,621,24.7,Loam,Bhavnagar,Rabi,Chickpea
7.75,0.58,0.52,164,50,327,599,19.7,Loam,Rajkot,Rabi,Chickpea
7.08,0.24,0.76,185,58,323,551,23.6,Loam,Gandhinagar,Rabi,Chickpea
7.46,0.35,0.71,175,49,288,302,22.2,Loam,Anand,Rabi,Chickpea
7.96,0.32,0.66,150,55,314,481,28.4,Loam,Bhavnagar,Rabi,Chickpea
7.61,0.11,0.49,229,38,392,357,22.3,Loam,Bhavnagar,Rabi,Chickpea
7.08,0.38,0.52,180,51,376,405,19.3,Loam,Kutch,Rabi,Chickpea
7.89,0.19,0.41,152,31,389,354,27.5,Loam,Surat,Rabi,Chickpea
7.41,0.14,0.66,151,45,338,491,29.7,Loam,Mehsana,Rabi,Chickpea
7.69,0.2,0.74,177,38,379,456,26.9,Loam,Surat,Rabi,Chickpea
7.91,0.3,0.52,183,59,372,472,28.7,Loam,Bharuch,Rabi,Chickpea
7.27,0.64,0.62,217,50,386,585,19.2,Loam,Rajkot,Rabi,Chickpea
6.85,0.37,0.43,191,51,381,574,28.3,Loam,Gandhinagar,Rabi,Chickpea
6.84,0.6,0.46,212,33,328,494,20.7,Loam,Navsari,Rabi,Chickpea
6.71,0.28,0.73,203,36,389,527,20.1,Loam,Anand,Rabi,Chickpea
6.75,0.42,0.71,166,45,265,459,25.3,Loam,Surendranagar,Rabi,Chickpea
7.82,0.39,0.68,153,35,347,480,22.1,Loam,Banaskantha,Rabi,Chickpea
6.77,0.32,0.77,171,37,313,361,18.3,Loam,Mehsana,Rabi,Chickpea
7.03,0.27,0.61,153,56,333,682,26.2,Loam,Navsari,Rabi,Chickpea
6.85,0.41,0.68,210,37,374,625,27.3,Loam,Surendranagar,Rabi,Chickpea
7.37,0.45,0.5,185,45,273,573,28.4,Loam,Bhavnagar,Rabi,Chickpea
6.8,0.62,0.52,154,43,288,336,26.7,Loam,Rajkot,Rabi,Chickpea
6.85,0.31,0.58,181,45,265,386,28.3,Loam,Vadodara,Rabi,Chickpea
7.02,0.59,0.68,174,39,390,361,28.8,Loam,Anand,Rabi,Chickpea
7.82,0.31,0.79,235,33,392,328,27,Loam,Banaskantha,Rabi,Chickpea
6.7,0.55,0.66,174,49,359,512,22.3,Loam,Bhavnagar,Rabi,Chickpea
6.66,0.26,0.64,215,54,296,692,29.8,Loam,Vadodara,Rabi,Chickpea
7.49,0.27,0.56,224,50,288,490,18.2,Loam,Anand,Rabi,Chickpea
6.79,0.24,0.73,179,43,323,696,20.4,Loam,Gandhinagar,Rabi,Chickpea
6.67,0.16,0.56,156,45,265,632,28.4,Loam,Mehsana,Rabi,Chickpea
6.81,0.11,0.47,219,59,350,411,19.8,Loam,Junagadh,Rabi,Chickpea
6.77,0.32,0.53,213,39,372,435,26.2,Loam,Ahmedabad,Rabi,Chickpea
7.09,0.24,0.78,162,42,254,566,21,Loam,Amreli,Rabi,Chickpea
7.87,0.4,0.58,185,54,250,616,20.5,Loam,Navsari,Rabi,Chickpea
7.86,0.47,0.75,200,38,371,606,29.2,Loam,Surat,Rabi,Chickpea
7.43,0.59,0.53,199,35,276,679,21.9,Loam,Bhavnagar,Rabi,Chickpea
7.7,0.18,0.57,160,60,384,575,25.2,Loam,Surendranagar,Rabi,Chickpea
7.11,0.39,0.44,205,32,399,347,22.9,Loam,Surat,Rabi,Chickpea
6.78,0.19,0.68,232,44,364,478,25.1,Loam,Navsari,Rabi,Chickpea
6.9,0.39,0.47,185,40,307,414,29.7,Loam,Bhavnagar,Rabi,Chickpea
7.68,0.45,0.78,226,33,361,370,23.5,Loam,Bharuch,Rabi,Chickpea
7.72,0.25,0.56,156,54,352,413,18.5,Loam,Banaskantha,Rabi,Chickpea
7.3,0.67,0.48,177,50,392,597,28.5,Loam,Mehsana,Rabi,Chickpea
7.24,0.22,0.65,203,37,297,338,19.3,Loam,Mehsana,Rabi,Chickpea
7.85,0.16,0.55,199,50,396,569,23.7,Loam,Vadodara,Rabi,Chickpea
7.61,0.17,0.42,237,55,368,408,21.6,Loam,Mehsana,Rabi,Chickpea
7.01,0.7,0.41,187,44,316,533,27.1,Loam,Banaskantha,Rabi,Chickpea
6.85,0.49,0.71,233,33,349,510,28.4,Loam,Mehsana,Rabi,Chickpea
7.17,0.63,0.45,200,47,348,418,25.8,Loam,Bhavnagar,Rabi,Chickpea
7.62,0.37,0.57,229,42,348,417,28.4,Loam,Gandhinagar,Rabi,Chickpea
6.86,0.11,0.72,207,41,344,305,21.1,Loam,Rajkot,Rabi,Chickpea
7.56,0.67,0.49,214,48,263,350,18.8,Loam,Surendranagar,Rabi,Chickpea
6.72,0.43,0.45,232,45,253,554,23.8,Loam,Rajkot,Rabi,Chickpea
7.88,0.2,0.57,158,43,359,433,18.5,Loam,Mehsana,Rabi,Chickpea
7.46,0.18,0.77,153,34,293,391,26.2,Loam,Anand,Rabi,Chickpea
7.08,0.15,0.68,191,32,371,657,27.9,Loam,Ahmedabad,Rabi,Chickpea
7.11,0.21,0.56,213,56,263,452,28.9,Loam,Surat,Rabi,Chickpea
7.63,0.21,0.79,236,53,383,435,18.3,Loam,Amreli,Rabi,Chickpea
7.66,0.63,0.43,201,54,315,594,24.7,Loam,Gandhinagar,Rabi,Chickpea
7.96,0.28,0.58,190,48,391,434,29.4,Loam,Junagadh,Rabi,Chickpea
7.58,0.66,0.52,169,31,284,521,21.2,Loam,Bhavnagar,Rabi,Chickpea
6.99,0.19,0.78,208,52,314,541,19.3,Loam,Bhavnagar,Rabi,Chickpea
7.14,0.42,0.6,164,53,261,314,29.1,Loam,Banaskantha,Rabi,Chickpea
7.21,0.34,0.78,155,31,295,381,18.2,Loam,Bhavnagar,Rabi,Chickpea
7.55,0.28,0.45,215,35,284,427,22.1,Loam,Amreli,Rabi,Chickpea
6.54,0.29,0.47,183,40,352,395,25.6,Loam,Amreli,Rabi,Chickpea
7.61,0.64,0.47,183,56,256,595,21,Loam,Surendranagar,Rabi,Chickpea
6.78,0.57,0.53,194,35,334,655,21.8,Loam,Bharuch,Rabi,Chickpea
7.08,0.35,0.65,178,43,327,608,29.3,Loam,Anand,Rabi,Chickpea
7.4,0.63,0.56,215,59,373,489,26.1,Loam,Amreli,Rabi,Chickpea
6.59,0.54,0.69,162,39,300,305,22.9,Loam,Surat,Rabi,Chickpea
7.72,0.41,0.78,217,48,324,531,18.5,Loam,Ahmedabad,Rabi,Chickpea
7.4,0.54,0.62,220,48,282,414,27.5,Loam,Rajkot,Rabi,Chickpea
6.59,0.28,0.42,162,51,276,414,25.9,Loam,Ahmedabad,Rabi,Chickpea
7.31,0.47,0.75,199,52,386,570,23.6,Loam,Mehsana,Rabi,Chickpea
7.89,0.21,0.44,232,55,367,547,25.4,Loam,Vadodara,Rabi,Chickpea
6.79,0.5,0.7,192,32,379,655,28,Loam,Surat,Rabi,Chickpea
7.6,0.25,0.47,223,44,263,417,24.8,Loam,Bhavnagar,Rabi,Chickpea
7.64,0.4,0.49,215,30,257,429,28.9,Loam,Kutch,Rabi,Chickpea
7.93,0.22,0.66,238,43,329,625,21.6,Loam,Anand,Rabi,Chickpea
6.9,0.18,0.48,168,59,253,317,28.7,Loam,Vadodara,Rabi,Chickpea
7.32,0.2,0.76,174,60,307,432,24.7,Loam,Banaskantha,Rabi,Chickpea
6.84,0.62,0.76,158,58,322,524,25.7,Loam,Gandhinagar,Rabi,Chickpea
6.97,0.64,0.49,239,40,271,662,25.5,Loam,Vadodara,Rabi,Chickpea
7.82,0.14,0.77,161,35,321,415,19.8,Loam,Banaskantha,Rabi,Chickpea
7.93,0.25,0.59,239,52,352,358,23.5,Loam,Surat,Rabi,Chickpea
6.99,0.53,0.68,155,54,335,496,24.2,Loam,Rajkot,Rabi,Chickpea
7.78,0.19,0.48,157,42,394,551,27.7,Loam,Rajkot,Rabi,Chickpea
6.84,0.56,0.55,240,30,276,463,29.1,Loam,Amreli,Rabi,Chickpea
7.42,0.22,0.64,168,32,307,405,28.5,Loam,Navsari,Rabi,Chickpea
7.5,0.57,0.42,232,46,354,308,24,Loam,Surat,Rabi,Chickpea
6.55,0.18,0.58,185,40,281,370,24.9,Loam,Banaskantha,Rabi,Chickpea
7.16,0.51,0.46,192,40,388,496,24,Loam,Rajkot,Rabi,Chickpea
7.07,0.62,0.66,169,45,381,517,20.4,Loam,Mehsana,Rabi,Chickpea
7.89,0.59,0.71,196,53,350,681,19.1,Loam,Surendranagar,Rabi,Chickpea
7.11,0.6,0.54,190,55,290,363,19.3,Loam,Surat,Rabi,Chickpea
6.62,0.61,0.53,200,45,391,650,22,Loam,Bharuch,Rabi,Chickpea
6.66,0.26,0.45,166,49,287,623,24.4,Loam,Junagadh,Rabi,Chickpea
6.91,0.61,0.62,235,40,296,429,23.4,Loam,Vadodara,Rabi,Chickpea
7.53,0.31,0.79,155,55,378,465,21.9,Loam,Banaskantha,Rabi,Chickpea
7.27,0.59,0.78,230,54,261,498,24.9,Loam,Surat,Rabi,Chickpea
7.37,0.43,0.61,219,60,398,595,21.5,Loam,Bharuch,Rabi,Chickpea
6.92,0.1,0.42,199,48,258,592,25.6,Loam,Junagadh,Rabi,Chickpea
7.02,0.49,0.44,222,46,396,616,18.2,Loam,Bharuch,Rabi,Chickpea
7.66,0.38,0.48,218,60,378,346,22,Loam,Amreli,Rabi,Chickpea
7.95,0.23,0.48,199,55,369,529,18.7,Loam,Banaskantha,Rabi,Chickpea
7.24,0.18,0.49,189,33,286,656,23.4,Loam,Bharuch,Rabi,Chickpea
6.84,0.32,0.77,167,52,341,566,27.1,Loam,Bharuch,Rabi,Chickpea
7.47,0.69,0.41,160,43,294,548,21.3,Loam,Rajkot,Rabi,Chickpea
6.69,0.6,0.44,191,39,319,458,25.8,Loam,Junagadh,Rabi,Chickpea
6.72,0.28,0.56,159,30,268,499,28,Loam,Surendranagar,Rabi,Chickpea
6.51,0.16,0.76,212,51,398,680,23.9,Loam,Banaskantha,Rabi,Chickpea
7.45,0.3,0.44,188,50,350,305,23.4,Loam,Amreli,Rabi,Chickpea
6.59,0.12,0.65,236,55,326,304,21.4,Loam,Rajkot,Rabi,Chickpea
6.74,0.37,0.54,204,60,302,635,27.1,Loam,Ahmedabad,Rabi,Chickpea
6.6,0.3,0.73,160,35,254,428,20.9,Loam,Mehsana,Rabi,Chickpea
7.97,0.42,0.57,208,44,338,496,21.5,Loam,Ahmedabad,Rabi,Chickpea
6.86,0.56,0.46,222,39,383,680,19.1,Loam,Surat,Rabi,Chickpea
6.63,0.45,0.63,226,30,384,541,29.4,Loam,Rajkot,Rabi,Chickpea
7.63,0.33,0.77,210,58,264,621,26.5,Loam,Bhavnagar,Rabi,Chickpea
7.73,0.63,0.45,199,44,387,699,20.8,Loam,Bhavnagar,Rabi,Chickpea
7.67,0.27,0.53,153,46,382,675,20.1,Loam,Bharuch,Rabi,Chickpea
6.9,0.22,0.56,223,43,328,667,26.1,Loam,Surat,Rabi,Chickpea
7.92,0.25,0.46,225,52,292,609,20,Loam,Surat,Rabi,Chickpea
6.85,0.28,0.4,200,32,382,506,26.2,Loam,Ahmedabad,Rabi,Chickpea
6.53,0.34,0.73,169,59,364,429,29.1,Loam,Surendranagar,Rabi,Chickpea
7.05,0.52,0.65,235,46,292,495,19,Loam,Bhavnagar,Rabi,Chickpea
7.37,0.22,0.79,230,54,383,645,27,Loam,Bharuch,Rabi,Chickpea
7.01,0.66,0.47,200,35,271,606,23.3,Loam,Ahmedabad,Rabi,Chickpea
6.57,0.54,0.42,168,38,277,447,19.8,Loam,Vadodara,Rabi,Chickpea
7.06,0.35,0.75,157,38,353,452,21,Loam,Gandhinagar,Rabi,Chickpea
6.74,0.38,0.56,199,52,252,482,27.3,Loam,Rajkot,Rabi,Chickpea
7.76,0.47,0.59,217,36,368,445,23.7,Loam,Bharuch,Rabi,Chickpea
7.58,0.57,0.6,211,59,297,456,27.3,Loam,Surendranagar,Rabi,Chickpea
6.89,0.39,0.52,238,32,295,575,26,Loam,Bharuch,Rabi,Chickpea
7.88,0.57,0.45,214,34,359,354,19.9,Loam,Gandhinagar,Rabi,Chickpea
7.41,0.46,0.51,214,32,399,459,26.3,Loam,Ahmedabad,Rabi,Chickpea
7.56,0.17,0.74,194,42,273,670,18.1,Loam,Mehsana,Rabi,Chickpea
7.14,0.6,0.48,191,55,383,501,24,Loam,Mehsana,Rabi,Chickpea
6.61,0.33,0.46,208,32,349,477,29,Loam,Kutch,Rabi,Chickpea
7.78,0.52,0.71,203,58,331,335,29.2,Loam,Vadodara,Rabi,Chickpea
6.89,0.31,0.45,153,53,373,556,23.1,Loam,Gandhinagar,Rabi,Chickpea
7.65,0.1,0.57,224,42,285,308,28.6,Loam,Kutch,Rabi,Chickpea
6.86,0.33,0.6,153,42,345,693,20.9,Loam,Surat,Rabi,Chickpea
7.72,0.42,0.53,199,52,285,403,21.9,Loam,Vadodara,Rabi,Chickpea
7.47,0.14,0.64,152,39,342,579,27.6,Loam,Surat,Rabi,Chickpea
7.56,0.31,0.64,196,34,324,324,22.1,Loam,Junagadh,Rabi,Chickpea
6.92,0.29,0.44,152,53,352,629,22.6,Loam,Junagadh,Rabi,Chickpea
7.06,0.41,0.63,222,35,316,408,25,Loam,Vadodara,Rabi,Chickpea
7.99,0.48,0.5,169,60,345,550,18.7,Loam,Rajkot,Rabi,Chickpea
7.12,0.55,0.56,235,56,261,382,27.8,Loam,Mehsana,Rabi,Chickpea
7.82,0.16,0.65,227,42,339,522,28.3,Loam,Anand,Rabi,Chickpea
7.57,0.43,0.78,196,38,391,657,20.3,Loam,Bharuch,Rabi,Chickpea
6.63,0.57,0.53,221,37,306,493,22.7,Loam,Navsari,Rabi,Chickpea
7.39,0.27,0.68,179,31,309,450,25.7,Loam,Gandhinagar,Rabi,Chickpea
7.32,0.57,0.72,200,43,266,355,27.2,Loam,Ahmedabad,Rabi,Chickpea
7.34,0.15,0.56,150,49,348,457,26.1,Loam,Gandhinagar,Rabi,Chickpea
7.27,0.61,0.57,159,45,389,380,26.1,Loam,Anand,Rabi,Chickpea
6.64,0.61,0.7,210,37,254,531,21.5,Loam,Amreli,Rabi,Chickpea
7.18,0.4,0.69,167,60,377,403,18.2,Loam,Banaskantha,Rabi,Chickpea
7.69,0.45,0.56,197,55,289,354,23.7,Loam,Kutch,Rabi,Chickpea
7.09,0.43,0.76,219,47,318,400,27.6,Loam,Mehsana,Rabi,Chickpea
6.94,0.28,0.49,221,30,350,567,21.3,Loam,Vadodara,Rabi,Chickpea
7.2,0.45,0.8,208,36,391,333,22.1,Loam,Bhavnagar,Rabi,Chickpea
7.18,0.66,0.8,232,34,385,341,22.1,Loam,Rajkot,Rabi,Chickpea
6.78,0.11,0.8,230,37,291,700,23.8,Loam,Surat,Rabi,Chickpea
7.39,0.15,0.68,229,39,377,405,29.7,Loam,Ahmedabad,Rabi,Chickpea
7.29,0.51,0.55,224,59,354,451,29.8,Loam,Rajkot,Rabi,Chickpea
7.3,0.6,0.67,211,41,308,436,18.5,Loam,Rajkot,Rabi,Chickpea
7.98,0.44,0.66,206,54,338,358,19,Loam,Vadodara,Rabi,Chickpea
7.13,0.23,0.72,185,31,355,325,19.8,Loam,Banaskantha,Rabi,Chickpea
6.65,0.33,0.72,173,43,356,617,29.5,Loam,Amreli,Rabi,Chickpea
7.66,0.37,0.8,239,56,311,409,20.1,Loam,Ahmedabad,Rabi,Chickpea
7.88,0.69,0.48,222,43,382,389,21.7,Loam,Banaskantha,Rabi,Chickpea
7.25,0.14,0.45,155,31,360,542,24.7,Loam,Amreli,Rabi,Chickpea
7.13,0.17,0.55,204,48,272,626,21.6,Loam,Bharuch,Rabi,Chickpea
7.95,0.14,0.65,219,36,400,683,27.2,Loam,Navsari,Rabi,Chickpea
6.62,0.57,0.51,153,45,277,479,18.5,Loam,Kutch,Rabi,Chickpea
7.54,0.34,0.77,220,40,301,325,18.4,Loam,Vadodara,Rabi,Chickpea
7.2,0.49,0.75,218,57,335,616,20.2,Loam,Anand,Rabi,Chickpea
6.69,0.54,0.42,199,59,338,669,26.1,Loam,Kutch,Rabi,Chickpea
7.18,0.49,0.52,167,50,264,342,24.1,Loam,Surat,Rabi,Chickpea
7.88,0.67,0.4,198,53,390,539,28.2,Loam,Rajkot,Rabi,Chickpea
7.89,0.12,0.73,204,43,384,541,25.7,Loam,Kutch,Rabi,Chickpea
7.71,0.63,0.62,212,49,349,372,19.5,Loam,Gandhinagar,Rabi,Chickpea
6.66,0.24,0.51,239,40,379,415,29.8,Loam,Bharuch,Rabi,Chickpea
7.05,0.47,0.4,236,50,274,508,26,Loam,Mehsana,Rabi,Chickpea
7.72,0.16,0.49,202,52,291,385,27.1,Loam,Anand,Rabi,Chickpea
7.76,0.43,0.75,237,30,285,351,20.9,Loam,Bhavnagar,Rabi,Chickpea
7.55,0.11,0.63,198,56,310,608,24.9,Loam,Mehsana,Rabi,Chickpea
6.79,0.28,0.62,238,38,351,303,27.1,Loam,Navsari,Rabi,Chickpea
7.54,0.28,0.8,209,48,327,406,21.7,Loam,Bharuch,Rabi,Chickpea
6.67,0.68,0.73,198,43,348,345,28,Loam,Amreli,Rabi,Chickpea
6.63,0.2,0.79,224,59,296,617,22.5,Loam,Surendranagar,Rabi,Chickpea
7.51,0.61,0.59,199,32,260,691,20.3,Loam,Ahmedabad,Rabi,Chickpea
7.01,0.58,0.68,221,44,288,493,26,Loam,Anand,Rabi,Chickpea
7.54,0.5,0.69,229,37,384,574,20.6,Loam,Banaskantha,Rabi,Chickpea
6.53,0.3,0.6,200,51,370,395,25.2,Loam,Banaskantha,Rabi,Chickpea
7.91,0.11,0.45,154,32,393,487,25,Loam,Amreli,Rabi,Chickpea
7.22,0.17,0.71,206,58,350,479,28.4,Loam,Surendranagar,Rabi,Chickpea
6.78,0.26,0.46,199,59,335,672,18.3,Loam,Anand,Rabi,Chickpea
7.27,0.17,0.44,236,48,340,597,29.9,Loam,Amreli,Rabi,Chickpea
6.77,0.45,0.68,184,38,317,314,26.6,Loam,Ahmedabad,Rabi,Chickpea
7.89,0.64,0.74,223,50,295,655,19.5,Loam,Surendranagar,Rabi,Chickpea
7.39,0.6,0.68,185,56,388,497,18.8,Loam,Bhavnagar,Rabi,Chickpea
7.91,0.2,0.72,193,52,400,360,21.5,Loam,Bharuch,Rabi,Chickpea
6.61,0.17,0.59,185,41,346,676,18.7,Loam,Rajkot,Rabi,Chickpea
7.27,0.13,0.66,220,43,279,531,29.3,Loam,Mehsana,Rabi,Chickpea
7.24,0.17,0.54,216,52,328,526,28.3,Loam,Navsari,Rabi,Chickpea
6.73,0.14,0.76,195,44,265,682,20.7,Loam,Banaskantha,Rabi,Chickpea
7.65,0.45,0.53,153,45,297,545,28.1,Loam,Banaskantha,Rabi,Chickpea
6.5,0.26,0.57,223,60,387,687,28.6,Loam,Surendranagar,Rabi,Chickpea
7.83,0.6,0.69,168,59,271,632,29.9,Loam,Junagadh,Rabi,Chickpea
6.77,0.36,0.43,212,32,348,653,23.7,Loam,Junagadh,Rabi,Chickpea
6.73,0.54,0.43,171,43,291,349,18.2,Loam,Junagadh,Rabi,Chickpea
7.32,0.6,0.41,224,32,327,663,20.7,Loam,Anand,Rabi,Chickpea
7.37,0.42,0.73,182,56,267,700,22,Loam,Rajkot,Rabi,Chickpea
7.52,0.52,0.61,171,37,263,546,27.9,Loam,Surat,Rabi,Chickpea
7.38,0.19,0.62,210,56,295,570,23.4,Loam,Rajkot,Rabi,Chickpea
6.82,0.67,0.7,188,34,309,559,23.6,Loam,Mehsana,Rabi,Chickpea
7.84,0.54,0.4,211,56,367,615,23.1,Loam,Bhavnagar,Rabi,Chickpea
7.19,0.37,0.41,209,46,344,376,22.5,Loam,Surat,Rabi,Chickpea
7.87,0.29,0.52,158,37,281,666,23.5,Loam,Navsari,Rabi,Chickpea
7.31,0.49,0.72,165,55,399,483,21,Loam,Kutch,Rabi,Chickpea
6.83,0.26,0.42,197,52,392,634,24.1,Loam,Bharuch,Rabi,Chickpea
7,0.14,0.61,227,34,276,527,19.2,Loam,Surendranagar,Rabi,Chickpea
7.28,0.37,0.61,181,32,336,608,28,Loam,Navsari,Rabi,Chickpea
7.51,0.34,0.4,207,51,284,473,21,Loam,Gandhinagar,Rabi,Chickpea
7,0.67,0.7,220,33,365,522,24.4,Loam,Surat,Rabi,Chickpea
6.69,0.38,0.43,164,30,280,518,19.8,Loam,Navsari,Rabi,Chickpea
7.67,0.27,0.63,175,32,357,586,26.3,Loam,Kutch,Rabi,Chickpea
7.51,0.33,0.65,228,30,376,324,25.6,Loam,Vadodara,Rabi,Chickpea
6.67,0.51,0.52,223,57,296,422,27,Loam,Bhavnagar,Rabi,Chickpea
7.93,0.14,0.72,228,30,279,545,25.8,Loam,Amreli,Rabi,Chickpea
7.96,0.2,0.74,209,33,305,331,22.6,Loam,Anand,Rabi,Chickpea
8,0.65,0.68,153,54,385,545,22.2,Loam,Mehsana,Rabi,Chickpea
7.48,0.44,0.46,184,60,303,468,26,Loam,Surendranagar,Rabi,Chickpea
7.9,0.68,0.49,178,32,354,680,25.2,Loam,Surat,Rabi,Chickpea
6.7,0.21,0.57,178,41,341,363,23,Loam,Mehsana,Rabi,Chickpea
7.27,0.22,0.77,210,45,290,689,18.6,Loam,Surendranagar,Rabi,Chickpea
7.34,0.4,0.45,215,47,319,372,23.6,Loam,Bhavnagar,Rabi,Chickpea
7.06,0.47,0.53,186,59,340,484,26.8,Loam,Mehsana,Rabi,Chickpea
6.89,0.62,0.78,212,43,352,453,26.9,Loam,Surendranagar,Rabi,Chickpea
7.76,0.1,0.56,226,48,326,376,22.1,Loam,Mehsana,Rabi,Chickpea
6.78,0.45,0.4,230,60,391,315,18.9,Loam,Amreli,Rabi,Chickpea
6.67,0.21,0.62,174,53,254,384,18.4,Loam,Bharuch,Rabi,Chickpea
7.03,0.36,0.66,207,58,292,640,20.4,Loam,Kutch,Rabi,Chickpea
6.68,0.54,0.43,204,32,398,355,28.6,Loam,Anand,Rabi,Chickpea
7.65,0.66,0.7,205,51,319,330,26.3,Loam,Mehsana,Rabi,Chickpea
6.55,0.68,0.7,159,46,329,323,21.6,Loam,Surendranagar,Rabi,Chickpea
7.23,0.31,0.49,165,46,385,454,25,Loam,Rajkot,Rabi,Chickpea
7.08,0.21,0.79,190,41,354,414,27.9,Loam,Ahmedabad,Rabi,Chickpea
7.11,0.61,0.67,173,37,335,375,28.5,Loam,Gandhinagar,Rabi,Chickpea
7.45,0.49,0.8,163,33,392,389,29.5,Loam,Surat,Rabi,Chickpea
6.54,0.52,0.43,169,44,271,612,18.2,Loam,Navsari,Rabi,Chickpea
7.19,0.62,0.63,235,31,335,493,19.7,Loam,Junagadh,Rabi,Chickpea
7.39,0.38,0.7,240,60,365,506,29.4,Loam,Bhavnagar,Rabi,Chickpea
6.9,0.26,0.66,185,40,379,379,25.3,Loam,Ahmedabad,Rabi,Chickpea
7.76,0.68,0.74,176,37,306,305,18.5,Loam,Navsari,Rabi,Chickpea
7.18,0.33,0.56,169,37,322,633,20.1,Loam,Bhavnagar,Rabi,Chickpea
7.47,0.13,0.45,166,50,384,622,27.6,Loam,Junagadh,Rabi,Chickpea
7.63,0.17,0.45,194,34,263,549,26,Loam,Mehsana,Rabi,Chickpea
7.24,0.49,0.44,199,41,356,513,25.8,Loam,Junagadh,Rabi,Chickpea
7.24,0.48,0.71,180,50,371,399,27.2,Loam,Bhavnagar,Rabi,Chickpea
7.05,0.25,0.55,180,57,332,479,26.9,Loam,Bhavnagar,Rabi,Chickpea
6.75,0.19,0.61,240,39,367,690,29.1,Loam,Junagadh,Rabi,Chickpea
6.58,0.39,0.71,223,30,397,346,25.8,Loam,Rajkot,Rabi,Chickpea
7.41,0.32,0.44,162,39,274,578,27.4,Loam,Banaskantha,Rabi,Chickpea
7.74,0.28,0.42,215,49,352,471,23.2,Loam,Ahmedabad,Rabi,Chickpea
7.34,0.26,0.51,190,58,346,681,26.4,Loam,Gandhinagar,Rabi,Chickpea
7.04,0.36,0.75,158,35,312,449,18.2,Loam,Bharuch,Rabi,Chickpea
7.55,0.18,0.64,187,30,272,482,18.3,Loam,Amreli,Rabi,Chickpea
7.39,0.59,0.47,162,34,277,535,19.6,Loam,Junagadh,Rabi,Chickpea
7.39,0.23,0.47,153,46,285,452,29.6,Loam,Kutch,Rabi,Chickpea
7.4,0.49,0.59,215,45,304,447,19.3,Loam,Gandhinagar,Rabi,Chickpea
6.72,0.12,0.68,178,40,376,350,25.7,Loam,Bhavnagar,Rabi,Chickpea
6.6,0.37,0.5,213,46,342,406,26.9,Loam,Surendranagar,Rabi,Chickpea
7.89,0.29,0.53,181,55,331,465,25.6,Loam,Rajkot,Rabi,Chickpea
6.97,0.16,0.52,203,59,263,447,20.9,Loam,Amreli,Rabi,Chickpea
7.83,0.24,0.79,215,39,392,687,22.9,Loam,Ahmedabad,Rabi,Chickpea
7.78,0.49,0.77,188,39,289,485,27,Loam,Banaskantha,Rabi,Chickpea
7.8,0.33,0.48,213,40,374,593,26.2,Loam,Vadodara,Rabi,Chickpea
7.93,0.67,0.61,150,57,359,403,24.9,Loam,Vadodara,Rabi,Chickpea
6.91,0.1,0.53,240,51,296,608,22.7,Loam,Gandhinagar,Rabi,Chickpea
6.57,0.62,0.5,202,53,378,331,25.3,Loam,Anand,Rabi,Chickpea
7.09,0.24,0.53,195,33,384,421,21.3,Loam,Amreli,Rabi,Chickpea
7.19,0.32,0.65,236,31,281,441,20.1,Loam,Junagadh,Rabi,Chickpea
6.86,0.22,0.63,198,47,307,453,18.4,Loam,Rajkot,Rabi,Chickpea
6.54,0.31,0.7,216,31,323,499,18.3,Loam,Surat,Rabi,Chickpea
7.86,0.48,0.49,229,43,355,523,28.9,Loam,Navsari,Rabi,Chickpea
7.41,0.35,0.75,197,53,332,552,23.4,Loam,Anand,Rabi,Chickpea
7.58,0.12,0.54,231,39,299,513,30,Loam,Surat,Rabi,Chickpea
6.62,0.69,0.8,177,32,289,651,18.9,Loam,Mehsana,Rabi,Chickpea
6.69,0.51,0.8,177,47,375,541,20.3,Loam,Surendranagar,Rabi,Chickpea
6.55,0.37,0.6,221,49,382,348,28.3,Loam,Mehsana,Rabi,Chickpea
7.66,0.37,0.4,203,57,348,520,24.1,Loam,Surendranagar,Rabi,Chickpea
6.8,0.22,0.44,191,31,388,409,20.7,Loam,Kutch,Rabi,Chickpea
6.77,0.18,0.52,155,33,318,327,22.3,Loam,Banaskantha,Rabi,Chickpea
6.85,0.33,0.65,226,46,317,544,25.9,Loam,Surat,Rabi,Chickpea
7.39,0.59,0.74,172,41,382,306,19.1,Loam,Bharuch,Rabi,Chickpea
6.85,0.66,0.61,223,43,289,309,18.4,Loam,Anand,Rabi,Chickpea
6.84,0.2,0.44,227,34,347,636,24.4,Loam,Junagadh,Rabi,Chickpea
7.77,0.39,0.6,191,52,343,486,22.2,Loam,Rajkot,Rabi,Chickpea
7.44,0.16,0.68,209,57,346,346,21.6,Loam,Bharuch,Rabi,Chickpea
7.13,0.28,0.49,213,45,250,431,25.6,Loam,Rajkot,Rabi,Chickpea
6.52,0.12,0.65,172,50,350,441,25.4,Loam,Surendranagar,Rabi,Chickpea
6.98,0.45,0.5,217,48,341,507,21.2,Loam,Amreli,Rabi,Chickpea
7.24,0.55,0.44,212,54,399,335,18.1,Loam,Gandhinagar,Rabi,Chickpea
6.76,0.31,0.54,178,58,303,554,20.4,Loam,Surat,Rabi,Chickpea
7.77,0.43,0.64,229,31,256,689,28,Loam,Surendranagar,Rabi,Chickpea
6.54,0.25,0.41,159,55,283,530,23.5,Loam,Ahmedabad,Rabi,Chickpea
7.94,0.69,0.45,235,48,344,688,23.7,Loam,Navsari,Rabi,Chickpea
6.95,0.16,0.69,189,46,323,389,19.1,Loam,Bharuch,Rabi,Chickpea
7.23,0.56,0.8,169,32,315,328,25.9,Loam,Anand,Rabi,Chickpea
7.21,0.53,0.74,235,32,301,521,23.8,Loam,Rajkot,Rabi,Chickpea
7.45,0.41,0.52,225,51,378,621,27,Loam,Kutch,Rabi,Chickpea
6.73,0.62,0.68,238,55,282,531,28.6,Loam,Rajkot,Rabi,Chickpea
6.96,0.49,0.72,150,48,369,422,28.5,Loam,Surat,Rabi,Chickpea
7.84,0.46,0.61,155,37,381,382,26.5,Loam,Surendranagar,Rabi,Chickpea
7.39,0.32,0.46,157,39,364,621,26,Loam,Navsari,Rabi,Chickpea
7.86,0.67,0.56,176,55,325,496,21.1,Loam,Banaskantha,Rabi,Chickpea
7.15,0.3,0.45,162,32,253,336,29.4,Loam,Amreli,Rabi,Chickpea
7.76,0.53,0.79,230,46,273,479,28.6,Loam,Mehsana,Rabi,Chickpea
7.3,0.2,0.57,221,46,355,496,18.4,Loam,Surat,Rabi,Chickpea
6.72,0.66,0.44,181,51,399,468,26.5,Loam,Vadodara,Rabi,Chickpea
7.58,0.45,0.72,196,44,254,407,19,Loam,Mehsana,Rabi,Chickpea
7.49,0.13,0.73,161,54,304,381,21.3,Loam,Anand,Rabi,Chickpea
7.22,0.13,0.44,160,38,296,414,23.3,Loam,Navsari,Rabi,Chickpea
7.56,0.51,0.8,197,57,281,526,27.1,Loam,Bharuch,Rabi,Chickpea
7.46,0.1,0.56,239,38,379,533,22.7,Loam,Mehsana,Rabi,Chickpea
6.64,0.6,0.69,159,43,350,700,22.2,Loam,Bharuch,Rabi,Chickpea
7.16,0.57,0.55,169,32,305,522,18.6,Loam,Gandhinagar,Rabi,Chickpea
7.8,0.28,0.59,170,58,294,645,19.5,Loam,Vadodara,Rabi,Chickpea
6.8,0.16,0.56,190,32,348,444,27.5,Loam,Mehsana,Rabi,Chickpea
7.49,0.57,0.51,151,30,382,466,26.7,Loam,Kutch,Rabi,Chickpea
7.49,0.26,0.46,209,54,351,654,19.3,Loam,Anand,Rabi,Chickpea
7.44,0.38,0.62,225,43,334,678,24.9,Loam,Surat,Rabi,Chickpea
6.65,0.43,0.6,234,59,383,535,24.2,Loam,Vadodara,Rabi,Chickpea
7.17,0.26,0.63,237,33,358,548,18.8,Loam,Ahmedabad,Rabi,Chickpea
7.21,0.51,0.61,205,43,376,579,24.4,Loam,Bhavnagar,Rabi,Chickpea
7.14,0.21,0.48,221,59,344,374,25.9,Loam,Gandhinagar,Rabi,Chickpea
7.42,0.58,0.43,193,60,323,658,19,Loam,Junagadh,Rabi,Chickpea
7.1,0.57,0.62,161,33,389,583,25.7,Loam,Ahmedabad,Rabi,Chickpea
7.52,0.56,0.6,218,45,301,439,24.1,Loam,Mehsana,Rabi,Chickpea
7.66,0.17,0.5,201,57,355,531,22.5,Loam,Bhavnagar,Rabi,Chickpea
7.93,0.44,0.52,167,36,274,700,29.7,Loam,Amreli,Rabi,Chickpea
7.53,0.44,0.65,235,42,400,616,22.1,Loam,Surat,Rabi,Chickpea
7.72,0.48,0.64,195,44,255,323,19.3,Loam,Vadodara,Rabi,Chickpea
6.6,0.19,0.69,230,60,265,389,20.7,Loam,Bharuch,Rabi,Chickpea
7.9,0.47,0.78,155,36,387,359,28.8,Loam,Ahmedabad,Rabi,Chickpea
7.92,0.13,0.4,200,57,297,677,29,Loam,Surendranagar,Rabi,Chickpea
7.34,0.2,0.54,222,55,341,403,23.3,Loam,Rajkot,Rabi,Chickpea
7.79,0.53,0.62,196,36,296,666,23.3,Loam,Bharuch,Rabi,Chickpea
6.7,0.68,0.57,209,41,320,597,25.8,Loam,Banaskantha,Rabi,Chickpea
7.25,0.68,0.5,191,51,311,541,27.3,Loam,Bharuch,Rabi,Chickpea
7.74,0.64,0.78,240,46,302,302,26.6,Loam,Banaskantha,Rabi,Chickpea
6.89,0.17,0.58,156,38,398,652,23,Loam,Banaskantha,Rabi,Chickpea
6.95,0.37,0.65,160,59,399,335,23.1,Loam,Gandhinagar,Rabi,Chickpea
7.54,0.41,0.78,154,38,364,374,18,Loam,Surat,Rabi,Chickpea
7.37,0.44,0.75,212,30,393,525,23.7,Loam,Vadodara,Rabi,Chickpea
7.5,0.64,0.52,172,38,322,427,19,Loam,Banaskantha,Rabi,Chickpea
7.36,0.59,0.44,177,42,370,634,28.2,Loam,Junagadh,Rabi,Chickpea
7.38,0.7,0.54,235,53,317,375,24,Loam,Rajkot,Rabi,Chickpea
7.54,0.41,0.45,219,31,310,697,21.3,Loam,Surendranagar,Rabi,Chickpea
7.19,0.28,0.62,220,50,305,321,29.2,Loam,Vadodara,Rabi,Chickpea
6.54,0.62,0.62,213,50,341,651,28.7,Loam,Mehsana,Rabi,Chickpea
7.05,0.43,0.64,213,38,379,582,26.2,Loam,Ahmedabad,Rabi,Chickpea
7.48,0.25,0.75,171,36,293,575,22.8,Loam,Amreli,Rabi,Chickpea
7.72,0.1,0.56,209,32,374,449,19.7,Loam,Anand,Rabi,Chickpea
7.73,0.43,0.72,156,60,354,522,27.5,Loam,Navsari,Rabi,Chickpea
7.02,0.15,0.57,154,55,275,380,27.6,Loam,Bhavnagar,Rabi,Chickpea
7.77,0.17,0.62,162,52,354,327,23.5,Loam,Bhavnagar,Rabi,Chickpea
6.65,0.45,0.73,228,50,291,509,26.8,Loam,Ahmedabad,Rabi,Chickpea
7.34,0.38,0.69,170,31,347,399,18.8,Loam,Rajkot,Rabi,Chickpea
7.71,0.65,0.45,182,36,296,599,22.3,Loam,Junagadh,Rabi,Chickpea
7.5,0.58,0.74,239,42,323,375,29.4,Loam,Bhavnagar,Rabi,Chickpea
6.69,0.65,0.47,185,55,367,700,19.7,Loam,Kutch,Rabi,Chickpea
6.81,0.41,0.62,212,31,361,324,21.7,Loam,Amreli,Rabi,Chickpea
6.53,0.37,0.77,195,45,268,595,25.5,Loam,Kutch,Rabi,Chickpea
7.22,0.27,0.46,230,32,315,374,29.4,Loam,Navsari,Rabi,Chickpea
6.54,0.49,0.71,179,60,361,639,22.6,Loam,Banaskantha,Rabi,Chickpea
6.7,0.46,0.6,174,46,306,588,21.5,Loam,Rajkot,Rabi,Chickpea
7.78,0.23,0.51,188,45,264,513,26,Loam,Kutch,Rabi,Chickpea
7.5,0.18,0.73,190,52,363,688,19.2,Loam,Junagadh,Rabi,Chickpea
7.69,0.27,0.6,240,48,342,383,21.2,Loam,Surat,Rabi,Chickpea
7.47,0.57,0.76,186,38,298,709,33.2,Medium Black,Banaskantha,Kharif,Pigeon Pea
7.16,0.59,0.42,151,29,231,697,26.1,Medium Black,Surendranagar,Kharif,Pigeon Pea
8.1,0.31,0.63,201,44,289,805,28.7,Medium Black,Gandhinagar,Kharif,Pigeon Pea
6.91,0.27,0.66,203,37,321,978,28.4,Medium Black,Banaskantha,Kharif,Pigeon Pea
7.63,0.23,0.68,153,37,369,891,33.9,Medium Black,Surendranagar,Kharif,Pigeon Pea
6.22,0.2,0.71,160,28,328,859,26.6,Medium Black,Surat,Kharif,Pigeon Pea
7.6,0.62,0.51,176,47,382,568,25.2,Medium Black,Rajkot,Kharif,Pigeon Pea
6.23,0.27,0.61,180,55,378,521,32.4,Medium Black,Anand,Kharif,Pigeon Pea
7.2,0.56,0.78,164,38,313,538,31.6,Medium Black,Banaskantha,Kharif,Pigeon Pea
6.31,0.46,0.43,169,40,325,680,26,Medium Black,Banaskantha,Kharif,Pigeon Pea
7.7,0.12,0.58,208,31,285,546,24.2,Medium Black,Gandhinagar,Kharif,Pigeon Pea
6.92,0.68,0.64,147,46,274,665,26.7,Medium Black,Rajkot,Kharif,Pigeon Pea
6.62,0.36,0.51,156,48,398,811,32.9,Medium Black,Bhavnagar,Kharif,Pigeon Pea
6.5,0.59,0.67,211,35,369,664,24,Medium Black,Bharuch,Kharif,Pigeon Pea
6.4,0.58,0.68,152,36,306,966,29.7,Medium Black,Banaskantha,Kharif,Pigeon Pea
7.75,0.65,0.43,196,28,330,700,27.4,Medium Black,Ahmedabad,Kharif,Pigeon Pea
7.82,0.17,0.43,200,49,220,604,25.3,Medium Black,Kutch,Kharif,Pigeon Pea
6.7,0.52,0.48,165,37,238,948,26.9,Medium Black,Gandhinagar,Kharif,Pigeon Pea
7.36,0.59,0.66,183,27,299,927,32.6,Medium Black,Anand,Kharif,Pigeon Pea
6.33,0.62,0.74,192,42,347,986,25.8,Medium Black,Rajkot,Kharif,Pigeon Pea
7.19,0.39,0.47,187,31,359,926,31.6,Medium Black,Vadodara,Kharif,Pigeon Pea
6.28,0.22,0.53,214,44,321,974,28.6,Medium Black,Surat,Kharif,Pigeon Pea
7.53,0.19,0.48,149,48,267,658,26,Medium Black,Ahmedabad,Kharif,Pigeon Pea
7.59,0.18,0.64,165,54,397,912,27.8,Medium Black,Rajkot,Kharif,Pigeon Pea
6.87,0.46,0.78,173,25,318,501,24.8,Medium Black,Ahmedabad,Kharif,Pigeon Pea
7.66,0.52,0.4,210,33,372,785,26.8,Medium Black,Vadodara,Kharif,Pigeon Pea
6.64,0.22,0.76,143,40,295,764,25.1,Medium Black,Anand,Kharif,Pigeon Pea
7.57,0.32,0.48,171,55,329,965,30.2,Medium Black,Anand,Kharif,Pigeon Pea
7.09,0.17,0.41,140,39,389,679,27.9,Medium Black,Vadodara,Kharif,Pigeon Pea
8.12,0.26,0.7,204,38,362,881,33.7,Medium Black,Rajkot,Kharif,Pigeon Pea
6.48,0.64,0.67,206,40,376,501,33.2,Medium Black,Gandhinagar,Kharif,Pigeon Pea
7.82,0.13,0.7,147,40,252,789,26.5,Medium Black,Ahmedabad,Kharif,Pigeon Pea
8.16,0.25,0.57,196,31,245,967,33.2,Medium Black,Bhavnagar,Kharif,Pigeon Pea
6.56,0.41,0.5,209,43,337,671,27.1,Medium Black,Rajkot,Kharif,Pigeon Pea
7.54,0.21,0.51,185,44,268,958,30.2,Medium Black,Amreli,Kharif,Pigeon Pea
8,0.69,0.6,159,54,356,954,29.1,Medium Black,Surendranagar,Kharif,Pigeon Pea
7.03,0.55,0.7,188,25,295,527,25.8,Medium Black,Navsari,Kharif,Pigeon Pea
6.81,0.38,0.41,175,42,240,605,26.4,Medium Black,Mehsana,Kharif,Pigeon Pea
8.15,0.2,0.74,159,33,292,975,25.3,Medium Black,Bharuch,Kharif,Pigeon Pea
6.29,0.43,0.52,215,32,371,909,26.2,Medium Black,Junagadh,Kharif,Pigeon Pea
6.98,0.19,0.57,209,47,257,617,30.2,Medium Black,Banaskantha,Kharif,Pigeon Pea
6.79,0.65,0.7,200,33,310,904,26.6,Medium Black,Ahmedabad,Kharif,Pigeon Pea
7.63,0.53,0.41,164,46,251,832,30.4,Medium Black,Mehsana,Kharif,Pigeon Pea
7.99,0.33,0.63,200,44,372,949,27.1,Medium Black,Anand,Kharif,Pigeon Pea
7.46,0.46,0.56,181,54,292,766,32.3,Medium Black,Gandhinagar,Kharif,Pigeon Pea
7.19,0.44,0.69,217,27,382,562,30.2,Medium Black,Rajkot,Kharif,Pigeon Pea
7.86,0.24,0.52,197,40,261,796,25,Medium Black,Anand,Kharif,Pigeon Pea
6.82,0.54,0.45,172,39,398,500,29.6,Medium Black,Rajkot,Kharif,Pigeon Pea
7.57,0.57,0.44,158,36,351,938,29.5,Medium Black,Bhavnagar,Kharif,Pigeon Pea
6.72,0.54,0.78,155,45,349,933,24.3,Medium Black,Vadodara,Kharif,Pigeon Pea
7.42,0.15,0.47,209,52,375,789,27.7,Medium Black,Rajkot,Kharif,Pigeon Pea
7.47,0.5,0.59,179,49,383,966,27.1,Medium Black,Surendranagar,Kharif,Pigeon Pea
6.95,0.35,0.69,169,37,307,563,32.5,Medium Black,Bharuch,Kharif,Pigeon Pea
7.75,0.11,0.58,160,31,336,890,25.2,Medium Black,Vadodara,Kharif,Pigeon Pea
6.25,0.57,0.47,157,25,276,1000,32.6,Medium Black,Mehsana,Kharif,Pigeon Pea
6.44,0.24,0.71,218,45,388,727,33.9,Medium Black,Rajkot,Kharif,Pigeon Pea
7.44,0.61,0.76,195,45,266,859,26.6,Medium Black,Navsari,Kharif,Pigeon Pea
6.26,0.32,0.63,162,32,312,804,24.6,Medium Black,Bharuch,Kharif,Pigeon Pea
8.06,0.19,0.47,159,44,332,747,31.9,Medium Black,Vadodara,Kharif,Pigeon Pea
7.46,0.58,0.51,211,50,301,967,27.1,Medium Black,Amreli,Kharif,Pigeon Pea
6.52,0.12,0.52,204,48,335,977,25.8,Medium Black,Amreli,Kharif,Pigeon Pea
7.4,0.49,0.75,212,37,334,622,26.5,Medium Black,Kutch,Kharif,Pigeon Pea
7.93,0.24,0.41,220,38,275,574,26.1,Medium Black,Kutch,Kharif,Pigeon Pea
6.35,0.15,0.79,185,55,311,948,32.3,Medium Black,Surat,Kharif,Pigeon Pea
6.47,0.63,0.66,155,37,325,564,24.7,Medium Black,Bhavnagar,Kharif,Pigeon Pea
7.05,0.61,0.59,211,48,316,605,29,Medium Black,Junagadh,Kharif,Pigeon Pea
6.67,0.11,0.57,171,55,352,718,30.7,Medium Black,Amreli,Kharif,Pigeon Pea
6.97,0.41,0.73,198,35,348,632,33.1,Medium Black,Vadodara,Kharif,Pigeon Pea
6.65,0.56,0.61,210,38,304,779,27.3,Medium Black,Mehsana,Kharif,Pigeon Pea
7.23,0.38,0.69,197,30,338,639,32.9,Medium Black,Junagadh,Kharif,Pigeon Pea
6.69,0.28,0.4,187,52,363,982,32,Medium Black,Bharuch,Kharif,Pigeon Pea
7.26,0.12,0.49,151,40,242,801,29.9,Medium Black,Navsari,Kharif,Pigeon Pea
6.88,0.61,0.8,217,40,232,718,26.7,Medium Black,Junagadh,Kharif,Pigeon Pea
7.8,0.52,0.66,149,45,264,848,27.2,Medium Black,Ahmedabad,Kharif,Pigeon Pea
6.41,0.29,0.74,220,35,266,927,32.8,Medium Black,Bharuch,Kharif,Pigeon Pea
6.47,0.36,0.72,163,26,249,685,29.5,Medium Black,Surat,Kharif,Pigeon Pea
8.05,0.64,0.79,169,44,309,597,25.1,Medium Black,Kutch,Kharif,Pigeon Pea
7.44,0.48,0.74,155,36,252,575,32.8,Medium Black,Navsari,Kharif,Pigeon Pea
6.85,0.56,0.73,210,43,328,514,30.9,Medium Black,Bharuch,Kharif,Pigeon Pea
6.35,0.55,0.49,189,37,339,506,30.6,Medium Black,Ahmedabad,Kharif,Pigeon Pea
7.73,0.36,0.77,147,47,327,648,24.3,Medium Black,Rajkot,Kharif,Pigeon Pea
7.28,0.21,0.69,142,51,398,881,25,Medium Black,Bhavnagar,Kharif,Pigeon Pea
6.76,0.37,0.41,165,54,352,789,32.9,Medium Black,Vadodara,Kharif,Pigeon Pea
6.65,0.37,0.7,177,38,247,679,33,Medium Black,Amreli,Kharif,Pigeon Pea
6.51,0.49,0.43,171,54,286,540,26.9,Medium Black,Amreli,Kharif,Pigeon Pea
7.03,0.43,0.45,189,36,358,856,26.2,Medium Black,Gandhinagar,Kharif,Pigeon Pea
6.68,0.22,0.79,218,38,348,779,27.2,Medium Black,Bhavnagar,Kharif,Pigeon Pea
8.05,0.68,0.8,174,35,323,761,30.3,Medium Black,Gandhinagar,Kharif,Pigeon Pea
6.3,0.46,0.49,150,44,315,751,29.7,Medium Black,Vadodara,Kharif,Pigeon Pea
7.33,0.21,0.65,216,48,284,945,26.6,Medium Black,Banaskantha,Kharif,Pigeon Pea
6.64,0.38,0.68,179,35,336,939,32.3,Medium Black,Navsari,Kharif,Pigeon Pea
7.39,0.53,0.69,161,50,279,529,28.8,Medium Black,Rajkot,Kharif,Pigeon Pea
7.96,0.57,0.66,182,54,395,516,30.5,Medium Black,Mehsana,Kharif,Pigeon Pea
7.04,0.6,0.8,204,32,333,709,32.4,Medium Black,Junagadh,Kharif,Pigeon Pea
7.22,0.57,0.76,216,42,244,855,30.5,Medium Black,Gandhinagar,Kharif,Pigeon Pea
7.26,0.17,0.42,198,25,350,835,30.4,Medium Black,Bhavnagar,Kharif,Pigeon Pea
7.77,0.25,0.74,169,49,392,568,27.5,Medium Black,Amreli,Kharif,Pigeon Pea
6.38,0.6,0.68,212,46,304,538,33.6,Medium Black,Junagadh,Kharif,Pigeon Pea
7.34,0.32,0.67,156,37,310,959,31.6,Medium Black,Rajkot,Kharif,Pigeon Pea
7.01,0.31,0.52,195,30,394,949,32.7,Medium Black,Junagadh,Kharif,Pigeon Pea
7.27,0.41,0.7,200,45,327,652,31.4,Medium Black,Navsari,Kharif,Pigeon Pea
6.68,0.64,0.47,162,41,314,666,33.4,Medium Black,Bharuch,Kharif,Pigeon Pea
7.36,0.54,0.48,175,43,279,681,26.9,Medium Black,Bhavnagar,Kharif,Pigeon Pea
6.29,0.66,0.48,199,38,238,802,30.8,Medium Black,Surat,Kharif,Pigeon Pea
7.1,0.38,0.5,152,25,263,918,32.3,Medium Black,Bharuch,Kharif,Pigeon Pea
7.11,0.5,0.74,214,32,273,669,33.4,Medium Black,Rajkot,Kharif,Pigeon Pea
7.59,0.31,0.43,177,43,290,520,30.6,Medium Black,Navsari,Kharif,Pigeon Pea
8.05,0.36,0.74,157,32,370,734,31.7,Medium Black,Rajkot,Kharif,Pigeon Pea
7.25,0.4,0.44,146,39,316,937,31.7,Medium Black,Vadodara,Kharif,Pigeon Pea
7.53,0.56,0.77,180,42,388,824,30.9,Medium Black,Bharuch,Kharif,Pigeon Pea
6.29,0.19,0.49,196,54,339,708,29.9,Medium Black,Gandhinagar,Kharif,Pigeon Pea
7.63,0.18,0.55,174,43,320,695,24.3,Medium Black,Bharuch,Kharif,Pigeon Pea
6.22,0.43,0.59,203,51,252,607,29.5,Medium Black,Gandhinagar,Kharif,Pigeon Pea
6.43,0.19,0.56,195,30,374,696,30.7,Medium Black,Mehsana,Kharif,Pigeon Pea
7.46,0.51,0.59,173,30,354,788,32.7,Medium Black,Amreli,Kharif,Pigeon Pea
6.99,0.29,0.67,177,37,220,822,30.5,Medium Black,Mehsana,Kharif,Pigeon Pea
7.25,0.3,0.6,217,44,281,574,24.7,Medium Black,Kutch,Kharif,Pigeon Pea
7.86,0.54,0.48,144,54,291,652,25.3,Medium Black,Banaskantha,Kharif,Pigeon Pea
6.85,0.23,0.78,208,49,308,713,26.5,Medium Black,Bhavnagar,Kharif,Pigeon Pea
6.23,0.29,0.47,143,52,299,850,31.7,Medium Black,Surendranagar,Kharif,Pigeon Pea
6.39,0.66,0.44,189,49,293,931,25,Medium Black,Junagadh,Kharif,Pigeon Pea
6.32,0.23,0.63,172,51,332,636,32,Medium Black,Amreli,Kharif,Pigeon Pea
7.7,0.12,0.72,190,25,315,946,30.7,Medium Black,Bhavnagar,Kharif,Pigeon Pea
7.86,0.56,0.57,140,49,253,870,29.6,Medium Black,Kutch,Kharif,Pigeon Pea
7.2,0.4,0.6,141,39,256,641,25.5,Medium Black,Gandhinagar,Kharif,Pigeon Pea
6.86,0.11,0.7,196,52,338,574,25.5,Medium Black,Bharuch,Kharif,Pigeon Pea
8.19,0.33,0.58,175,44,300,955,32.6,Medium Black,Junagadh,Kharif,Pigeon Pea
6.38,0.29,0.41,207,36,362,665,31.6,Medium Black,Bhavnagar,Kharif,Pigeon Pea
6.78,0.33,0.43,203,50,369,586,33.6,Medium Black,Gandhinagar,Kharif,Pigeon Pea
6.33,0.46,0.74,158,37,243,747,25.2,Medium Black,Gandhinagar,Kharif,Pigeon Pea
6.32,0.45,0.6,200,29,226,534,31.7,Medium Black,Mehsana,Kharif,Pigeon Pea
7.5,0.29,0.5,150,32,276,568,30.7,Medium Black,Bhavnagar,Kharif,Pigeon Pea
7.37,0.34,0.5,151,32,224,931,24.4,Medium Black,Surendranagar,Kharif,Pigeon Pea
6.97,0.19,0.55,190,43,249,842,27.3,Medium Black,Junagadh,Kharif,Pigeon Pea
6.89,0.57,0.43,208,40,397,694,25.7,Medium Black,Junagadh,Kharif,Pigeon Pea
6.76,0.36,0.44,148,26,331,996,30.9,Medium Black,Banaskantha,Kharif,Pigeon Pea
6.9,0.4,0.43,188,27,355,813,26,Medium Black,Banaskantha,Kharif,Pigeon Pea
7.59,0.36,0.48,194,37,248,653,27.6,Medium Black,Mehsana,Kharif,Pigeon Pea
6.34,0.39,0.55,147,55,278,917,28.6,Medium Black,Ahmedabad,Kharif,Pigeon Pea
7.49,0.21,0.43,161,49,389,837,32.3,Medium Black,Surendranagar,Kharif,Pigeon Pea
6.4,0.67,0.61,217,46,240,566,27.1,Medium Black,Anand,Kharif,Pigeon Pea
7.63,0.14,0.43,220,44,281,904,32,Medium Black,Surat,Kharif,Pigeon Pea
6.23,0.51,0.42,170,45,260,918,33.3,Medium Black,Banaskantha,Kharif,Pigeon Pea
7.76,0.52,0.78,169,39,338,688,28.4,Medium Black,Kutch,Kharif,Pigeon Pea
6.41,0.43,0.74,187,29,228,745,25.3,Medium Black,Banaskantha,Kharif,Pigeon Pea
8.18,0.55,0.48,189,33,369,653,30.9,Medium Black,Surat,Kharif,Pigeon Pea
8.08,0.66,0.61,172,48,301,684,25.6,Medium Black,Anand,Kharif,Pigeon Pea
6.95,0.27,0.75,172,50,252,586,29.1,Medium Black,Navsari,Kharif,Pigeon Pea
6.38,0.24,0.56,165,29,309,951,27.2,Medium Black,Anand,Kharif,Pigeon Pea
6.42,0.23,0.48,167,25,309,718,25,Medium Black,Rajkot,Kharif,Pigeon Pea
6.36,0.5,0.68,203,29,272,856,33.9,Medium Black,Gandhinagar,Kharif,Pigeon Pea
7.63,0.47,0.6,155,55,274,879,32.7,Medium Black,Bhavnagar,Kharif,Pigeon Pea
8.05,0.15,0.45,153,41,369,515,33.4,Medium Black,Kutch,Kharif,Pigeon Pea
7.66,0.4,0.63,167,53,276,605,24.5,Medium Black,Surat,Kharif,Pigeon Pea
7.23,0.49,0.43,217,42,328,920,33.3,Medium Black,Junagadh,Kharif,Pigeon Pea
7.92,0.59,0.6,211,43,324,836,33.2,Medium Black,Mehsana,Kharif,Pigeon Pea
6.44,0.24,0.71,206,38,265,777,26.5,Medium Black,Mehsana,Kharif,Pigeon Pea
7.64,0.11,0.79,207,49,335,748,30.6,Medium Black,Mehsana,Kharif,Pigeon Pea
6.27,0.34,0.6,146,30,291,645,28.2,Medium Black,Amreli,Kharif,Pigeon Pea
8.06,0.49,0.77,207,48,382,869,27.8,Medium Black,Junagadh,Kharif,Pigeon Pea
7.58,0.67,0.63,200,25,257,795,24.4,Medium Black,Surendranagar,Kharif,Pigeon Pea
6.95,0.69,0.72,159,54,383,634,29.5,Medium Black,Rajkot,Kharif,Pigeon Pea
6.8,0.33,0.63,166,51,322,597,30.5,Medium Black,Vadodara,Kharif,Pigeon Pea
7.99,0.33,0.71,188,38,393,768,31.2,Medium Black,Navsari,Kharif,Pigeon Pea
6.31,0.25,0.51,172,53,307,993,26.8,Medium Black,Ahmedabad,Kharif,Pigeon Pea
7.11,0.59,0.74,162,54,326,597,26.2,Medium Black,Kutch,Kharif,Pigeon Pea
7.09,0.4,0.43,200,36,371,693,28.1,Medium Black,Bhavnagar,Kharif,Pigeon Pea
6.78,0.5,0.56,206,46,288,978,29.9,Medium Black,Gandhinagar,Kharif,Pigeon Pea
6.45,0.39,0.55,152,33,223,980,25.8,Medium Black,Anand,Kharif,Pigeon Pea
7.48,0.64,0.77,193,25,316,971,27.5,Medium Black,Anand,Kharif,Pigeon Pea
6.9,0.21,0.7,186,25,372,843,27,Medium Black,Ahmedabad,Kharif,Pigeon Pea
6.24,0.54,0.61,176,42,388,859,31.1,Medium Black,Bhavnagar,Kharif,Pigeon Pea
7.72,0.42,0.6,181,39,300,725,28,Medium Black,Ahmedabad,Kharif,Pigeon Pea
7.5,0.58,0.64,141,45,229,966,29.1,Medium Black,Surat,Kharif,Pigeon Pea
7.5,0.13,0.57,218,47,228,738,28.7,Medium Black,Gandhinagar,Kharif,Pigeon Pea
7.82,0.25,0.48,140,43,400,849,28.6,Medium Black,Vadodara,Kharif,Pigeon Pea
6.87,0.12,0.68,165,31,269,917,33.7,Medium Black,Anand,Kharif,Pigeon Pea
7.98,0.24,0.44,200,48,254,999,30.8,Medium Black,Banaskantha,Kharif,Pigeon Pea
8.08,0.52,0.44,204,36,280,881,26.6,Medium Black,Ahmedabad,Kharif,Pigeon Pea
7.99,0.6,0.42,182,48,353,932,27.2,Medium Black,Ahmedabad,Kharif,Pigeon Pea
6.62,0.2,0.77,145,39,399,989,31.9,Medium Black,Gandhinagar,Kharif,Pigeon Pea
7.15,0.51,0.51,158,55,228,690,32.4,Medium Black,Junagadh,Kharif,Pigeon Pea
7.7,0.15,0.61,190,52,350,588,28.7,Medium Black,Surat,Kharif,Pigeon Pea
7.69,0.13,0.71,209,27,292,789,28.4,Medium Black,Bhavnagar,Kharif,Pigeon Pea
6.71,0.43,0.43,204,47,252,737,24.8,Medium Black,Surendranagar,Kharif,Pigeon Pea
7.78,0.63,0.71,154,43,289,769,25.7,Medium Black,Gandhinagar,Kharif,Pigeon Pea
7.03,0.23,0.48,216,33,330,619,27.7,Medium Black,Mehsana,Kharif,Pigeon Pea
7.8,0.58,0.56,208,49,270,662,33.9,Medium Black,Surat,Kharif,Pigeon Pea
7.88,0.27,0.58,179,51,397,905,28.5,Medium Black,Navsari,Kharif,Pigeon Pea
8.08,0.55,0.64,165,28,396,833,32.2,Medium Black,Gandhinagar,Kharif,Pigeon Pea
6.35,0.25,0.57,205,28,395,574,31.2,Medium Black,Vadodara,Kharif,Pigeon Pea
6.74,0.58,0.46,168,39,282,801,30.8,Medium Black,Gandhinagar,Kharif,Pigeon Pea
7.53,0.66,0.51,153,33,399,672,33.2,Medium Black,Rajkot,Kharif,Pigeon Pea
6.63,0.26,0.46,187,43,228,704,26.4,Medium Black,Gandhinagar,Kharif,Pigeon Pea
6.84,0.3,0.5,204,34,229,931,24.2,Medium Black,Rajkot,Kharif,Pigeon Pea
7.81,0.69,0.71,216,43,344,802,31,Medium Black,Gandhinagar,Kharif,Pigeon Pea
7.01,0.1,0.67,191,47,326,967,30.6,Medium Black,Kutch,Kharif,Pigeon Pea
7.08,0.22,0.63,163,40,357,844,33.4,Medium Black,Kutch,Kharif,Pigeon Pea
7.63,0.62,0.68,203,43,352,805,24.4,Medium Black,Bhavnagar,Kharif,Pigeon Pea
7.56,0.42,0.64,163,51,224,755,30.6,Medium Black,Bhavnagar,Kharif,Pigeon Pea
6.69,0.14,0.41,164,37,253,643,24.1,Medium Black,Rajkot,Kharif,Pigeon Pea
7.42,0.57,0.46,188,33,321,746,26.9,Medium Black,Surendranagar,Kharif,Pigeon Pea
6.84,0.51,0.48,162,29,384,968,31.4,Medium Black,Vadodara,Kharif,Pigeon Pea
6.81,0.33,0.69,206,51,389,647,29,Medium Black,Bharuch,Kharif,Pigeon Pea
7.86,0.32,0.53,201,34,266,503,24.3,Medium Black,Surat,Kharif,Pigeon Pea
6.81,0.7,0.66,152,55,295,942,25.8,Medium Black,Surat,Kharif,Pigeon Pea
7.55,0.5,0.42,155,32,338,943,33.2,Medium Black,Banaskantha,Kharif,Pigeon Pea
6.51,0.43,0.52,144,50,366,706,30.1,Medium Black,Vadodara,Kharif,Pigeon Pea
7.18,0.42,0.76,169,45,339,661,32.4,Medium Black,Amreli,Kharif,Pigeon Pea
8.07,0.11,0.45,180,50,366,847,29.4,Medium Black,Vadodara,Kharif,Pigeon Pea
6.97,0.21,0.47,174,40,386,518,26.3,Medium Black,Surat,Kharif,Pigeon Pea
7.76,0.54,0.48,208,53,224,530,27.9,Medium Black,Junagadh,Kharif,Pigeon Pea
7.43,0.35,0.79,158,43,279,786,33.5,Medium Black,Vadodara,Kharif,Pigeon Pea
6.93,0.36,0.63,162,49,221,519,30.9,Medium Black,Kutch,Kharif,Pigeon Pea
6.46,0.63,0.51,215,28,276,520,30.3,Medium Black,Junagadh,Kharif,Pigeon Pea
7.22,0.29,0.72,147,33,251,796,25.9,Medium Black,Junagadh,Kharif,Pigeon Pea
7.82,0.63,0.51,152,36,247,995,32.9,Medium Black,Amreli,Kharif,Pigeon Pea
6.54,0.17,0.67,161,48,367,690,24.6,Medium Black,Amreli,Kharif,Pigeon Pea
6.69,0.22,0.7,155,31,365,795,30.4,Medium Black,Surendranagar,Kharif,Pigeon Pea
7.63,0.29,0.75,204,53,250,644,33.8,Medium Black,Surat,Kharif,Pigeon Pea
6.83,0.2,0.44,174,50,378,543,27.9,Medium Black,Junagadh,Kharif,Pigeon Pea
7.58,0.15,0.73,214,35,277,849,25.4,Medium Black,Junagadh,Kharif,Pigeon Pea
6.86,0.39,0.66,162,51,389,776,24.9,Medium Black,Surendranagar,Kharif,Pigeon Pea
7.51,0.25,0.53,155,47,387,816,30.5,Medium Black,Banaskantha,Kharif,Pigeon Pea
7.92,0.38,0.64,208,52,242,748,28.1,Medium Black,Kutch,Kharif,Pigeon Pea
6.41,0.59,0.7,153,28,309,641,32,Medium Black,Bhavnagar,Kharif,Pigeon Pea
6.43,0.36,0.58,146,27,390,649,25.1,Medium Black,Surendranagar,Kharif,Pigeon Pea
8.12,0.5,0.76,211,41,255,917,24.3,Medium Black,Kutch,Kharif,Pigeon Pea
6.9,0.67,0.66,143,45,226,815,29.5,Medium Black,Bhavnagar,Kharif,Pigeon Pea
7.19,0.36,0.55,212,31,376,733,25.3,Medium Black,Junagadh,Kharif,Pigeon Pea
7.69,0.48,0.55,192,47,338,816,31.2,Medium Black,Gandhinagar,Kharif,Pigeon Pea
8.09,0.14,0.79,199,51,377,659,32,Medium Black,Rajkot,Kharif,Pigeon Pea
6.66,0.31,0.63,156,35,271,627,30.5,Medium Black,Navsari,Kharif,Pigeon Pea
7.74,0.45,0.72,198,46,270,508,28,Medium Black,Anand,Kharif,Pigeon Pea
7.3,0.38,0.62,195,51,249,794,25.8,Medium Black,Bhavnagar,Kharif,Pigeon Pea
7.54,0.63,0.73,158,42,399,676,26.9,Medium Black,Junagadh,Kharif,Pigeon Pea
6.48,0.55,0.57,189,50,353,836,26.6,Medium Black,Rajkot,Kharif,Pigeon Pea
6.84,0.36,0.66,161,35,358,634,29.2,Medium Black,Ahmedabad,Kharif,Pigeon Pea
6.23,0.3,0.66,218,42,267,861,28.4,Medium Black,Navsari,Kharif,Pigeon Pea
8,0.69,0.54,195,34,376,897,28.6,Medium Black,Anand,Kharif,Pigeon Pea
7.17,0.45,0.47,212,41,244,660,32.2,Medium Black,Navsari,Kharif,Pigeon Pea
8.11,0.32,0.48,178,51,273,510,30.1,Medium Black,Ahmedabad,Kharif,Pigeon Pea
7.4,0.4,0.66,166,28,232,864,25.8,Medium Black,Mehsana,Kharif,Pigeon Pea
6.88,0.19,0.66,191,33,306,814,29.2,Medium Black,Navsari,Kharif,Pigeon Pea
6.71,0.3,0.72,195,36,377,916,27.6,Medium Black,Bhavnagar,Kharif,Pigeon Pea
6.71,0.25,0.64,184,55,228,628,33.9,Medium Black,Bharuch,Kharif,Pigeon Pea
7.62,0.5,0.67,212,48,255,886,30.9,Medium Black,Navsari,Kharif,Pigeon Pea
6.84,0.26,0.64,163,49,354,607,24.7,Medium Black,Bharuch,Kharif,Pigeon Pea
7.11,0.52,0.74,214,34,289,965,25.3,Medium Black,Amreli,Kharif,Pigeon Pea
7.45,0.44,0.67,198,52,295,579,28.4,Medium Black,Bhavnagar,Kharif,Pigeon Pea
6.64,0.61,0.65,181,51,385,674,24.2,Medium Black,Gandhinagar,Kharif,Pigeon Pea
7.26,0.5,0.68,148,53,331,600,29.5,Medium Black,Mehsana,Kharif,Pigeon Pea
7.54,0.14,0.8,183,48,364,888,25.6,Medium Black,Amreli,Kharif,Pigeon Pea
6.41,0.62,0.6,176,37,260,625,33.8,Medium Black,Ahmedabad,Kharif,Pigeon Pea
8.16,0.33,0.73,187,37,277,956,30.3,Medium Black,Junagadh,Kharif,Pigeon Pea
6.3,0.51,0.73,164,31,301,797,32.5,Medium Black,Rajkot,Kharif,Pigeon Pea
6.9,0.59,0.41,220,36,304,867,28,Medium Black,Anand,Kharif,Pigeon Pea
6.38,0.66,0.79,196,31,307,816,33.5,Medium Black,Bhavnagar,Kharif,Pigeon Pea
7.21,0.53,0.73,189,50,258,688,31.5,Medium Black,Navsari,Kharif,Pigeon Pea
7.6,0.49,0.45,194,54,313,713,30.9,Medium Black,Surendranagar,Kharif,Pigeon Pea
7.13,0.29,0.56,171,37,311,674,29.1,Medium Black,Gandhinagar,Kharif,Pigeon Pea
6.43,0.13,0.63,192,39,366,699,30,Medium Black,Navsari,Kharif,Pigeon Pea
7.98,0.49,0.77,169,34,292,602,28.2,Medium Black,Mehsana,Kharif,Pigeon Pea
8.02,0.15,0.57,207,31,347,806,31.7,Medium Black,Gandhinagar,Kharif,Pigeon Pea
7.46,0.14,0.69,168,47,283,712,31.4,Medium Black,Rajkot,Kharif,Pigeon Pea
6.31,0.38,0.62,194,40,318,895,30.8,Medium Black,Surat,Kharif,Pigeon Pea
6.77,0.7,0.41,182,54,360,929,30.9,Medium Black,Ahmedabad,Kharif,Pigeon Pea
7.54,0.58,0.67,179,44,358,821,33.1,Medium Black,Kutch,Kharif,Pigeon Pea
7.56,0.17,0.74,188,34,361,903,32.5,Medium Black,Junagadh,Kharif,Pigeon Pea
8.13,0.5,0.55,197,53,320,656,28.3,Medium Black,Surat,Kharif,Pigeon Pea
7.9,0.63,0.48,161,53,292,566,29.4,Medium Black,Ahmedabad,Kharif,Pigeon Pea
6.56,0.4,0.77,220,29,242,733,26.2,Medium Black,Bhavnagar,Kharif,Pigeon Pea
8.1,0.69,0.57,169,44,234,693,33.1,Medium Black,Surendranagar,Kharif,Pigeon Pea
7.18,0.2,0.67,160,54,390,599,28.1,Medium Black,Ahmedabad,Kharif,Pigeon Pea
6.35,0.26,0.68,192,36,397,910,31.4,Medium Black,Kutch,Kharif,Pigeon Pea
6.44,0.25,0.76,160,37,248,984,31.1,Medium Black,Anand,Kharif,Pigeon Pea
6.59,0.62,0.63,172,51,306,872,28.5,Medium Black,Bhavnagar,Kharif,Pigeon Pea
6.73,0.69,0.58,174,42,267,716,25,Medium Black,Junagadh,Kharif,Pigeon Pea
7.36,0.64,0.54,201,41,238,993,29.6,Medium Black,Mehsana,Kharif,Pigeon Pea
7.48,0.11,0.8,168,45,281,883,25.2,Medium Black,Bharuch,Kharif,Pigeon Pea
7.04,0.39,0.54,171,45,391,520,29.3,Medium Black,Rajkot,Kharif,Pigeon Pea
7.4,0.22,0.67,147,37,365,706,30.9,Medium Black,Banaskantha,Kharif,Pigeon Pea
7.3,0.46,0.57,213,27,236,521,32.4,Medium Black,Mehsana,Kharif,Pigeon Pea
7.86,0.45,0.75,207,37,274,784,30.9,Medium Black,Surendranagar,Kharif,Pigeon Pea
6.72,0.58,0.71,152,54,319,538,28,Medium Black,Surat,Kharif,Pigeon Pea
7.8,0.34,0.53,207,36,269,793,33.4,Medium Black,Kutch,Kharif,Pigeon Pea
7.82,0.57,0.77,177,50,351,902,24.2,Medium Black,Vadodara,Kharif,Pigeon Pea
7.89,0.39,0.5,214,41,344,684,29.3,Medium Black,Bharuch,Kharif,Pigeon Pea
7.64,0.13,0.52,215,32,348,735,24.7,Medium Black,Mehsana,Kharif,Pigeon Pea
7.4,0.55,0.58,169,35,391,644,31.6,Medium Black,Kutch,Kharif,Pigeon Pea
6.74,0.57,0.62,219,25,307,940,31.3,Medium Black,Kutch,Kharif,Pigeon Pea
6.32,0.17,0.7,181,29,321,538,31.7,Medium Black,Bharuch,Kharif,Pigeon Pea
7.56,0.48,0.47,177,36,383,705,28.2,Medium Black,Surat,Kharif,Pigeon Pea
6.29,0.17,0.61,150,38,270,925,28.4,Medium Black,Surat,Kharif,Pigeon Pea
7.96,0.68,0.5,165,52,363,927,27.5,Medium Black,Ahmedabad,Kharif,Pigeon Pea
7.34,0.48,0.58,220,53,235,906,25.1,Medium Black,Anand,Kharif,Pigeon Pea
7.61,0.26,0.45,194,29,376,590,26,Medium Black,Ahmedabad,Kharif,Pigeon Pea
6.57,0.61,0.5,164,32,314,990,28.5,Medium Black,Junagadh,Kharif,Pigeon Pea
7.98,0.29,0.52,156,51,237,612,30.4,Medium Black,Junagadh,Kharif,Pigeon Pea
6.96,0.21,0.64,157,50,390,839,29.1,Medium Black,Amreli,Kharif,Pigeon Pea
8.17,0.32,0.52,181,53,279,956,25.2,Medium Black,Gandhinagar,Kharif,Pigeon Pea
7,0.45,0.42,143,25,392,795,27.9,Medium Black,Gandhinagar,Kharif,Pigeon Pea
6.81,0.24,0.76,215,49,277,642,27.6,Medium Black,Surendranagar,Kharif,Pigeon Pea
6.34,0.52,0.45,186,53,386,829,32.4,Medium Black,Surat,Kharif,Pigeon Pea
6.98,0.34,0.78,142,49,398,844,24.8,Medium Black,Kutch,Kharif,Pigeon Pea
6.53,0.14,0.48,169,53,322,754,25.6,Medium Black,Gandhinagar,Kharif,Pigeon Pea
6.66,0.69,0.62,192,44,230,601,27.4,Medium Black,Bhavnagar,Kharif,Pigeon Pea
7.69,0.68,0.42,158,41,376,675,31.3,Medium Black,Navsari,Kharif,Pigeon Pea
6.47,0.64,0.62,152,45,239,837,28.3,Medium Black,Banaskantha,Kharif,Pigeon Pea
6.52,0.59,0.75,171,45,316,753,29.5,Medium Black,Surat,Kharif,Pigeon Pea
6.59,0.58,0.67,173,37,316,979,33.3,Medium Black,Ahmedabad,Kharif,Pigeon Pea
8.06,0.34,0.45,166,26,226,878,28.9,Medium Black,Junagadh,Kharif,Pigeon Pea
6.68,0.4,0.58,203,34,330,934,33.7,Medium Black,Mehsana,Kharif,Pigeon Pea
7.53,0.11,0.61,161,36,392,730,24.3,Medium Black,Surendranagar,Kharif,Pigeon Pea
7.67,0.3,0.54,160,42,282,688,30.3,Medium Black,Kutch,Kharif,Pigeon Pea
6.71,0.16,0.63,169,52,359,522,27.5,Medium Black,Kutch,Kharif,Pigeon Pea
7.77,0.61,0.64,173,48,350,802,29.1,Medium Black,Surendranagar,Kharif,Pigeon Pea
6.44,0.56,0.57,146,54,357,514,31.7,Medium Black,Vadodara,Kharif,Pigeon Pea
7.78,0.66,0.8,169,46,400,872,29.9,Medium Black,Bharuch,Kharif,Pigeon Pea
6.95,0.56,0.78,141,55,227,941,31.6,Medium Black,Amreli,Kharif,Pigeon Pea
7.16,0.45,0.5,192,49,305,649,31.4,Medium Black,Kutch,Kharif,Pigeon Pea
6.59,0.55,0.71,205,45,222,968,31.3,Medium Black,Surendranagar,Kharif,Pigeon Pea
8,0.24,0.58,220,27,396,698,29,Medium Black,Navsari,Kharif,Pigeon Pea
7.76,0.57,0.78,210,26,308,822,30.9,Medium Black,Navsari,Kharif,Pigeon Pea
6.9,0.18,0.47,205,30,287,797,25.1,Medium Black,Mehsana,Kharif,Pigeon Pea
7.1,0.3,0.47,204,43,271,550,31.7,Medium Black,Vadodara,Kharif,Pigeon Pea
7.24,0.39,0.71,191,50,373,873,26.6,Medium Black,Rajkot,Kharif,Pigeon Pea
7.3,0.27,0.43,181,48,347,532,26.6,Medium Black,Surendranagar,Kharif,Pigeon Pea
7.3,0.37,0.52,155,25,303,705,28.1,Medium Black,Ahmedabad,Kharif,Pigeon Pea
8.01,0.61,0.57,144,30,307,964,31.5,Medium Black,Mehsana,Kharif,Pigeon Pea
7.67,0.3,0.49,201,42,318,714,27.9,Medium Black,Ahmedabad,Kharif,Pigeon Pea
7.88,0.12,0.77,152,28,383,846,31.2,Medium Black,Vadodara,Kharif,Pigeon Pea
7.32,0.15,0.75,201,44,367,989,29.1,Medium Black,Surendranagar,Kharif,Pigeon Pea
6.73,0.53,0.62,184,27,373,804,28.1,Medium Black,Bhavnagar,Kharif,Pigeon Pea
6.52,0.55,0.78,208,43,381,529,29.1,Medium Black,Gandhinagar,Kharif,Pigeon Pea
6.42,0.32,0.57,161,31,277,853,30.1,Medium Black,Navsari,Kharif,Pigeon Pea
7.09,0.7,0.46,202,50,266,565,26.7,Medium Black,Surendranagar,Kharif,Pigeon Pea
6.83,0.42,0.69,152,28,329,568,27.4,Medium Black,Surendranagar,Kharif,Pigeon Pea
7.69,0.6,0.74,197,55,236,757,27.7,Medium Black,Navsari,Kharif,Pigeon Pea
7.54,0.7,0.58,155,37,271,559,30.9,Medium Black,Mehsana,Kharif,Pigeon Pea
6.3,0.58,0.46,199,41,320,950,31.8,Medium Black,Mehsana,Kharif,Pigeon Pea
7.69,0.14,0.47,169,46,291,895,31.7,Medium Black,Junagadh,Kharif,Pigeon Pea
7.87,0.36,0.69,145,46,351,954,33,Medium Black,Kutch,Kharif,Pigeon Pea
7.31,0.54,0.7,199,34,382,827,26.1,Medium Black,Junagadh,Kharif,Pigeon Pea
7.9,0.66,0.6,180,49,360,648,25.6,Medium Black,Navsari,Kharif,Pigeon Pea
7.42,0.32,0.5,218,30,348,753,27.9,Medium Black,Kutch,Kharif,Pigeon Pea
6.88,0.37,0.49,206,38,324,786,29.2,Medium Black,Vadodara,Kharif,Pigeon Pea
8.2,0.23,0.64,156,46,298,917,24.9,Medium Black,Bhavnagar,Kharif,Pigeon Pea
7.98,0.39,0.48,162,55,321,837,27,Medium Black,Mehsana,Kharif,Pigeon Pea
6.39,0.48,0.52,211,43,235,893,33.7,Medium Black,Mehsana,Kharif,Pigeon Pea
6.79,0.58,0.49,218,43,247,792,33.5,Medium Black,Vadodara,Kharif,Pigeon Pea
7.15,0.5,0.57,172,47,290,864,29.3,Medium Black,Banaskantha,Kharif,Pigeon Pea
8.09,0.15,0.47,180,29,392,953,29.1,Medium Black,Junagadh,Kharif,Pigeon Pea
6.44,0.13,0.46,176,38,315,577,33,Medium Black,Kutch,Kharif,Pigeon Pea
7.53,0.18,0.46,191,29,284,648,26.2,Medium Black,Bharuch,Kharif,Pigeon Pea
6.51,0.47,0.46,144,38,327,972,27.5,Medium Black,Surendranagar,Kharif,Pigeon Pea
7.03,0.49,0.65,203,26,268,725,33.7,Medium Black,Junagadh,Kharif,Pigeon Pea
6.33,0.13,0.76,187,47,313,747,31.8,Medium Black,Surat,Kharif,Pigeon Pea
8.02,0.63,0.78,156,35,399,731,29.6,Medium Black,Gandhinagar,Kharif,Pigeon Pea
6.39,0.16,0.66,149,51,393,852,32.8,Medium Black,Anand,Kharif,Pigeon Pea
8.07,0.49,0.65,148,47,340,931,32.2,Medium Black,Mehsana,Kharif,Pigeon Pea
7.32,0.58,0.77,204,49,242,684,29.5,Medium Black,Mehsana,Kharif,Pigeon Pea
7.46,0.36,0.49,166,39,352,636,24.6,Medium Black,Rajkot,Kharif,Pigeon Pea
7.35,0.39,0.54,191,51,265,889,25.1,Medium Black,Anand,Kharif,Pigeon Pea
6.24,0.64,0.68,148,50,366,886,26.9,Medium Black,Kutch,Kharif,Pigeon Pea
6.86,0.36,0.54,215,26,234,599,33,Medium Black,Surendranagar,Kharif,Pigeon Pea
7.28,0.35,0.78,148,54,297,716,32.5,Medium Black,Junagadh,Kharif,Pigeon Pea
6.48,0.62,0.65,162,31,340,907,33.6,Medium Black,Gandhinagar,Kharif,Pigeon Pea
8.17,0.35,0.76,154,48,290,741,24,Medium Black,Amreli,Kharif,Pigeon Pea
6.99,0.11,0.55,192,53,400,859,33.1,Medium Black,Banaskantha,Kharif,Pigeon Pea
6.46,0.33,0.46,169,37,254,526,33.9,Medium Black,Navsari,Kharif,Pigeon Pea
6.48,0.16,0.69,203,38,278,515,25.5,Medium Black,Amreli,Kharif,Pigeon Pea
8.19,0.17,0.62,165,28,370,700,30.9,Medium Black,Surat,Kharif,Pigeon Pea
6.93,0.14,0.7,204,30,392,719,26.5,Medium Black,Gandhinagar,Kharif,Pigeon Pea
7.25,0.41,0.68,158,34,304,850,30.2,Medium Black,Banaskantha,Kharif,Pigeon Pea
7.24,0.42,0.69,167,43,250,903,28.9,Medium Black,Bharuch,Kharif,Pigeon Pea
6.46,0.41,0.66,168,44,266,860,31,Medium Black,Vadodara,Kharif,Pigeon Pea
6.81,0.57,0.75,200,26,315,972,27.2,Medium Black,Junagadh,Kharif,Pigeon Pea
7.79,0.3,0.52,181,36,269,593,26.9,Medium Black,Surendranagar,Kharif,Pigeon Pea
6.6,0.69,0.65,201,26,260,871,30.4,Medium Black,Navsari,Kharif,Pigeon Pea
7.55,0.11,0.59,152,40,361,735,29.1,Medium Black,Gandhinagar,Kharif,Pigeon Pea
7.7,0.54,0.68,141,25,290,926,31.8,Medium Black,Bharuch,Kharif,Pigeon Pea
8.17,0.31,0.64,157,40,314,617,28.7,Medium Black,Surat,Kharif,Pigeon Pea
6.53,0.34,0.76,213,52,308,602,28.5,Medium Black,Navsari,Kharif,Pigeon Pea
6.75,0.67,0.69,155,30,260,693,33.1,Medium Black,Surendranagar,Kharif,Pigeon Pea
6.35,0.49,0.65,170,38,372,583,33.2,Medium Black,Junagadh,Kharif,Pigeon Pea
7.36,0.57,0.8,205,36,280,942,27.1,Medium Black,Amreli,Kharif,Pigeon Pea
7.4,0.65,0.6,213,36,280,759,34,Medium Black,Junagadh,Kharif,Pigeon Pea
8.08,0.5,0.41,166,52,346,637,29.5,Medium Black,Anand,Kharif,Pigeon Pea
7.2,0.59,0.57,168,53,345,694,30.1,Medium Black,Ahmedabad,Kharif,Pigeon Pea
6.34,0.3,0.77,220,44,385,624,25.1,Medium Black,Navsari,Kharif,Pigeon Pea
7.53,0.57,0.64,143,35,229,908,31.4,Medium Black,Bharuch,Kharif,Pigeon Pea
6.41,0.45,0.64,192,49,235,624,33.3,Medium Black,Kutch,Kharif,Pigeon Pea
7.77,0.2,0.79,189,27,224,836,27.6,Medium Black,Bharuch,Kharif,Pigeon Pea
7.4,0.39,0.44,219,45,313,625,28.4,Medium Black,Gandhinagar,Kharif,Pigeon Pea
7.17,0.55,0.4,218,42,354,659,28.7,Medium Black,Vadodara,Kharif,Pigeon Pea
7.51,0.14,0.67,155,36,294,665,33.4,Medium Black,Ahmedabad,Kharif,Pigeon Pea
6.8,0.55,0.68,215,41,253,766,29.3,Medium Black,Anand,Kharif,Pigeon Pea
7.78,0.38,0.4,215,39,284,934,25.1,Medium Black,Mehsana,Kharif,Pigeon Pea
7.77,0.56,0.67,202,48,310,750,33.3,Medium Black,Anand,Kharif,Pigeon Pea
6.57,0.56,0.48,196,35,397,973,27.5,Medium Black,Anand,Kharif,Pigeon Pea
7.3,0.6,0.44,180,52,361,629,25,Medium Black,Anand,Kharif,Pigeon Pea
6.21,0.54,0.65,160,30,225,708,26.9,Medium Black,Junagadh,Kharif,Pigeon Pea
7.04,0.36,0.47,204,32,326,899,24.8,Medium Black,Bhavnagar,Kharif,Pigeon Pea
6.36,0.62,0.47,204,47,390,857,33.2,Medium Black,Surat,Kharif,Pigeon Pea
7.64,0.41,0.4,195,34,372,946,30.5,Medium Black,Anand,Kharif,Pigeon Pea
7.96,0.44,0.49,184,28,380,955,25.6,Medium Black,Vadodara,Kharif,Pigeon Pea
7.48,0.42,0.68,196,39,264,797,33.6,Medium Black,Vadodara,Kharif,Pigeon Pea
7.14,0.22,0.49,193,41,247,565,26.2,Medium Black,Bhavnagar,Kharif,Pigeon Pea
6.64,0.61,0.46,146,26,237,825,24.9,Medium Black,Surendranagar,Kharif,Pigeon Pea
6.57,0.64,0.77,201,31,354,769,33.4,Medium Black,Surendranagar,Kharif,Pigeon Pea
7.85,0.48,0.47,157,33,380,601,31.5,Medium Black,Vadodara,Kharif,Pigeon Pea
8.09,0.67,0.44,149,26,333,910,30.4,Medium Black,Amreli,Kharif,Pigeon Pea
8.02,0.13,0.54,146,26,370,970,29.8,Medium Black,Banaskantha,Kharif,Pigeon Pea
7.46,0.38,0.53,143,41,315,821,25.2,Medium Black,Anand,Kharif,Pigeon Pea
7.95,0.67,0.53,178,28,262,923,25.6,Medium Black,Junagadh,Kharif,Pigeon Pea
7.88,0.17,0.47,204,39,304,530,33.9,Medium Black,Ahmedabad,Kharif,Pigeon Pea
7.14,0.12,0.63,215,40,283,785,24.1,Medium Black,Navsari,Kharif,Pigeon Pea
7.41,0.24,0.76,153,44,243,516,26.8,Medium Black,Navsari,Kharif,Pigeon Pea
6.44,0.33,0.62,155,50,346,662,31.5,Medium Black,Junagadh,Kharif,Pigeon Pea
7.33,0.43,0.72,177,42,281,673,33.3,Medium Black,Anand,Kharif,Pigeon Pea
6.52,0.3,0.49,193,48,267,654,33.2,Medium Black,Banaskantha,Kharif,Pigeon Pea
8.16,0.55,0.54,169,46,269,981,31.3,Medium Black,Gandhinagar,Kharif,Pigeon Pea
6.88,0.58,0.7,213,52,237,957,28.8,Medium Black,Vadodara,Kharif,Pigeon Pea
7.66,0.21,0.66,174,51,228,822,33.4,Medium Black,Mehsana,Kharif,Pigeon Pea
8.08,0.4,0.43,209,36,309,730,28.8,Medium Black,Junagadh,Kharif,Pigeon Pea
7.09,0.37,0.59,195,54,253,966,28.6,Medium Black,Anand,Kharif,Pigeon Pea
7.82,0.33,0.78,176,30,228,627,24.2,Medium Black,Surendranagar,Kharif,Pigeon Pea
7.61,0.31,0.62,207,29,348,533,27.2,Medium Black,Mehsana,Kharif,Pigeon Pea
6.24,0.53,0.77,211,37,249,970,32.8,Medium Black,Junagadh,Kharif,Pigeon Pea
7.84,0.29,0.5,199,35,300,531,31.5,Medium Black,Mehsana,Kharif,Pigeon Pea
6.4,0.28,0.52,215,33,291,710,31.5,Medium Black,Ahmedabad,Kharif,Pigeon Pea
7,0.35,0.49,184,28,369,993,31,Medium Black,Bhavnagar,Kharif,Pigeon Pea
7.85,0.42,0.77,164,33,399,947,30.2,Medium Black,Rajkot,Kharif,Pigeon Pea
6.84,0.3,0.47,219,30,338,736,28.7,Medium Black,Rajkot,Kharif,Pigeon Pea
6.58,0.42,0.64,192,28,320,511,24.6,Medium Black,Rajkot,Kharif,Pigeon Pea
6.43,0.59,0.79,220,40,348,727,24.7,Medium Black,Kutch,Kharif,Pigeon Pea
7.41,0.38,0.68,214,30,366,937,26.4,Medium Black,Surendranagar,Kharif,Pigeon Pea
7.76,0.67,0.46,180,42,296,524,32.2,Medium Black,Banaskantha,Kharif,Pigeon Pea
7.48,0.61,0.78,182,25,369,894,26.7,Medium Black,Kutch,Kharif,Pigeon Pea
6.99,0.3,0.77,140,38,352,790,24.3,Medium Black,Anand,Kharif,Pigeon Pea
6.93,0.32,0.46,204,41,372,733,26,Medium Black,Junagadh,Kharif,Pigeon Pea
7.08,0.11,0.75,214,25,264,637,32.2,Medium Black,Kutch,Kharif,Pigeon Pea
7.75,0.16,0.58,157,31,347,791,30.3,Medium Black,Junagadh,Kharif,Pigeon Pea
7.34,0.11,0.76,164,49,234,559,30.8,Medium Black,Vadodara,Kharif,Pigeon Pea
6.45,0.61,0.79,176,39,225,632,29.3,Medium Black,Junagadh,Kharif,Pigeon Pea
6.54,0.15,0.71,177,47,289,929,28.9,Medium Black,Surendranagar,Kharif,Pigeon Pea
6.96,0.13,0.73,152,35,227,505,28.8,Medium Black,Surendranagar,Kharif,Pigeon Pea
7.22,0.36,0.46,147,27,256,517,25.4,Medium Black,Surendranagar,Kharif,Pigeon Pea
6.84,0.19,0.77,162,26,343,837,33.2,Medium Black,Kutch,Kharif,Pigeon Pea
7.14,0.32,0.72,180,46,338,553,31.3,Medium Black,Surendranagar,Kharif,Pigeon Pea
7.4,0.69,0.46,142,50,226,723,32.5,Medium Black,Surat,Kharif,Pigeon Pea
7.05,0.66,0.61,214,33,370,856,25.5,Medium Black,Rajkot,Kharif,Pigeon Pea
7.47,0.17,0.4,211,27,346,762,26,Medium Black,Vadodara,Kharif,Pigeon Pea
7.89,0.14,0.65,215,47,270,854,31.7,Medium Black,Bhavnagar,Kharif,Pigeon Pea
6.42,0.69,0.54,204,27,354,900,29.1,Medium Black,Bharuch,Kharif,Pigeon Pea
7.13,0.33,0.41,148,45,399,730,24.8,Medium Black,Vadodara,Kharif,Pigeon Pea
7.58,0.64,0.54,173,43,270,812,25.2,Medium Black,Mehsana,Kharif,Pigeon Pea
6.52,0.6,0.57,147,50,360,989,26,Medium Black,Navsari,Kharif,Pigeon Pea
6.61,0.14,0.75,206,35,396,1000,32.5,Medium Black,Junagadh,Kharif,Pigeon Pea
7.22,0.37,0.6,195,37,394,626,27.1,Medium Black,Anand,Kharif,Pigeon Pea
6.59,0.54,0.43,194,49,353,603,25.6,Medium Black,Gandhinagar,Kharif,Pigeon Pea
8.12,0.22,0.69,190,35,294,619,28.4,Medium Black,Rajkot,Kharif,Pigeon Pea
6.46,0.34,0.64,162,41,375,735,30.5,Medium Black,Navsari,Kharif,Pigeon Pea
7.34,0.37,0.44,218,49,393,612,27.1,Medium Black,Gandhinagar,Kharif,Pigeon Pea
7.49,0.33,0.44,153,25,379,773,33.2,Medium Black,Navsari,Kharif,Pigeon Pea
6.93,0.15,0.45,180,49,346,554,29.4,Medium Black,Bharuch,Kharif,Pigeon Pea
6.98,0.18,0.75,154,47,222,706,29.3,Medium Black,Ahmedabad,Kharif,Pigeon Pea
7.88,0.63,0.54,193,36,358,628,24.3,Medium Black,Kutch,Kharif,Pigeon Pea
7.63,0.66,0.43,147,31,333,636,29.8,Medium Black,Surat,Kharif,Pigeon Pea
7.05,0.32,0.6,149,30,240,859,25.6,Medium Black,Ahmedabad,Kharif,Pigeon Pea
7.48,0.28,0.53,200,51,391,569,25.2,Medium Black,Surendranagar,Kharif,Pigeon Pea
8.15,0.52,0.65,171,43,316,769,33.2,Medium Black,Amreli,Kharif,Pigeon Pea
7.77,0.4,0.63,195,40,265,591,31.7,Medium Black,Bharuch,Kharif,Pigeon Pea
8.11,0.56,0.66,167,55,313,514,32.1,Medium Black,Surat,Kharif,Pigeon Pea
7.01,0.41,0.74,176,51,375,647,30,Medium Black,Mehsana,Kharif,Pigeon Pea
6.61,0.39,0.51,202,31,263,990,26.9,Medium Black,Rajkot,Kharif,Pigeon Pea
8.1,0.44,0.53,186,33,364,889,33.4,Medium Black,Gandhinagar,Kharif,Pigeon Pea
6.51,0.37,0.56,173,27,264,960,29.4,Medium Black,Gandhinagar,Kharif,Pigeon Pea
6.42,0.15,0.79,215,51,293,639,27.1,Medium Black,Banaskantha,Kharif,Pigeon Pea
6.96,0.66,0.47,203,26,222,658,25.7,Medium Black,Vadodara,Kharif,Pigeon Pea
8.08,0.53,0.51,200,55,249,584,24.5,Medium Black,Surat,Kharif,Pigeon Pea
8.16,0.15,0.62,208,26,317,905,29.6,Medium Black,Amreli,Kharif,Pigeon Pea
6.69,0.48,0.59,196,37,397,746,33.7,Medium Black,Amreli,Kharif,Pigeon Pea
8.08,0.44,0.61,213,28,361,745,31,Medium Black,Banaskantha,Kharif,Pigeon Pea
7.35,0.32,0.61,154,43,385,887,31.2,Medium Black,Navsari,Kharif,Pigeon Pea
7.03,0.28,0.77,154,27,355,767,24,Medium Black,Bhavnagar,Kharif,Pigeon Pea
6.74,0.37,0.68,194,28,328,808,26.1,Medium Black,Gandhinagar,Kharif,Pigeon Pea
6.68,0.14,0.7,190,32,347,934,24,Medium Black,Amreli,Kharif,Pigeon Pea
6.34,0.32,0.62,157,37,236,704,26.5,Medium Black,Vadodara,Kharif,Pigeon Pea
6.76,0.27,0.6,181,44,225,886,25.1,Medium Black,Amreli,Kharif,Pigeon Pea
7.84,0.14,0.79,149,39,313,685,24.2,Medium Black,Vadodara,Kharif,Pigeon Pea
7.1,0.17,0.44,200,55,344,512,24.8,Medium Black,Surat,Kharif,Pigeon Pea
6.59,0.63,0.6,157,46,357,622,32.4,Medium Black,Banaskantha,Kharif,Pigeon Pea
6.45,0.19,0.5,155,48,240,835,29.5,Medium Black,Navsari,Kharif,Pigeon Pea
7.98,0.58,0.42,203,33,277,885,25.4,Medium Black,Mehsana,Kharif,Pigeon Pea
8,0.48,0.48,168,46,344,696,24.4,Medium Black,Vadodara,Kharif,Pigeon Pea
6.95,0.68,0.64,175,53,257,646,32.2,Medium Black,Anand,Kharif,Pigeon Pea
6.48,0.64,0.51,201,29,348,942,26.5,Medium Black,Surat,Kharif,Pigeon Pea
6.81,0.24,0.65,145,49,395,844,26.2,Medium Black,Amreli,Kharif,Pigeon Pea
7.52,0.3,0.44,185,41,274,656,30.8,Medium Black,Anand,Kharif,Pigeon Pea
7.11,0.12,0.73,204,50,398,542,31.3,Medium Black,Bhavnagar,Kharif,Pigeon Pea
7.69,0.53,0.77,176,48,388,572,26.8,Medium Black,Banaskantha,Kharif,Pigeon Pea
7.07,0.24,0.72,203,36,261,570,29.1,Medium Black,Amreli,Kharif,Pigeon Pea
6.26,0.47,0.64,173,44,360,518,32.2,Medium Black,Banaskantha,Kharif,Pigeon Pea
6.66,0.37,0.61,150,33,309,675,26.7,Medium Black,Navsari,Kharif,Pigeon Pea
6.75,0.28,0.71,216,53,385,737,33.2,Medium Black,Amreli,Kharif,Pigeon Pea
7.06,0.21,0.72,166,50,284,772,26.1,Medium Black,Kutch,Kharif,Pigeon Pea
6.91,0.69,0.58,220,52,276,752,29.4,Medium Black,Surat,Kharif,Pigeon Pea
8.14,0.22,0.76,153,52,319,668,26.2,Medium Black,Anand,Kharif,Pigeon Pea
8.03,0.25,0.78,218,37,333,966,27.5,Medium Black,Junagadh,Kharif,Pigeon Pea
6.91,0.16,0.75,151,36,379,830,24.9,Medium Black,Surendranagar,Kharif,Pigeon Pea
6.66,0.64,0.49,190,30,381,834,32,Medium Black,Junagadh,Kharif,Pigeon Pea
6.44,0.3,0.62,154,49,234,861,31.3,Medium Black,Rajkot,Kharif,Pigeon Pea
6.36,0.24,0.48,157,25,389,825,30.6,Medium Black,Junagadh,Kharif,Pigeon Pea
6.37,0.67,0.49,209,30,252,822,28.3,Medium Black,Bharuch,Kharif,Pigeon Pea
6.99,0.34,0.79,211,47,384,711,28.2,Medium Black,Bharuch,Kharif,Pigeon Pea
7.16,0.47,0.79,176,42,358,708,32,Medium Black,Vadodara,Kharif,Pigeon Pea
8.11,0.44,0.44,161,44,365,889,27.3,Medium Black,Rajkot,Kharif,Pigeon Pea
8.14,0.18,0.77,179,43,386,606,29.3,Medium Black,Vadodara,Kharif,Pigeon Pea
6.23,0.44,0.46,196,36,268,565,30.2,Medium Black,Banaskantha,Kharif,Pigeon Pea
6.78,0.4,0.56,156,26,398,974,24.8,Medium Black,Bhavnagar,Kharif,Pigeon Pea
8.08,0.11,0.56,181,49,270,603,25.7,Medium Black,Surendranagar,Kharif,Pigeon Pea
7.88,0.47,0.73,211,37,317,658,32.8,Medium Black,Rajkot,Kharif,Pigeon Pea
6.88,0.7,0.55,172,54,325,908,27.3,Medium Black,Surat,Kharif,Pigeon Pea
7.44,0.57,0.77,216,40,363,577,28.3,Medium Black,Junagadh,Kharif,Pigeon Pea
7.25,0.1,0.58,165,30,261,713,24.4,Medium Black,Anand,Kharif,Pigeon Pea
7.26,0.56,0.61,164,54,364,541,26,Medium Black,Banaskantha,Kharif,Pigeon Pea
7.12,0.17,0.75,142,55,313,608,29.6,Medium Black,Rajkot,Kharif,Pigeon Pea
7.73,0.47,0.4,174,30,348,949,32.3,Medium Black,Surat,Kharif,Pigeon Pea
7.68,0.17,0.41,150,25,389,996,30.2,Medium Black,Amreli,Kharif,Pigeon Pea
7.69,0.6,0.65,166,47,356,587,24.7,Medium Black,Junagadh,Kharif,Pigeon Pea
6.39,0.32,0.44,193,26,373,750,32.1,Medium Black,Banaskantha,Kharif,Pigeon Pea
7.16,0.12,0.78,159,47,228,797,28.4,Medium Black,Anand,Kharif,Pigeon Pea
7.55,0.61,0.57,170,28,228,525,30,Medium Black,Vadodara,Kharif,Pigeon Pea
6.6,0.46,0.74,220,33,255,568,33.1,Medium Black,Vadodara,Kharif,Pigeon Pea
7.69,0.24,0.59,173,53,343,897,30.9,Medium Black,Junagadh,Kharif,Pigeon Pea
7.16,0.33,0.46,169,51,252,999,31.8,Medium Black,Junagadh,Kharif,Pigeon Pea
7.36,0.26,0.52,173,41,276,542,29,Medium Black,Bhavnagar,Kharif,Pigeon Pea
7.36,0.61,0.8,141,50,238,703,24.8,Medium Black,Bhavnagar,Kharif,Pigeon Pea
7.77,0.53,0.49,143,54,344,602,28.7,Medium Black,Anand,Kharif,Pigeon Pea
7.97,0.29,0.55,173,41,281,706,26.1,Medium Black,Gandhinagar,Kharif,Pigeon Pea
7.85,0.16,0.48,205,44,362,779,25,Medium Black,Banaskantha,Kharif,Pigeon Pea
6.84,0.36,0.61,162,46,273,977,33.8,Medium Black,Mehsana,Kharif,Pigeon Pea
7.06,0.23,0.79,158,46,253,616,32.2,Medium Black,Amreli,Kharif,Pigeon Pea
7.04,0.15,0.45,175,55,256,598,32.9,Medium Black,Ahmedabad,Kharif,Pigeon Pea
7.84,0.57,0.7,197,38,223,872,31.6,Medium Black,Kutch,Kharif,Pigeon Pea
7.48,0.31,0.45,173,32,297,588,25.2,Medium Black,Surat,Kharif,Pigeon Pea
8.19,0.42,0.6,212,53,271,857,33.6,Medium Black,Surat,Kharif,Pigeon Pea
7.61,0.36,0.56,189,38,352,505,31.7,Medium Black,Anand,Kharif,Pigeon Pea
7.86,0.5,0.69,200,34,363,676,25.1,Medium Black,Gandhinagar,Kharif,Pigeon Pea
7.85,0.35,0.78,194,28,257,643,28.9,Medium Black,Surendranagar,Kharif,Pigeon Pea
7.48,0.43,0.71,214,39,316,717,27,Medium Black,Banaskantha,Kharif,Pigeon Pea
6.52,0.36,0.64,145,30,360,988,25.6,Medium Black,Bhavnagar,Kharif,Pigeon Pea
6.79,0.47,0.7,209,30,305,865,26.9,Medium Black,Gandhinagar,Kharif,Pigeon Pea
6.96,0.28,0.72,211,30,230,524,25.1,Medium Black,Kutch,Kharif,Pigeon Pea
6.97,0.25,0.77,160,48,392,767,24.8,Medium Black,Amreli,Kharif,Pigeon Pea
7.55,0.2,0.7,176,38,313,616,33.5,Medium Black,Amreli,Kharif,Pigeon Pea
6.33,0.4,0.42,183,50,341,568,27.8,Medium Black,Gandhinagar,Kharif,Pigeon Pea
7.34,0.22,0.42,146,29,232,598,24.4,Medium Black,Surat,Kharif,Pigeon Pea
6.3,0.57,0.59,142,48,227,826,24.9,Medium Black,Anand,Kharif,Pigeon Pea
6.92,0.22,0.5,209,34,235,938,29.7,Medium Black,Vadodara,Kharif,Pigeon Pea
6.88,0.66,0.57,160,40,251,785,25.2,Medium Black,Surat,Kharif,Pigeon Pea
6.34,0.42,0.51,209,26,330,699,28.5,Medium Black,Navsari,Kharif,Pigeon Pea
7.61,0.36,0.65,144,46,327,665,24.6,Medium Black,Rajkot,Kharif,Pigeon Pea
6.46,0.34,0.75,172,54,341,930,26,Medium Black,Navsari,Kharif,Pigeon Pea
6.53,0.49,0.71,155,36,256,620,29.5,Medium Black,Bharuch,Kharif,Pigeon Pea
7.7,0.4,0.42,143,25,365,771,27.4,Medium Black,Junagadh,Kharif,Pigeon Pea
7.01,0.46,0.72,220,40,322,622,30.7,Medium Black,Amreli,Kharif,Pigeon Pea
6.59,0.29,0.52,164,55,387,609,28.3,Medium Black,Amreli,Kharif,Pigeon Pea
6.21,0.4,0.57,156,45,229,822,29,Medium Black,Surat,Kharif,Pigeon Pea
7.14,0.64,0.57,208,26,281,546,28.3,Medium Black,Ahmedabad,Kharif,Pigeon Pea
6.23,0.53,0.41,189,45,330,511,24.4,Medium Black,Banaskantha,Kharif,Pigeon Pea
7.72,0.54,0.63,175,43,268,640,26.7,Medium Black,Kutch,Kharif,Pigeon Pea
7.5,0.15,0.65,163,50,363,724,30.1,Medium Black,Ahmedabad,Kharif,Pigeon Pea
7.51,0.18,0.53,182,39,297,951,31.8,Medium Black,Bhavnagar,Kharif,Pigeon Pea
6.89,0.48,0.74,206,45,376,519,28.3,Medium Black,Surat,Kharif,Pigeon Pea
7.03,0.26,0.63,151,47,317,949,33.8,Medium Black,Banaskantha,Kharif,Pigeon Pea
6.64,0.25,0.76,165,32,316,602,26.9,Medium Black,Mehsana,Kharif,Pigeon Pea
6.26,0.5,0.48,189,33,291,636,32.1,Medium Black,Ahmedabad,Kharif,Pigeon Pea
6.8,0.68,0.57,152,50,304,948,25.6,Medium Black,Mehsana,Kharif,Pigeon Pea
6.43,0.69,0.64,186,38,339,654,30.5,Medium Black,Kutch,Kharif,Pigeon Pea
7.17,0.6,0.5,152,39,387,855,32.9,Medium Black,Ahmedabad,Kharif,Pigeon Pea
6.23,0.54,0.62,152,29,308,725,32.6,Medium Black,Junagadh,Kharif,Pigeon Pea
6.51,0.47,0.69,158,33,360,799,32.9,Medium Black,Rajkot,Kharif,Pigeon Pea
6.82,0.13,0.56,184,44,320,917,27.3,Medium Black,Bharuch,Kharif,Pigeon Pea
7.55,0.11,0.74,212,48,335,817,28.5,Medium Black,Navsari,Kharif,Pigeon Pea
7.79,0.37,0.66,211,38,389,514,24.8,Medium Black,Ahmedabad,Kharif,Pigeon Pea
6.34,0.29,0.56,182,38,368,677,24.6,Medium Black,Rajkot,Kharif,Pigeon Pea
7.04,0.58,0.45,220,25,264,695,33.1,Medium Black,Amreli,Kharif,Pigeon Pea
8.04,0.59,0.77,177,40,293,696,29.9,Medium Black,Surendranagar,Kharif,Pigeon Pea
6.44,0.35,0.61,217,33,358,511,30.4,Medium Black,Bhavnagar,Kharif,Pigeon Pea
6.95,0.64,0.67,144,51,230,881,30.4,Medium Black,Surendranagar,Kharif,Pigeon Pea
7.77,0.67,0.45,151,39,246,636,25.2,Medium Black,Rajkot,Kharif,Pigeon Pea
8.14,0.47,0.79,184,41,348,979,31.3,Medium Black,Rajkot,Kharif,Pigeon Pea
7.37,0.22,0.56,220,48,263,692,30.3,Medium Black,Rajkot,Kharif,Pigeon Pea
7.75,0.69,0.52,172,38,227,738,29.1,Medium Black,Banaskantha,Kharif,Pigeon Pea
6.88,0.64,0.45,215,46,280,778,33.6,Medium Black,Amreli,Kharif,Pigeon Pea
6.53,0.47,0.45,148,34,267,934,26.2,Medium Black,Vadodara,Kharif,Pigeon Pea
7.94,0.29,0.73,214,47,335,822,31.3,Medium Black,Navsari,Kharif,Pigeon Pea
7.94,0.54,0.67,208,46,350,981,30.6,Medium Black,Rajkot,Kharif,Pigeon Pea
7.78,0.53,0.47,188,46,229,660,32.3,Medium Black,Anand,Kharif,Pigeon Pea
7.79,0.25,0.68,205,33,308,930,30.4,Medium Black,Anand,Kharif,Pigeon Pea
7.39,0.56,0.48,198,47,353,971,29.1,Medium Black,Rajkot,Kharif,Pigeon Pea
6.21,0.28,0.76,173,55,355,730,28.1,Medium Black,Amreli,Kharif,Pigeon Pea
7.08,0.1,0.4,161,26,245,772,29.6,Medium Black,Junagadh,Kharif,Pigeon Pea
7.96,0.35,0.73,220,42,270,575,31.5,Medium Black,Anand,Kharif,Pigeon Pea
6.74,0.15,0.55,205,54,225,544,31.8,Medium Black,Surendranagar,Kharif,Pigeon Pea
7.96,0.25,0.47,206,28,367,737,32.8,Medium Black,Gandhinagar,Kharif,Pigeon Pea
7.18,0.14,0.77,211,44,224,720,28.2,Medium Black,Kutch,Kharif,Pigeon Pea
6.31,0.3,0.54,187,32,291,999,33,Medium Black,Junagadh,Kharif,Pigeon Pea
7.8,0.36,0.76,150,38,237,732,25.3,Medium Black,Gandhinagar,Kharif,Pigeon Pea
6.84,0.51,0.74,182,33,273,847,24.9,Medium Black,Rajkot,Kharif,Pigeon Pea
7.87,0.42,0.64,154,53,291,897,31.1,Medium Black,Kutch,Kharif,Pigeon Pea
7.94,0.4,0.63,212,54,281,526,33.3,Medium Black,Kutch,Kharif,Pigeon Pea
8.09,0.46,0.46,214,33,325,908,32.7,Medium Black,Ahmedabad,Kharif,Pigeon Pea
7.46,0.34,0.56,155,28,357,690,28.6,Medium Black,Rajkot,Kharif,Pigeon Pea
7.86,0.61,0.46,200,32,333,782,33.1,Medium Black,Ahmedabad,Kharif,Pigeon Pea
6.84,0.5,0.72,154,44,306,987,27.3,Medium Black,Banaskantha,Kharif,Pigeon Pea
6.29,0.26,0.66,209,38,300,536,28.6,Medium Black,Kutch,Kharif,Pigeon Pea
8.02,0.5,0.66,169,45,342,576,32,Medium Black,Vadodara,Kharif,Pigeon Pea
7.87,0.58,0.41,164,36,376,855,26.2,Medium Black,Bharuch,Kharif,Pigeon Pea
6.43,0.32,0.67,145,25,375,806,33.7,Medium Black,Amreli,Kharif,Pigeon Pea
7.45,0.45,0.47,174,41,330,548,26.2,Medium Black,Rajkot,Kharif,Pigeon Pea
6.2,0.63,0.76,143,39,339,944,30.9,Medium Black,Surendranagar,Kharif,Pigeon Pea
7.38,0.2,0.77,172,47,307,930,30.7,Medium Black,Mehsana,Kharif,Pigeon Pea
7.15,0.32,0.76,188,32,353,836,27,Medium Black,Vadodara,Kharif,Pigeon Pea
7.65,0.62,0.62,154,44,326,696,25.7,Medium Black,Surendranagar,Kharif,Pigeon Pea
7.83,0.51,0.4,196,32,320,600,28.7,Medium Black,Gandhinagar,Kharif,Pigeon Pea
8.06,0.59,0.61,182,27,397,775,32.3,Medium Black,Bhavnagar,Kharif,Pigeon Pea
7.78,0.4,0.75,168,31,329,769,25.9,Medium Black,Navsari,Kharif,Pigeon Pea
7.59,0.53,0.56,185,55,313,729,27.5,Medium Black,Rajkot,Kharif,Pigeon Pea
6.32,0.13,0.45,192,52,329,988,29.6,Medium Black,Navsari,Kharif,Pigeon Pea
7.9,0.21,0.53,149,33,353,804,33.6,Medium Black,Vadodara,Kharif,Pigeon Pea
6.9,0.47,0.67,184,31,375,919,29,Medium Black,Navsari,Kharif,Pigeon Pea
7.1,0.11,0.67,182,42,385,711,32.2,Medium Black,Mehsana,Kharif,Pigeon Pea
7.92,0.27,0.63,161,39,260,684,26.6,Medium Black,Anand,Kharif,Pigeon Pea
7.26,0.6,0.69,159,33,227,916,32.5,Medium Black,Junagadh,Kharif,Pigeon Pea
8.15,0.54,0.76,149,29,261,951,33.7,Medium Black,Surat,Kharif,Pigeon Pea
7.43,0.16,0.7,180,26,247,524,25.5,Medium Black,Banaskantha,Kharif,Pigeon Pea
6.8,0.29,0.45,215,26,235,948,29.7,Medium Black,Rajkot,Kharif,Pigeon Pea
7.08,0.39,0.69,219,45,244,790,25.7,Medium Black,Amreli,Kharif,Pigeon Pea
6.79,0.32,0.44,140,43,329,953,31,Medium Black,Junagadh,Kharif,Pigeon Pea
7.57,0.21,0.52,148,27,326,795,32.6,Medium Black,Bharuch,Kharif,Pigeon Pea
6.8,0.37,0.62,197,39,326,573,30.1,Medium Black,Navsari,Kharif,Pigeon Pea
7.69,0.33,0.64,140,47,338,575,25.2,Medium Black,Anand,Kharif,Pigeon Pea
7.31,0.14,0.63,157,40,374,902,24.3,Medium Black,Ahmedabad,Kharif,Pigeon Pea
7.68,0.49,0.78,190,34,265,772,29,Medium Black,Navsari,Kharif,Pigeon Pea
6.93,0.37,0.55,186,41,337,598,25,Medium Black,Anand,Kharif,Pigeon Pea
6.63,0.27,0.64,180,42,317,740,26.7,Medium Black,Bharuch,Kharif,Pigeon Pea
8.11,0.27,0.8,155,31,261,965,29.4,Medium Black,Surendranagar,Kharif,Pigeon Pea
6.97,0.22,0.6,168,53,280,1000,30.6,Medium Black,Banaskantha,Kharif,Pigeon Pea
7.62,0.53,0.79,140,52,352,997,26.9,Medium Black,Navsari,Kharif,Pigeon Pea
6.27,0.18,0.73,207,54,231,888,31.2,Medium Black,Banaskantha,Kharif,Pigeon Pea
7.44,0.39,0.71,202,54,374,970,24.2,Medium Black,Mehsana,Kharif,Pigeon Pea
6.36,0.66,0.8,202,39,398,554,24.7,Medium Black,Gandhinagar,Kharif,Pigeon Pea
6.84,0.11,0.65,166,55,328,542,32.5,Medium Black,Amreli,Kharif,Pigeon Pea
6.27,0.13,0.75,190,51,283,896,25.6,Medium Black,Surat,Kharif,Pigeon Pea
6.97,0.49,0.79,214,50,336,788,30.2,Medium Black,Bharuch,Kharif,Pigeon Pea
6.41,0.15,0.41,169,38,319,546,32,Medium Black,Gandhinagar,Kharif,Pigeon Pea
8,0.45,0.64,195,50,372,724,29.2,Medium Black,Amreli,Kharif,Pigeon Pea
7,0.39,0.7,148,38,359,588,28.1,Medium Black,Banaskantha,Kharif,Pigeon Pea
7.19,0.13,0.49,160,54,248,914,25.4,Medium Black,Kutch,Kharif,Pigeon Pea
7.65,0.18,0.72,155,49,378,909,28.4,Medium Black,Banaskantha,Kharif,Pigeon Pea
7.89,0.55,0.58,153,50,329,743,26,Medium Black,Banaskantha,Kharif,Pigeon Pea
7.44,0.43,0.5,195,40,353,712,31.3,Medium Black,Mehsana,Kharif,Pigeon Pea
7.89,0.11,0.52,184,54,386,557,25.3,Medium Black,Rajkot,Kharif,Pigeon Pea
6.45,0.33,0.73,171,40,223,554,26.7,Medium Black,Gandhinagar,Kharif,Pigeon Pea
6.4,0.52,0.55,217,48,252,888,33.5,Medium Black,Mehsana,Kharif,Pigeon Pea
7.8,0.68,0.46,185,44,349,619,26.1,Medium Black,Banaskantha,Kharif,Pigeon Pea
7.18,0.53,0.63,193,41,327,963,32.2,Medium Black,Rajkot,Kharif,Pigeon Pea
6.83,0.15,0.69,190,27,221,800,31.3,Medium Black,Mehsana,Kharif,Pigeon Pea
7.62,0.39,0.53,184,31,375,790,32,Medium Black,Gandhinagar,Kharif,Pigeon Pea
7.06,0.48,0.59,160,38,298,582,28.4,Medium Black,Bharuch,Kharif,Pigeon Pea
7.1,0.23,0.43,157,51,271,674,30.6,Medium Black,Kutch,Kharif,Pigeon Pea
7.43,0.26,0.51,198,27,399,879,33,Medium Black,Amreli,Kharif,Pigeon Pea
7.73,0.39,0.57,201,41,398,657,29.2,Medium Black,Kutch,Kharif,Pigeon Pea
6.83,0.25,0.79,169,27,225,705,28,Medium Black,Bhavnagar,Kharif,Pigeon Pea
6.51,0.52,0.6,218,34,305,560,26,Medium Black,Anand,Kharif,Pigeon Pea
7.02,0.46,0.42,173,50,353,507,28,Medium Black,Junagadh,Kharif,Pigeon Pea
7.97,0.48,0.75,186,46,220,992,26,Medium Black,Anand,Kharif,Pigeon Pea
6.63,0.57,0.57,169,40,302,511,27.4,Medium Black,Surat,Kharif,Pigeon Pea
6.51,0.21,0.57,160,40,363,640,33,Medium Black,Navsari,Kharif,Pigeon Pea
7.91,0.33,0.68,166,55,335,916,27.4,Medium Black,Bhavnagar,Kharif,Pigeon Pea
6.91,0.39,0.68,158,31,224,741,30.4,Medium Black,Junagadh,Kharif,Pigeon Pea
7.7,0.33,0.42,142,38,335,982,27.1,Medium Black,Mehsana,Kharif,Pigeon Pea
6.97,0.47,0.67,176,48,225,824,29.4,Medium Black,Anand,Kharif,Pigeon Pea
6.4,0.55,0.66,187,53,224,732,27.3,Medium Black,Navsari,Kharif,Pigeon Pea
6.81,0.33,0.5,213,30,244,655,29.5,Medium Black,Banaskantha,Kharif,Pigeon Pea
6.99,0.2,0.51,147,52,292,892,26,Medium Black,Navsari,Kharif,Pigeon Pea
7.69,0.15,0.8,194,26,232,827,25.8,Medium Black,Amreli,Kharif,Pigeon Pea
7.05,0.69,0.53,194,40,372,816,25.6,Medium Black,Amreli,Kharif,Pigeon Pea
6.8,0.61,0.76,152,53,338,903,29.4,Medium Black,Anand,Kharif,Pigeon Pea
6.8,0.51,0.42,218,47,319,684,33.6,Medium Black,Rajkot,Kharif,Pigeon Pea
6.8,0.47,0.66,154,47,239,934,29.8,Medium Black,Mehsana,Kharif,Pigeon Pea
7.13,0.32,0.51,151,30,264,865,29.1,Medium Black,Gandhinagar,Kharif,Pigeon Pea
6.22,0.25,0.52,200,50,238,775,27.9,Medium Black,Kutch,Kharif,Pigeon Pea
6.33,0.64,0.42,144,42,233,759,33.2,Medium Black,Bhavnagar,Kharif,Pigeon Pea
7.66,0.56,0.69,180,48,399,667,30.3,Medium Black,Navsari,Kharif,Pigeon Pea
6.57,0.12,0.49,150,44,241,872,25.8,Medium Black,Amreli,Kharif,Pigeon Pea
6.87,0.49,0.73,169,55,305,609,30.3,Medium Black,Rajkot,Kharif,Pigeon Pea
6.53,0.35,0.56,162,55,388,523,28.3,Medium Black,Ahmedabad,Kharif,Pigeon Pea
7.02,0.56,0.7,218,25,258,763,29.5,Medium Black,Rajkot,Kharif,Pigeon Pea
6.34,0.15,0.45,156,25,243,683,24.3,Medium Black,Surendranagar,Kharif,Pigeon Pea
6.38,0.61,0.55,172,48,258,737,33.8,Medium Black,Kutch,Kharif,Pigeon Pea
7.98,0.49,0.43,146,34,311,569,32.7,Medium Black,Ahmedabad,Kharif,Pigeon Pea
6.78,0.36,0.78,142,50,378,512,31.1,Medium Black,Surendranagar,Kharif,Pigeon Pea
7.45,0.29,0.55,182,47,247,996,31.4,Medium Black,Anand,Kharif,Pigeon Pea
6.79,0.54,0.51,152,52,271,748,25.5,Medium Black,Rajkot,Kharif,Pigeon Pea
6.46,0.23,0.52,211,42,323,984,26.3,Medium Black,Mehsana,Kharif,Pigeon Pea
6.27,0.46,0.55,209,35,364,860,32.8,Medium Black,Vadodara,Kharif,Pigeon Pea
7.84,0.66,0.74,184,52,345,519,32.2,Medium Black,Ahmedabad,Kharif,Pigeon Pea
6.48,0.52,0.51,164,53,257,818,30.4,Medium Black,Bhavnagar,Kharif,Pigeon Pea
6.39,0.13,0.73,192,30,377,851,26.5,Medium Black,Bhavnagar,Kharif,Pigeon Pea
7.77,0.55,0.57,164,37,243,666,31.9,Medium Black,Surendranagar,Kharif,Pigeon Pea
7.74,0.22,0.5,213,46,257,563,32,Medium Black,Banaskantha,Kharif,Pigeon Pea
7.04,0.47,0.61,189,26,232,855,31.2,Medium Black,Anand,Kharif,Pigeon Pea
7.57,0.37,0.44,186,50,304,697,25.4,Medium Black,Banaskantha,Kharif,Pigeon Pea
7.57,0.4,0.52,192,52,400,815,24.6,Medium Black,Anand,Kharif,Pigeon Pea
6.87,0.41,0.55,140,43,306,561,30,Medium Black,Banaskantha,Kharif,Pigeon Pea
6.83,0.47,0.8,185,37,224,936,26.2,Medium Black,Ahmedabad,Kharif,Pigeon Pea
7.88,0.6,0.71,157,48,397,674,31.3,Medium Black,Surat,Kharif,Pigeon Pea
6.39,0.61,0.41,199,50,228,622,26.3,Medium Black,Navsari,Kharif,Pigeon Pea
7.02,0.65,0.57,219,48,327,783,30.5,Medium Black,Bhavnagar,Kharif,Pigeon Pea
6.21,0.66,0.44,205,26,379,838,33.5,Medium Black,Gandhinagar,Kharif,Pigeon Pea
7.51,0.64,0.65,195,40,263,590,26.8,Medium Black,Vadodara,Kharif,Pigeon Pea
6.43,0.61,0.58,165,33,271,644,31.9,Medium Black,Gandhinagar,Kharif,Pigeon Pea
7.81,0.15,0.42,169,45,380,986,27.4,Medium Black,Kutch,Kharif,Pigeon Pea
6.28,0.63,0.49,168,55,385,907,27.1,Medium Black,Surat,Kharif,Pigeon Pea
7.45,0.27,0.55,194,31,322,960,29.6,Medium Black,Surat,Kharif,Pigeon Pea
7.33,0.62,0.68,163,41,322,869,26.1,Medium Black,Navsari,Kharif,Pigeon Pea
8.17,0.15,0.43,186,29,311,714,26.7,Medium Black,Kutch,Kharif,Pigeon Pea
7,0.66,0.57,177,31,400,616,32.3,Medium Black,Vadodara,Kharif,Pigeon Pea
6.79,0.55,0.56,194,36,245,641,29.1,Medium Black,Anand,Kharif,Pigeon Pea
7.94,0.21,0.46,192,49,283,969,30.2,Medium Black,Junagadh,Kharif,Pigeon Pea
7.36,0.48,0.76,159,33,238,546,28.7,Medium Black,Vadodara,Kharif,Pigeon Pea
6.9,0.22,0.78,170,28,343,906,26.9,Medium Black,Bharuch,Kharif,Pigeon Pea
6.33,0.31,0.44,214,54,380,581,32.2,Medium Black,Ahmedabad,Kharif,Pigeon Pea
6.21,0.45,0.42,164,52,377,817,27.7,Medium Black,Surat,Kharif,Pigeon Pea
6.39,0.58,0.65,212,42,329,894,29.4,Medium Black,Surat,Kharif,Pigeon Pea
6.87,0.28,0.46,141,46,340,944,27.6,Medium Black,Navsari,Kharif,Pigeon Pea
6.83,0.38,0.69,144,44,321,629,34,Medium Black,Vadodara,Kharif,Pigeon Pea
7.03,0.4,0.55,195,25,270,556,25.5,Medium Black,Navsari,Kharif,Pigeon Pea
6.73,0.54,0.62,150,34,304,930,26.8,Medium Black,Amreli,Kharif,Pigeon Pea
7.15,0.26,0.54,195,33,266,579,27.6,Medium Black,Anand,Kharif,Pigeon Pea
6.47,0.14,0.65,220,25,340,654,26.7,Medium Black,Navsari,Kharif,Pigeon Pea
7.55,0.33,0.64,202,41,268,567,30.4,Medium Black,Vadodara,Kharif,Pigeon Pea
6.58,0.17,0.47,213,48,251,963,30.3,Medium Black,Bharuch,Kharif,Pigeon Pea
6.31,0.26,0.4,143,48,368,785,29.8,Medium Black,Bhavnagar,Kharif,Pigeon Pea
7.05,0.54,0.42,200,29,239,986,27.7,Medium Black,Mehsana,Kharif,Pigeon Pea
7.92,0.49,0.75,199,55,292,632,32,Medium Black,Junagadh,Kharif,Pigeon Pea
6.84,0.51,0.5,151,55,391,582,25.3,Medium Black,Navsari,Kharif,Pigeon Pea
7.37,0.21,0.46,161,34,382,657,31.8,Medium Black,Anand,Kharif,Pigeon Pea
6.27,0.67,0.6,166,34,343,717,30.5,Medium Black,Amreli,Kharif,Pigeon Pea
7.62,0.21,0.74,165,48,341,743,30.5,Medium Black,Amreli,Kharif,Pigeon Pea
7.48,0.56,0.43,176,42,285,623,31.6,Medium Black,Navsari,Kharif,Pigeon Pea
6.92,0.27,0.67,157,37,230,665,27.4,Medium Black,Surendranagar,Kharif,Pigeon Pea
6.91,0.42,0.54,213,43,245,875,33,Medium Black,Surat,Kharif,Pigeon Pea
8.06,0.38,0.67,172,33,377,795,27.5,Medium Black,Surat,Kharif,Pigeon Pea
7.61,0.56,0.73,155,49,237,614,32.8,Medium Black,Amreli,Kharif,Pigeon Pea
7.67,0.65,0.76,153,52,329,551,32.9,Medium Black,Ahmedabad,Kharif,Pigeon Pea
6.48,0.67,0.7,213,39,272,930,30.8,Medium Black,Amreli,Kharif,Pigeon Pea
7.79,0.5,0.61,171,31,244,573,28.4,Medium Black,Kutch,Kharif,Pigeon Pea
7.2,0.1,0.42,196,34,376,779,29.5,Medium Black,Rajkot,Kharif,Pigeon Pea
8,0.31,0.61,144,33,282,946,33.3,Medium Black,Junagadh,Kharif,Pigeon Pea
7.28,0.33,0.56,206,55,387,539,27.1,Medium Black,Banaskantha,Kharif,Pigeon Pea
6.7,0.69,0.46,170,49,281,978,30.1,Medium Black,Ahmedabad,Kharif,Pigeon Pea
6.75,0.36,0.54,212,46,299,720,33.3,Medium Black,Junagadh,Kharif,Pigeon Pea
6.93,0.41,0.61,146,39,274,576,27.7,Medium Black,Ahmedabad,Kharif,Pigeon Pea
6.57,0.49,0.67,201,53,342,584,28.2,Medium Black,Vadodara,Kharif,Pigeon Pea
6.57,0.65,0.42,218,45,323,713,25.5,Medium Black,Vadodara,Kharif,Pigeon Pea
7.78,0.39,0.43,144,25,360,645,24.5,Medium Black,Surendranagar,Kharif,Pigeon Pea
8.02,0.41,0.45,201,29,393,659,29.1,Medium Black,Surendranagar,Kharif,Pigeon Pea
6.33,0.41,0.53,200,41,389,976,28.8,Medium Black,Junagadh,Kharif,Pigeon Pea
8.2,0.24,0.56,201,47,323,724,28.6,Medium Black,Kutch,Kharif,Pigeon Pea
6.58,0.39,0.65,164,39,364,918,28,Medium Black,Anand,Kharif,Pigeon Pea
6.48,0.6,0.48,196,53,251,863,33.4,Medium Black,Kutch,Kharif,Pigeon Pea
7.01,0.32,0.41,163,31,306,747,29.3,Medium Black,Surat,Kharif,Pigeon Pea
7.48,0.26,0.76,199,54,229,973,29.4,Medium Black,Junagadh,Kharif,Pigeon Pea
7.07,0.33,0.65,169,37,299,658,24.7,Medium Black,Bharuch,Kharif,Pigeon Pea
7.18,0.66,0.52,212,48,364,641,25.2,Medium Black,Ahmedabad,Kharif,Pigeon Pea
7.23,0.53,0.62,207,54,354,968,31,Medium Black,Banaskantha,Kharif,Pigeon Pea
7.72,0.2,0.58,189,34,294,870,29.3,Medium Black,Gandhinagar,Kharif,Pigeon Pea
7.86,0.67,0.54,156,51,305,927,31.1,Medium Black,Kutch,Kharif,Pigeon Pea
6.56,0.68,0.54,157,54,302,514,33,Medium Black,Junagadh,Kharif,Pigeon Pea
7.29,0.51,0.59,165,55,341,944,28.1,Medium Black,Gandhinagar,Kharif,Pigeon Pea
8.13,0.38,0.78,171,29,249,929,30.4,Medium Black,Kutch,Kharif,Pigeon Pea
7.01,0.12,0.68,219,29,350,922,27.4,Medium Black,Gandhinagar,Kharif,Pigeon Pea
8.16,0.23,0.65,142,34,348,850,30.2,Medium Black,Surat,Kharif,Pigeon Pea
6.98,0.54,0.67,154,54,332,874,33.1,Medium Black,Ahmedabad,Kharif,Pigeon Pea
8.07,0.12,0.64,199,55,236,773,32,Medium Black,Kutch,Kharif,Pigeon Pea
7.54,0.5,0.66,184,27,279,543,29.9,Medium Black,Amreli,Kharif,Pigeon Pea
7.33,0.37,0.48,141,39,284,700,32,Medium Black,Bhavnagar,Kharif,Pigeon Pea
6.61,0.68,0.52,149,26,336,780,30.9,Medium Black,Amreli,Kharif,Pigeon Pea
7.1,0.61,0.5,155,40,328,666,32.5,Medium Black,Mehsana,Kharif,Pigeon Pea
7.98,0.43,0.45,216,27,324,867,25.4,Medium Black,Navsari,Kharif,Pigeon Pea
7.45,0.27,0.66,206,54,312,713,32.5,Medium Black,Surat,Kharif,Pigeon Pea
8.01,0.42,0.76,170,28,322,755,25.8,Medium Black,Junagadh,Kharif,Pigeon Pea
6.67,0.18,0.73,179,45,345,944,24.6,Medium Black,Rajkot,Kharif,Pigeon Pea
7.65,0.69,0.79,165,26,345,652,27.3,Medium Black,Banaskantha,Kharif,Pigeon Pea
6.27,0.1,0.54,161,45,225,989,27.7,Medium Black,Kutch,Kharif,Pigeon Pea
7.93,0.12,0.62,214,46,253,923,30.6,Medium Black,Surat,Kharif,Pigeon Pea
7.79,0.1,0.79,146,40,349,938,31.5,Medium Black,Rajkot,Kharif,Pigeon Pea
7.88,0.35,0.5,217,33,323,551,25.5,Medium Black,Kutch,Kharif,Pigeon Pea
7.81,0.47,0.61,155,52,397,584,25.9,Medium Black,Kutch,Kharif,Pigeon Pea
7.04,0.12,0.48,209,47,376,807,25.8,Medium Black,Ahmedabad,Kharif,Pigeon Pea
6.68,0.51,0.79,177,53,225,939,25.7,Medium Black,Vadodara,Kharif,Pigeon Pea
6.62,0.13,0.6,141,50,292,528,25.6,Medium Black,Rajkot,Kharif,Pigeon Pea
7.13,0.39,0.78,161,51,396,979,29.1,Medium Black,Surat,Kharif,Pigeon Pea
6.46,0.27,0.55,157,46,257,888,31.3,Medium Black,Bhavnagar,Kharif,Pigeon Pea
7.15,0.4,0.44,189,30,248,873,26.7,Medium Black,Gandhinagar,Kharif,Pigeon Pea
7.03,0.49,0.54,142,40,328,577,24.7,Medium Black,Surendranagar,Kharif,Pigeon Pea
6.44,0.23,0.53,157,27,292,595,24.8,Medium Black,Ahmedabad,Kharif,Pigeon Pea
7.5,0.17,0.51,148,26,319,990,26.8,Medium Black,Mehsana,Kharif,Pigeon Pea
6.57,0.11,0.63,148,47,252,902,26.7,Medium Black,Rajkot,Kharif,Pigeon Pea
6.95,0.69,0.52,192,35,283,900,28.6,Medium Black,Surat,Kharif,Pigeon Pea
7.69,0.5,0.64,206,51,280,911,33.5,Medium Black,Amreli,Kharif,Pigeon Pea
7.71,0.6,0.68,196,39,226,805,29.5,Medium Black,Surat,Kharif,Pigeon Pea
7.93,0.69,0.54,148,40,235,562,25.9,Medium Black,Mehsana,Kharif,Pigeon Pea
7.27,0.15,0.46,187,36,309,568,26.6,Medium Black,Anand,Kharif,Pigeon Pea
6.2,0.55,0.59,166,25,246,706,24.9,Medium Black,Navsari,Kharif,Pigeon Pea
7.74,0.55,0.43,163,53,236,838,25.3,Medium Black,Junagadh,Kharif,Pigeon Pea
7.38,0.52,0.4,155,26,255,871,29.7,Medium Black,Gandhinagar,Kharif,Pigeon Pea
6.73,0.35,0.68,200,39,350,512,25.9,Medium Black,Rajkot,Kharif,Pigeon Pea
7.07,0.24,0.64,167,47,297,778,26.4,Medium Black,Gandhinagar,Kharif,Pigeon Pea
6.82,0.12,0.54,178,53,344,542,28.9,Medium Black,Vadodara,Kharif,Pigeon Pea
6.87,0.28,0.63,188,33,280,578,25.5,Medium Black,Bharuch,Kharif,Pigeon Pea
6.98,0.33,0.44,208,55,382,551,27.3,Medium Black,Junagadh,Kharif,Pigeon Pea
7.37,0.22,0.79,220,30,319,603,26.5,Medium Black,Banaskantha,Kharif,Pigeon Pea
6.5,0.19,0.73,205,29,284,510,25.1,Medium Black,Amreli,Kharif,Pigeon Pea
6.34,0.56,0.62,146,27,388,767,32.2,Medium Black,Surat,Kharif,Pigeon Pea
7.68,0.52,0.47,201,28,307,837,25.6,Medium Black,Bharuch,Kharif,Pigeon Pea
7.15,0.6,0.65,164,28,319,791,28.5,Medium Black,Anand,Kharif,Pigeon Pea
7.24,0.67,0.71,205,36,384,942,29.3,Medium Black,Gandhinagar,Kharif,Pigeon Pea
6.68,0.61,0.49,213,25,394,781,27.5,Medium Black,Bhavnagar,Kharif,Pigeon Pea
6.62,0.34,0.79,206,53,331,862,28.6,Medium Black,Junagadh,Kharif,Pigeon Pea
6.39,0.3,0.68,176,54,258,955,30.7,Medium Black,Junagadh,Kharif,Pigeon Pea
7.44,0.64,0.74,187,40,336,949,30.5,Medium Black,Junagadh,Kharif,Pigeon Pea
7.97,0.63,0.69,169,38,360,914,29.2,Medium Black,Mehsana,Kharif,Pigeon Pea
7.35,0.26,0.53,171,51,359,590,24.3,Medium Black,Gandhinagar,Kharif,Pigeon Pea
7.03,0.52,0.47,213,33,386,629,31.3,Medium Black,Vadodara,Kharif,Pigeon Pea
6.64,0.1,0.65,159,47,346,871,24.6,Medium Black,Surat,Kharif,Pigeon Pea
7.99,0.34,0.42,192,45,258,754,25.3,Medium Black,Gandhinagar,Kharif,Pigeon Pea
8.06,0.6,0.63,194,40,286,686,24.1,Medium Black,Ahmedabad,Kharif,Pigeon Pea
6.49,0.45,0.76,185,29,331,846,27.5,Medium Black,Vadodara,Kharif,Pigeon Pea
7.58,0.37,0.54,196,38,390,763,25.2,Medium Black,Anand,Kharif,Pigeon Pea
7.91,0.1,0.75,193,51,302,851,27.2,Medium Black,Junagadh,Kharif,Pigeon Pea
7.7,0.25,0.59,175,31,380,953,30,Medium Black,Amreli,Kharif,Pigeon Pea
7.97,0.37,0.4,186,44,274,616,27.5,Medium Black,Navsari,Kharif,Pigeon Pea
6.53,0.44,0.5,156,32,396,577,29.4,Medium Black,Rajkot,Kharif,Pigeon Pea
7.69,0.14,0.56,202,41,239,852,32.1,Medium Black,Mehsana,Kharif,Pigeon Pea
7.06,0.59,0.72,209,31,369,850,31,Medium Black,Bharuch,Kharif,Pigeon Pea
6.72,0.27,0.53,203,47,396,539,25.3,Medium Black,Junagadh,Kharif,Pigeon Pea
7.82,0.55,0.51,147,52,314,782,32.8,Medium Black,Bharuch,Kharif,Pigeon Pea
6.21,0.62,0.69,151,43,270,915,25.1,Medium Black,Surat,Kharif,Pigeon Pea
6.46,0.54,0.53,212,54,304,526,30.2,Medium Black,Surat,Kharif,Pigeon Pea
7.88,0.28,0.41,186,55,365,889,31.5,Medium Black,Anand,Kharif,Pigeon Pea
7.31,0.47,0.49,165,31,334,847,29.2,Medium Black,Kutch,Kharif,Pigeon Pea
7.52,0.3,0.61,181,51,360,582,30.1,Medium Black,Banaskantha,Kharif,Pigeon Pea
7.7,0.14,0.78,208,25,302,983,30.2,Medium Black,Vadodara,Kharif,Pigeon Pea
6.88,0.39,0.56,157,52,266,736,26,Medium Black,Ahmedabad,Kharif,Pigeon Pea
6.68,0.28,0.42,207,40,235,650,32.3,Medium Black,Navsari,Kharif,Pigeon Pea
8.05,0.42,0.79,153,44,256,817,26.9,Medium Black,Gandhinagar,Kharif,Pigeon Pea
7.04,0.22,0.66,202,49,374,793,32.8,Medium Black,Surendranagar,Kharif,Pigeon Pea
6.71,0.37,0.42,171,51,222,601,33.9,Medium Black,Anand,Kharif,Pigeon Pea
6.22,0.26,0.44,152,48,346,804,29.7,Medium Black,Bharuch,Kharif,Pigeon Pea
6.86,0.45,0.74,197,31,245,510,29,Medium Black,Gandhinagar,Kharif,Pigeon Pea
7.69,0.69,0.78,161,51,266,964,27.2,Medium Black,Mehsana,Kharif,Pigeon Pea
6.76,0.7,0.4,159,29,254,537,25.2,Medium Black,Banaskantha,Kharif,Pigeon Pea
7.48,0.55,0.62,195,52,227,950,28.7,Medium Black,Rajkot,Kharif,Pigeon Pea
7.58,0.45,0.79,203,30,284,545,33.2,Medium Black,Bhavnagar,Kharif,Pigeon Pea
7.22,0.5,0.5,166,48,319,790,33.7,Medium Black,Kutch,Kharif,Pigeon Pea
6.28,0.66,0.48,179,25,313,613,26.9,Medium Black,Banaskantha,Kharif,Pigeon Pea
6.57,0.59,0.73,167,26,395,776,24.7,Medium Black,Gandhinagar,Kharif,Pigeon Pea
7.65,0.45,0.72,169,33,310,707,27.6,Medium Black,Banaskantha,Kharif,Pigeon Pea
7.53,0.6,0.79,161,37,336,925,27,Medium Black,Anand,Kharif,Pigeon Pea
6.7,0.24,0.55,180,48,366,803,29.7,Medium Black,Anand,Kharif,Pigeon Pea
7.3,0.12,0.69,163,40,245,662,25.9,Medium Black,Gandhinagar,Kharif,Pigeon Pea
6.67,0.61,0.68,157,54,325,602,33,Medium Black,Rajkot,Kharif,Pigeon Pea
8.07,0.38,0.55,148,31,360,927,25.9,Medium Black,Bharuch,Kharif,Pigeon Pea
7.18,0.16,0.71,159,34,384,664,24.1,Medium Black,Gandhinagar,Kharif,Pigeon Pea
8.08,0.42,0.55,162,27,249,978,31,Medium Black,Surendranagar,Kharif,Pigeon Pea
8.12,0.57,0.54,219,50,321,546,27.1,Medium Black,Navsari,Kharif,Pigeon Pea
6.25,0.3,0.63,202,44,360,655,26.2,Medium Black,Amreli,Kharif,Pigeon Pea
6.53,0.53,0.65,154,25,393,738,27.1,Medium Black,Vadodara,Kharif,Pigeon Pea
8.07,0.34,0.71,170,25,265,834,33.5,Medium Black,Junagadh,Kharif,Pigeon Pea
7.05,0.55,0.72,160,31,260,525,27,Medium Black,Kutch,Kharif,Pigeon Pea
6.78,0.19,0.51,141,33,260,767,33.4,Medium Black,Mehsana,Kharif,Pigeon Pea
8.16,0.13,0.43,191,40,255,651,27.4,Medium Black,Amreli,Kharif,Pigeon Pea
7.64,0.61,0.61,210,46,333,665,25.4,Medium Black,Amreli,Kharif,Pigeon Pea
6.97,0.28,0.66,179,32,245,510,25.3,Medium Black,Bhavnagar,Kharif,Pigeon Pea
7.96,0.18,0.63,195,45,307,970,29.2,Medium Black,Gandhinagar,Kharif,Pigeon Pea
6.43,0.52,0.79,200,53,353,890,28.2,Medium Black,Mehsana,Kharif,Pigeon Pea
7.68,0.2,0.63,203,44,269,628,29.6,Medium Black,Banaskantha,Kharif,Pigeon Pea
6.7,0.11,0.51,191,41,379,504,25.2,Medium Black,Junagadh,Kharif,Pigeon Pea
6.39,0.39,0.51,184,26,276,830,24.8,Medium Black,Surendranagar,Kharif,Pigeon Pea
7.47,0.52,0.7,155,36,337,597,28.3,Medium Black,Bhavnagar,Kharif,Pigeon Pea
6.23,0.69,0.7,211,25,249,589,24.3,Medium Black,Banaskantha,Kharif,Pigeon Pea
6.24,0.62,0.66,155,47,372,735,31.3,Medium Black,Gandhinagar,Kharif,Pigeon Pea
7.01,0.68,0.53,176,53,229,786,29.4,Medium Black,Surendranagar,Kharif,Pigeon Pea
6.22,0.58,0.47,213,31,226,657,32.6,Medium Black,Mehsana,Kharif,Pigeon Pea
7.51,0.43,0.63,192,25,292,714,25.6,Medium Black,Surat,Kharif,Pigeon Pea
7.9,0.28,0.46,152,36,320,618,31.9,Medium Black,Surendranagar,Kharif,Pigeon Pea
6.6,0.46,0.68,193,52,348,573,30.3,Medium Black,Anand,Kharif,Pigeon Pea
6.69,0.16,0.71,200,34,273,860,25.7,Medium Black,Vadodara,Kharif,Pigeon Pea
7.82,0.31,0.5,207,32,312,515,28.4,Medium Black,Bhavnagar,Kharif,Pigeon Pea
8.06,0.14,0.72,143,53,340,827,32.4,Medium Black,Surat,Kharif,Pigeon Pea
6.46,0.39,0.45,140,30,255,979,25.9,Medium Black,Surat,Kharif,Pigeon Pea
7.56,0.37,0.66,169,29,382,917,30.5,Medium Black,Mehsana,Kharif,Pigeon Pea
7.2,0.42,0.69,147,46,266,845,31.4,Medium Black,Junagadh,Kharif,Pigeon Pea
7.47,0.18,0.57,154,25,354,647,25.1,Medium Black,Bharuch,Kharif,Pigeon Pea
7.81,0.56,0.76,203,40,395,829,28.6,Medium Black,Surendranagar,Kharif,Pigeon Pea
6.48,0.43,0.48,201,40,272,973,28,Medium Black,Amreli,Kharif,Pigeon Pea
6.43,0.43,0.69,200,30,263,763,31.2,Medium Black,Anand,Kharif,Pigeon Pea
7.65,0.52,0.49,217,27,332,994,31.4,Medium Black,Bhavnagar,Kharif,Pigeon Pea
6.62,0.65,0.7,208,38,374,952,24.9,Medium Black,Mehsana,Kharif,Pigeon Pea
6.31,0.63,0.44,200,34,301,668,31,Medium Black,Bharuch,Kharif,Pigeon Pea
6.84,0.22,0.74,143,33,248,969,24.3,Medium Black,Surat,Kharif,Pigeon Pea
7.89,0.56,0.62,176,55,240,535,27.9,Medium Black,Gandhinagar,Kharif,Pigeon Pea
7.14,0.13,0.78,216,32,393,869,24.7,Medium Black,Bhavnagar,Kharif,Pigeon Pea
7.52,0.68,0.66,214,25,282,721,31.1,Medium Black,Rajkot,Kharif,Pigeon Pea
7.05,0.41,0.6,215,45,276,536,30,Medium Black,Junagadh,Kharif,Pigeon Pea
8.03,0.43,0.78,174,25,315,887,28.8,Medium Black,Navsari,Kharif,Pigeon Pea
7.23,0.62,0.75,211,27,397,959,29,Medium Black,Anand,Kharif,Pigeon Pea
6.74,0.27,0.75,142,50,341,813,25.8,Medium Black,Mehsana,Kharif,Pigeon Pea
6.94,0.24,0.59,190,29,270,512,30.9,Medium Black,Ahmedabad,Kharif,Pigeon Pea
6.5,0.66,0.68,199,30,318,968,28.1,Medium Black,Rajkot,Kharif,Pigeon Pea
7.96,0.53,0.72,183,30,400,833,25,Medium Black,Amreli,Kharif,Pigeon Pea
6.94,0.46,0.77,167,43,287,982,30.8,Medium Black,Navsari,Kharif,Pigeon Pea
6.57,0.25,0.69,214,26,371,926,33.5,Medium Black,Bharuch,Kharif,Pigeon Pea
6.71,0.33,0.71,160,38,276,948,33.2,Medium Black,Navsari,Kharif,Pigeon Pea
7.32,0.1,0.44,142,52,314,657,27.4,Medium Black,Junagadh,Kharif,Pigeon Pea
6.34,0.24,0.58,161,42,319,755,27.2,Medium Black,Ahmedabad,Kharif,Pigeon Pea
7.68,0.7,0.72,164,34,306,856,30.9,Medium Black,Anand,Kharif,Pigeon Pea
6.45,0.38,0.58,142,38,310,665,32.5,Medium Black,Ahmedabad,Kharif,Pigeon Pea
6.81,0.18,0.48,173,53,325,848,26.9,Medium Black,Junagadh,Kharif,Pigeon Pea
6.5,0.65,0.56,202,43,330,990,27.9,Medium Black,Vadodara,Kharif,Pigeon Pea
7.24,0.51,0.52,177,47,289,737,33.4,Medium Black,Anand,Kharif,Pigeon Pea
7.68,0.55,0.49,212,37,324,844,26.5,Medium Black,Rajkot,Kharif,Pigeon Pea
6.56,0.67,0.74,185,44,346,754,31.7,Medium Black,Anand,Kharif,Pigeon Pea
7.64,0.68,0.5,172,44,309,968,32.1,Medium Black,Bharuch,Kharif,Pigeon Pea
8.09,0.49,0.47,150,48,374,980,30.7,Medium Black,Rajkot,Kharif,Pigeon Pea
6.89,0.32,0.54,162,44,256,733,30.7,Medium Black,Kutch,Kharif,Pigeon Pea
6.58,0.19,0.67,141,49,288,721,28.8,Medium Black,Surendranagar,Kharif,Pigeon Pea
6.6,0.24,0.54,146,29,380,985,28.6,Medium Black,Kutch,Kharif,Pigeon Pea
8.11,0.51,0.55,153,33,242,616,27.2,Medium Black,Surat,Kharif,Pigeon Pea
7.58,0.46,0.61,180,27,296,918,24.7,Medium Black,Anand,Kharif,Pigeon Pea
8,0.14,0.63,189,40,344,617,32.7,Medium Black,Amreli,Kharif,Pigeon Pea
7.55,0.37,0.71,179,54,338,712,25.2,Medium Black,Vadodara,Kharif,Pigeon Pea
7.26,0.27,0.78,201,49,268,759,32.7,Medium Black,Junagadh,Kharif,Pigeon Pea
7.24,0.14,0.42,158,27,262,635,24.2,Medium Black,Ahmedabad,Kharif,Pigeon Pea
7.65,0.39,0.55,152,44,356,699,31.6,Medium Black,Navsari,Kharif,Pigeon Pea
6.91,0.25,0.48,169,31,251,523,32.1,Medium Black,Gandhinagar,Kharif,Pigeon Pea
7,0.69,0.43,200,39,337,597,30.5,Medium Black,Surat,Kharif,Pigeon Pea
7.36,0.26,0.51,179,27,262,746,31.9,Medium Black,Gandhinagar,Kharif,Pigeon Pea
7.83,0.44,0.62,162,39,255,529,30.1,Medium Black,Vadodara,Kharif,Pigeon Pea
6.53,0.32,0.46,219,41,336,925,27.6,Medium Black,Surendranagar,Kharif,Pigeon Pea
7.69,0.4,0.69,141,34,341,681,30.8,Medium Black,Junagadh,Kharif,Pigeon Pea
7.84,0.16,0.45,206,25,363,734,24.3,Medium Black,Rajkot,Kharif,Pigeon Pea
8.06,0.63,0.56,208,38,238,518,24.9,Medium Black,Junagadh,Kharif,Pigeon Pea
6.41,0.22,0.7,157,52,334,999,29.6,Medium Black,Bharuch,Kharif,Pigeon Pea
7.65,0.35,0.41,208,38,269,902,29.6,Medium Black,Rajkot,Kharif,Pigeon Pea
7.4,0.33,0.75,179,50,247,914,30,Medium Black,Gandhinagar,Kharif,Pigeon Pea
6.76,0.47,0.69,203,43,262,627,25.7,Medium Black,Bharuch,Kharif,Pigeon Pea
7.28,0.44,0.59,209,53,308,600,29.3,Medium Black,Surat,Kharif,Pigeon Pea
6.85,0.18,0.51,217,36,241,738,33,Medium Black,Surat,Kharif,Pigeon Pea
6.4,0.49,0.77,199,41,317,816,31.7,Medium Black,Ahmedabad,Kharif,Pigeon Pea
7.23,0.53,0.63,198,47,271,738,30.9,Medium Black,Ahmedabad,Kharif,Pigeon Pea
7.27,0.58,0.69,206,35,396,806,30.6,Medium Black,Ahmedabad,Kharif,Pigeon Pea
6.9,0.17,0.55,167,47,383,822,27,Medium Black,Mehsana,Kharif,Pigeon Pea
8.18,0.33,0.51,206,25,251,526,27.3,Medium Black,Kutch,Kharif,Pigeon Pea
6.39,0.27,0.77,188,54,297,563,31.4,Medium Black,Amreli,Kharif,Pigeon Pea
7.82,0.13,0.61,181,43,302,825,28.8,Medium Black,Bhavnagar,Kharif,Pigeon Pea
7.27,0.31,0.55,162,48,334,625,33.5,Medium Black,Gandhinagar,Kharif,Pigeon Pea
6.99,0.6,0.57,198,26,321,574,27.7,Medium Black,Surendranagar,Kharif,Pigeon Pea
7.44,0.62,0.59,218,30,323,997,25,Medium Black,Banaskantha,Kharif,Pigeon Pea
7.79,0.65,0.68,188,45,366,812,26.4,Medium Black,Surat,Kharif,Pigeon Pea
6.48,0.22,0.6,170,37,398,674,30.9,Medium Black,Rajkot,Kharif,Pigeon Pea
7.7,0.69,0.59,155,27,242,894,25.7,Medium Black,Anand,Kharif,Pigeon Pea
7.13,0.21,0.56,148,40,295,842,30.8,Medium Black,Banaskantha,Kharif,Pigeon Pea
7.39,0.23,0.62,156,46,335,624,26.2,Medium Black,Surendranagar,Kharif,Pigeon Pea
7.84,0.46,0.53,190,32,301,648,28.4,Medium Black,Surat,Kharif,Pigeon Pea
7.76,0.33,0.72,194,29,285,577,29.8,Medium Black,Surendranagar,Kharif,Pigeon Pea
8.14,0.59,0.64,197,33,253,838,27.9,Medium Black,Surat,Kharif,Pigeon Pea
7.2,0.48,0.43,158,41,226,504,25.9,Medium Black,Kutch,Kharif,Pigeon Pea
7.14,0.48,0.73,192,25,379,912,33.8,Medium Black,Rajkot,Kharif,Pigeon Pea
6.77,0.37,0.5,171,37,248,581,26.3,Medium Black,Surat,Kharif,Pigeon Pea
7.29,0.43,0.5,220,33,390,834,33,Medium Black,Vadodara,Kharif,Pigeon Pea
7.84,0.51,0.67,183,30,281,895,29.3,Medium Black,Mehsana,Kharif,Pigeon Pea
7.35,0.19,0.41,188,39,239,615,25.4,Medium Black,Gandhinagar,Kharif,Pigeon Pea
7.84,0.52,0.78,214,25,280,553,26.4,Medium Black,Navsari,Kharif,Pigeon Pea
6.78,0.24,0.4,150,35,393,935,26.3,Medium Black,Mehsana,Kharif,Pigeon Pea
6.65,0.68,0.48,157,51,390,716,27.6,Medium Black,Rajkot,Kharif,Pigeon Pea
6.55,0.42,0.6,208,44,276,825,27.9,Medium Black,Banaskantha,Kharif,Pigeon Pea
7.94,0.14,0.75,146,49,234,698,28.7,Medium Black,Kutch,Kharif,Pigeon Pea
7.95,0.22,0.56,145,37,380,909,24.3,Medium Black,Ahmedabad,Kharif,Pigeon Pea
6.33,0.17,0.76,179,40,255,711,28.9,Medium Black,Navsari,Kharif,Pigeon Pea
7.9,0.69,0.62,196,40,258,746,31.7,Medium Black,Surendranagar,Kharif,Pigeon Pea
8.18,0.22,0.57,210,44,396,748,31.1,Medium Black,Surat,Kharif,Pigeon Pea
7.85,0.28,0.8,153,42,224,872,31.6,Medium Black,Rajkot,Kharif,Pigeon Pea
7.48,0.47,0.53,175,58,407,397,27.5,Medium Black,Surat,Rabi,Cumin
8.16,0.22,0.59,153,45,385,353,23,Medium Black,Surat,Rabi,Cumin
8.1,0.42,0.41,207,45,379,340,26.8,Medium Black,Vadodara,Rabi,Cumin
7.29,0.49,0.36,174,47,310,252,26.1,Medium Black,Kutch,Rabi,Cumin
7.52,0.35,0.36,192,38,280,490,18.2,Medium Black,Junagadh,Rabi,Cumin
7.06,0.42,0.55,210,40,381,319,26.7,Medium Black,Gandhinagar,Rabi,Cumin
7.12,0.46,0.47,166,62,282,342,23.7,Medium Black,Anand,Rabi,Cumin
7.32,0.25,0.52,170,42,428,376,20.6,Medium Black,Bharuch,Rabi,Cumin
7.56,0.21,0.58,219,53,304,409,26.6,Medium Black,Banaskantha,Rabi,Cumin
8.07,0.3,0.46,191,37,427,386,21,Medium Black,Ahmedabad,Rabi,Cumin
7.25,0.4,0.63,153,60,332,297,24.4,Medium Black,Kutch,Rabi,Cumin
7.64,0.33,0.55,188,38,406,282,22.3,Medium Black,Bhavnagar,Rabi,Cumin
7.85,0.15,0.54,214,35,415,291,26.6,Medium Black,Navsari,Rabi,Cumin
7.23,0.36,0.6,169,46,318,260,18.1,Medium Black,Bharuch,Rabi,Cumin
8.15,0.4,0.65,153,44,321,421,22.1,Medium Black,Mehsana,Rabi,Cumin
7.57,0.17,0.46,183,47,406,418,18,Medium Black,Surendranagar,Rabi,Cumin
7.79,0.4,0.58,205,37,378,267,20.5,Medium Black,Rajkot,Rabi,Cumin
7.55,0.31,0.58,218,57,413,422,25.2,Medium Black,Ahmedabad,Rabi,Cumin
7.77,0.26,0.68,215,50,348,443,26.9,Medium Black,Surendranagar,Rabi,Cumin
7.28,0.47,0.43,217,64,353,327,27.7,Medium Black,Rajkot,Rabi,Cumin
7.11,0.33,0.62,190,44,432,436,21.7,Medium Black,Anand,Rabi,Cumin
7.08,0.48,0.38,151,44,437,492,20.6,Medium Black,Kutch,Rabi,Cumin
7.76,0.25,0.42,165,43,365,468,18.7,Medium Black,Rajkot,Rabi,Cumin
8.1,0.19,0.38,217,38,376,455,22.7,Medium Black,Navsari,Rabi,Cumin
7.99,0.14,0.48,163,35,294,486,22.9,Medium Black,Junagadh,Rabi,Cumin
7.56,0.25,0.59,195,37,387,474,27.4,Medium Black,Kutch,Rabi,Cumin
8.01,0.22,0.7,156,45,421,445,27.2,Medium Black,Navsari,Rabi,Cumin
7.42,0.39,0.4,171,50,315,409,20.6,Medium Black,Surendranagar,Rabi,Cumin
7.64,0.32,0.39,204,65,390,456,25.6,Medium Black,Amreli,Rabi,Cumin
7.8,0.31,0.44,169,45,433,332,23,Medium Black,Banaskantha,Rabi,Cumin
7.13,0.49,0.43,213,46,428,398,25.7,Medium Black,Navsari,Rabi,Cumin
7.44,0.32,0.62,176,52,416,272,23,Medium Black,Ahmedabad,Rabi,Cumin
7.71,0.25,0.5,194,48,423,476,25.8,Medium Black,Bharuch,Rabi,Cumin
7.72,0.43,0.46,208,48,412,258,22.7,Medium Black,Gandhinagar,Rabi,Cumin
7.8,0.28,0.64,159,41,303,332,25.5,Medium Black,Surat,Rabi,Cumin
7.51,0.36,0.68,163,41,391,459,18.1,Medium Black,Banaskantha,Rabi,Cumin
7.34,0.38,0.45,184,49,440,493,19.8,Medium Black,Amreli,Rabi,Cumin
7.37,0.23,0.52,218,59,407,330,18.7,Medium Black,Mehsana,Rabi,Cumin
7.71,0.2,0.42,178,47,333,407,23.7,Medium Black,Junagadh,Rabi,Cumin
8.18,0.22,0.45,164,46,427,396,24.9,Medium Black,Kutch,Rabi,Cumin
7.99,0.33,0.67,184,45,439,343,28,Medium Black,Rajkot,Rabi,Cumin
7.32,0.45,0.66,208,49,359,271,27.2,Medium Black,Rajkot,Rabi,Cumin
8,0.16,0.48,153,45,343,496,21.6,Medium Black,Anand,Rabi,Cumin
7.21,0.5,0.49,212,41,448,265,21.3,Medium Black,Amreli,Rabi,Cumin
7.14,0.27,0.47,178,39,448,361,18.9,Medium Black,Banaskantha,Rabi,Cumin
7.09,0.49,0.44,178,55,436,321,21.5,Medium Black,Amreli,Rabi,Cumin
7.54,0.48,0.63,216,60,282,340,21.1,Medium Black,Anand,Rabi,Cumin
7.59,0.12,0.65,217,50,340,455,25.2,Medium Black,Bharuch,Rabi,Cumin
7.68,0.36,0.36,194,58,384,415,20.5,Medium Black,Anand,Rabi,Cumin
7.31,0.41,0.51,168,59,419,472,19.6,Medium Black,Surendranagar,Rabi,Cumin
7.79,0.4,0.55,172,64,385,312,19.2,Medium Black,Bharuch,Rabi,Cumin
7.66,0.46,0.48,188,36,392,376,25.7,Medium Black,Mehsana,Rabi,Cumin
8.12,0.49,0.6,159,65,386,471,23.1,Medium Black,Navsari,Rabi,Cumin
7.26,0.44,0.38,209,50,335,278,25.6,Medium Black,Navsari,Rabi,Cumin
7.81,0.43,0.65,211,52,434,499,24.4,Medium Black,Surat,Rabi,Cumin
7.57,0.37,0.51,184,39,398,339,23,Medium Black,Navsari,Rabi,Cumin
7.03,0.25,0.64,192,52,282,461,25.2,Medium Black,Surat,Rabi,Cumin
7.13,0.45,0.5,197,54,442,317,23.5,Medium Black,Vadodara,Rabi,Cumin
7.23,0.21,0.52,177,40,417,412,21,Medium Black,Anand,Rabi,Cumin
7.65,0.37,0.43,167,61,414,266,24.4,Medium Black,Rajkot,Rabi,Cumin
8,0.48,0.54,168,64,419,280,23.7,Medium Black,Surat,Rabi,Cumin
7.24,0.33,0.52,195,55,441,407,25.9,Medium Black,Surat,Rabi,Cumin
7.46,0.41,0.43,215,52,352,337,20.7,Medium Black,Kutch,Rabi,Cumin
7.65,0.3,0.65,162,41,408,422,26,Medium Black,Bharuch,Rabi,Cumin
7.28,0.38,0.65,162,54,384,457,25.1,Medium Black,Kutch,Rabi,Cumin
7.34,0.23,0.53,181,63,342,341,21.8,Medium Black,Mehsana,Rabi,Cumin
7.62,0.46,0.62,215,40,326,364,18.1,Medium Black,Surendranagar,Rabi,Cumin
7.81,0.35,0.67,213,49,404,310,18.3,Medium Black,Amreli,Rabi,Cumin
7.69,0.3,0.67,207,61,392,259,24.4,Medium Black,Ahmedabad,Rabi,Cumin
7.65,0.37,0.6,183,62,388,450,20.3,Medium Black,Amreli,Rabi,Cumin
7.89,0.14,0.68,188,47,298,283,18.7,Medium Black,Bhavnagar,Rabi,Cumin
7.21,0.17,0.7,203,56,394,298,19,Medium Black,Bhavnagar,Rabi,Cumin
7.14,0.36,0.55,182,61,426,495,19.5,Medium Black,Surendranagar,Rabi,Cumin
7.88,0.23,0.39,218,45,409,264,26.4,Medium Black,Amreli,Rabi,Cumin
7.78,0.14,0.57,171,38,450,429,25.4,Medium Black,Banaskantha,Rabi,Cumin
8.12,0.13,0.46,169,36,308,390,25.2,Medium Black,Bhavnagar,Rabi,Cumin
7.28,0.39,0.56,178,35,438,383,18.5,Medium Black,Gandhinagar,Rabi,Cumin
7.17,0.45,0.53,163,48,366,391,21.1,Medium Black,Ahmedabad,Rabi,Cumin
7.23,0.37,0.64,186,58,281,438,21.6,Medium Black,Junagadh,Rabi,Cumin
7.48,0.27,0.39,191,43,440,252,26.3,Medium Black,Kutch,Rabi,Cumin
7.19,0.28,0.52,205,39,318,398,19.9,Medium Black,Bhavnagar,Rabi,Cumin
7.95,0.29,0.54,184,48,299,418,22.4,Medium Black,Gandhinagar,Rabi,Cumin
7.36,0.11,0.51,199,49,447,314,24.3,Medium Black,Rajkot,Rabi,Cumin
7.76,0.39,0.6,209,60,445,359,27.1,Medium Black,Surat,Rabi,Cumin
7.41,0.25,0.51,161,39,350,481,27.3,Medium Black,Mehsana,Rabi,Cumin
8.19,0.37,0.48,169,63,287,446,24.8,Medium Black,Amreli,Rabi,Cumin
7.22,0.22,0.51,218,36,328,498,24.4,Medium Black,Bharuch,Rabi,Cumin
7.75,0.22,0.64,208,38,295,481,20.9,Medium Black,Kutch,Rabi,Cumin
7.63,0.25,0.56,154,63,286,436,22.5,Medium Black,Gandhinagar,Rabi,Cumin
7.83,0.33,0.47,168,40,298,366,23.1,Medium Black,Ahmedabad,Rabi,Cumin
7.59,0.43,0.65,158,51,428,500,20,Medium Black,Ahmedabad,Rabi,Cumin
7.24,0.37,0.62,205,51,349,282,26.7,Medium Black,Surendranagar,Rabi,Cumin
8.09,0.2,0.42,160,52,430,274,27.7,Medium Black,Vadodara,Rabi,Cumin
8.08,0.46,0.6,196,49,321,369,19.4,Medium Black,Anand,Rabi,Cumin
7.66,0.36,0.53,182,56,309,435,21,Medium Black,Ahmedabad,Rabi,Cumin
7.22,0.41,0.43,154,40,380,458,25.6,Medium Black,Bharuch,Rabi,Cumin
8.02,0.22,0.37,204,49,403,272,26.8,Medium Black,Surendranagar,Rabi,Cumin
7.92,0.13,0.39,203,36,345,476,24.6,Medium Black,Amreli,Rabi,Cumin
7.7,0.46,0.5,175,59,317,287,23.2,Medium Black,Banaskantha,Rabi,Cumin
7.54,0.42,0.35,159,41,356,374,19.5,Medium Black,Banaskantha,Rabi,Cumin
7.52,0.46,0.54,204,47,403,338,18.7,Medium Black,Vadodara,Rabi,Cumin
7.25,0.43,0.7,153,42,439,472,25.2,Medium Black,Gandhinagar,Rabi,Cumin
7.36,0.48,0.38,179,65,419,310,24.2,Medium Black,Kutch,Rabi,Cumin
7.38,0.1,0.66,151,52,440,299,20.1,Medium Black,Bharuch,Rabi,Cumin
8.19,0.49,0.67,187,48,405,485,19.1,Medium Black,Rajkot,Rabi,Cumin
8.15,0.32,0.55,173,63,404,263,20.4,Medium Black,Navsari,Rabi,Cumin
7.87,0.34,0.43,154,44,329,364,20.7,Medium Black,Gandhinagar,Rabi,Cumin
7.77,0.27,0.7,181,53,357,254,23.4,Medium Black,Gandhinagar,Rabi,Cumin
7.4,0.3,0.65,216,64,320,375,22.4,Medium Black,Surendranagar,Rabi,Cumin
8,0.34,0.65,209,56,293,271,27.6,Medium Black,Navsari,Rabi,Cumin
7.78,0.29,0.56,211,61,437,411,21.8,Medium Black,Gandhinagar,Rabi,Cumin
7.14,0.47,0.59,175,45,310,472,22.6,Medium Black,Surendranagar,Rabi,Cumin
7.13,0.23,0.53,164,49,292,302,26,Medium Black,Ahmedabad,Rabi,Cumin
7.08,0.23,0.45,220,65,306,359,23.8,Medium Black,Vadodara,Rabi,Cumin
7.29,0.38,0.54,190,45,356,291,24.4,Medium Black,Amreli,Rabi,Cumin
7.33,0.36,0.5,175,60,438,464,24.3,Medium Black,Kutch,Rabi,Cumin
7.78,0.38,0.4,154,37,352,477,27.7,Medium Black,Surendranagar,Rabi,Cumin
7.73,0.18,0.52,173,46,426,437,26.8,Medium Black,Mehsana,Rabi,Cumin
7.49,0.37,0.35,203,35,310,468,27.2,Medium Black,Vadodara,Rabi,Cumin
7.4,0.47,0.49,162,37,368,499,27.1,Medium Black,Vadodara,Rabi,Cumin
7.44,0.32,0.63,219,56,294,422,27.6,Medium Black,Ahmedabad,Rabi,Cumin
7.48,0.11,0.5,211,50,448,454,19.9,Medium Black,Surat,Rabi,Cumin
8.16,0.11,0.54,184,58,334,388,18.3,Medium Black,Surendranagar,Rabi,Cumin
7.88,0.49,0.6,179,50,415,285,25.8,Medium Black,Ahmedabad,Rabi,Cumin
7.7,0.48,0.35,213,56,414,365,19.7,Medium Black,Banaskantha,Rabi,Cumin
7.12,0.25,0.58,164,48,364,273,22.2,Medium Black,Junagadh,Rabi,Cumin
7.32,0.29,0.39,175,45,400,477,24.7,Medium Black,Banaskantha,Rabi,Cumin
7.25,0.3,0.66,212,63,295,480,19.9,Medium Black,Kutch,Rabi,Cumin
7.87,0.48,0.68,196,35,447,476,19.1,Medium Black,Mehsana,Rabi,Cumin
7.69,0.46,0.37,191,64,327,400,24.1,Medium Black,Amreli,Rabi,Cumin
7.27,0.24,0.58,175,55,330,315,24.1,Medium Black,Amreli,Rabi,Cumin
7.77,0.13,0.41,188,41,281,286,21.3,Medium Black,Surat,Rabi,Cumin
7.83,0.19,0.57,180,39,315,375,26.9,Medium Black,Surendranagar,Rabi,Cumin
7.31,0.36,0.59,183,44,407,480,24.5,Medium Black,Junagadh,Rabi,Cumin
7.73,0.39,0.39,153,61,393,482,24.4,Medium Black,Bharuch,Rabi,Cumin
7.87,0.32,0.5,198,50,415,328,21.4,Medium Black,Navsari,Rabi,Cumin
7.77,0.18,0.43,208,51,356,306,22.6,Medium Black,Kutch,Rabi,Cumin
7.09,0.4,0.59,175,41,382,472,18.8,Medium Black,Surat,Rabi,Cumin
7.58,0.5,0.36,152,45,295,306,20.4,Medium Black,Rajkot,Rabi,Cumin
8.08,0.41,0.39,180,60,449,447,22.8,Medium Black,Anand,Rabi,Cumin
7.42,0.47,0.57,180,48,323,339,26.9,Medium Black,Junagadh,Rabi,Cumin
7.29,0.36,0.39,205,60,280,293,22.4,Medium Black,Amreli,Rabi,Cumin
8.11,0.26,0.57,166,65,395,284,24.4,Medium Black,Junagadh,Rabi,Cumin
7.16,0.34,0.61,152,53,405,334,18.8,Medium Black,Junagadh,Rabi,Cumin
7.93,0.33,0.56,183,35,427,449,25.9,Medium Black,Vadodara,Rabi,Cumin
7.5,0.44,0.55,195,55,377,320,27,Medium Black,Banaskantha,Rabi,Cumin
8.17,0.48,0.58,206,37,333,474,26.9,Medium Black,Amreli,Rabi,Cumin
8.07,0.16,0.55,188,40,322,277,20.1,Medium Black,Bhavnagar,Rabi,Cumin
7.24,0.15,0.62,179,59,289,476,18.6,Medium Black,Navsari,Rabi,Cumin
7.88,0.17,0.47,150,41,287,442,19.3,Medium Black,Kutch,Rabi,Cumin
7,0.24,0.53,173,35,323,256,25.7,Medium Black,Amreli,Rabi,Cumin
7.06,0.44,0.41,195,47,432,304,18.8,Medium Black,Junagadh,Rabi,Cumin
7.52,0.16,0.64,164,43,341,384,22.8,Medium Black,Surat,Rabi,Cumin
7.59,0.2,0.47,195,54,387,283,27.4,Medium Black,Surat,Rabi,Cumin
7.02,0.39,0.7,212,47,338,488,25.7,Medium Black,Vadodara,Rabi,Cumin
7.16,0.36,0.56,199,50,346,390,23.5,Medium Black,Banaskantha,Rabi,Cumin
7.11,0.16,0.35,213,46,380,407,27.5,Medium Black,Bharuch,Rabi,Cumin
7.37,0.13,0.45,163,42,430,385,23.6,Medium Black,Amreli,Rabi,Cumin
8.16,0.25,0.6,175,58,398,276,23.1,Medium Black,Surendranagar,Rabi,Cumin
8.15,0.17,0.66,151,60,417,428,24.3,Medium Black,Ahmedabad,Rabi,Cumin
7.81,0.3,0.41,219,59,365,288,18.7,Medium Black,Junagadh,Rabi,Cumin
7.99,0.36,0.49,220,63,372,431,18.9,Medium Black,Vadodara,Rabi,Cumin
7.68,0.26,0.54,211,61,288,298,26.7,Medium Black,Surendranagar,Rabi,Cumin
7.15,0.29,0.43,196,58,290,435,24.7,Medium Black,Amreli,Rabi,Cumin
7.95,0.37,0.48,183,35,314,437,26,Medium Black,Banaskantha,Rabi,Cumin
7.65,0.12,0.5,158,42,367,410,21.9,Medium Black,Anand,Rabi,Cumin
7.18,0.21,0.45,173,65,389,335,21.6,Medium Black,Vadodara,Rabi,Cumin
7.8,0.36,0.39,179,45,448,338,26.5,Medium Black,Amreli,Rabi,Cumin
7.55,0.48,0.54,208,64,432,424,19.9,Medium Black,Surendranagar,Rabi,Cumin
7.42,0.34,0.67,185,47,305,365,20.2,Medium Black,Ahmedabad,Rabi,Cumin
7.07,0.38,0.45,187,50,280,358,25.2,Medium Black,Navsari,Rabi,Cumin
7.01,0.4,0.59,199,35,319,412,23.1,Medium Black,Junagadh,Rabi,Cumin
7.87,0.46,0.61,163,35,389,491,21,Medium Black,Surendranagar,Rabi,Cumin
7.92,0.41,0.4,195,56,410,351,23.6,Medium Black,Junagadh,Rabi,Cumin
7.93,0.31,0.65,162,44,414,326,23.4,Medium Black,Ahmedabad,Rabi,Cumin
7.82,0.43,0.44,158,40,350,433,19.7,Medium Black,Banaskantha,Rabi,Cumin
7.49,0.48,0.5,160,42,422,296,25.8,Medium Black,Gandhinagar,Rabi,Cumin
7.85,0.4,0.57,168,57,299,392,22.1,Medium Black,Mehsana,Rabi,Cumin
8.02,0.18,0.66,202,50,362,360,25.2,Medium Black,Bhavnagar,Rabi,Cumin
7.45,0.22,0.66,200,42,395,392,22.7,Medium Black,Vadodara,Rabi,Cumin
7.71,0.28,0.39,160,59,413,408,27.1,Medium Black,Navsari,Rabi,Cumin
7.86,0.46,0.54,206,35,390,300,20.2,Medium Black,Navsari,Rabi,Cumin
8.14,0.16,0.49,206,58,334,292,26.3,Medium Black,Surat,Rabi,Cumin
7.5,0.23,0.58,178,47,358,262,22.8,Medium Black,Amreli,Rabi,Cumin
7.06,0.49,0.64,218,39,287,373,21.1,Medium Black,Bhavnagar,Rabi,Cumin
7.74,0.17,0.65,161,55,342,485,25.8,Medium Black,Vadodara,Rabi,Cumin
7.72,0.39,0.6,180,56,298,323,24.6,Medium Black,Navsari,Rabi,Cumin
7.2,0.42,0.53,193,62,345,495,25.8,Medium Black,Navsari,Rabi,Cumin
7.26,0.19,0.68,194,36,294,384,27.3,Medium Black,Kutch,Rabi,Cumin
7.72,0.41,0.39,154,46,297,265,19.9,Medium Black,Vadodara,Rabi,Cumin
7.71,0.4,0.57,167,57,419,298,20.8,Medium Black,Amreli,Rabi,Cumin
7.62,0.24,0.65,167,49,295,357,18.1,Medium Black,Kutch,Rabi,Cumin
7.87,0.13,0.56,211,47,354,286,20.3,Medium Black,Gandhinagar,Rabi,Cumin
8.06,0.36,0.43,166,44,324,296,20.3,Medium Black,Gandhinagar,Rabi,Cumin
8.14,0.28,0.69,169,59,300,495,24.8,Medium Black,Junagadh,Rabi,Cumin
7.04,0.17,0.46,200,35,439,256,18.9,Medium Black,Anand,Rabi,Cumin
7.15,0.17,0.36,218,44,284,290,22.4,Medium Black,Kutch,Rabi,Cumin
8.08,0.21,0.7,194,40,309,273,25.6,Medium Black,Rajkot,Rabi,Cumin
7.57,0.31,0.5,173,46,447,498,22,Medium Black,Vadodara,Rabi,Cumin
7.49,0.27,0.54,201,43,378,412,24.6,Medium Black,Navsari,Rabi,Cumin
7.91,0.25,0.49,203,64,320,382,21.5,Medium Black,Anand,Rabi,Cumin
7.91,0.36,0.52,189,54,323,393,24.3,Medium Black,Mehsana,Rabi,Cumin
8.2,0.49,0.69,159,61,331,484,25.1,Medium Black,Vadodara,Rabi,Cumin
7.92,0.18,0.39,181,65,310,273,24.9,Medium Black,Bhavnagar,Rabi,Cumin
7.06,0.39,0.45,189,50,415,452,27.3,Medium Black,Navsari,Rabi,Cumin
8.02,0.29,0.6,152,42,290,437,20.1,Medium Black,Banaskantha,Rabi,Cumin
7.73,0.26,0.69,192,57,280,291,24.2,Medium Black,Gandhinagar,Rabi,Cumin
7.06,0.27,0.45,150,54,333,444,18.3,Medium Black,Gandhinagar,Rabi,Cumin
7.53,0.44,0.58,187,65,283,348,23.9,Medium Black,Ahmedabad,Rabi,Cumin
7.03,0.24,0.4,203,41,368,375,20.8,Medium Black,Rajkot,Rabi,Cumin
7.53,0.21,0.45,159,42,414,488,23.5,Medium Black,Vadodara,Rabi,Cumin
7.65,0.17,0.44,194,45,317,350,20.3,Medium Black,Surat,Rabi,Cumin
7.64,0.12,0.65,162,50,402,408,24,Medium Black,Navsari,Rabi,Cumin
8.02,0.18,0.59,156,35,381,305,19.1,Medium Black,Banaskantha,Rabi,Cumin
7.76,0.43,0.47,209,60,383,281,20.6,Medium Black,Mehsana,Rabi,Cumin
7.51,0.29,0.65,205,54,295,373,27.4,Medium Black,Anand,Rabi,Cumin
7.27,0.16,0.39,173,36,291,409,19.1,Medium Black,Banaskantha,Rabi,Cumin
7.87,0.34,0.39,198,52,369,475,18.2,Medium Black,Gandhinagar,Rabi,Cumin
7.75,0.35,0.64,178,56,378,484,27.7,Medium Black,Banaskantha,Rabi,Cumin
7.01,0.5,0.57,151,54,389,259,20.2,Medium Black,Mehsana,Rabi,Cumin
7.87,0.47,0.62,176,52,441,431,19.7,Medium Black,Vadodara,Rabi,Cumin
7.25,0.23,0.59,167,49,289,335,24.1,Medium Black,Junagadh,Rabi,Cumin
7.78,0.48,0.65,218,49,318,261,22.1,Medium Black,Vadodara,Rabi,Cumin
8.04,0.43,0.5,201,50,399,389,27.1,Medium Black,Rajkot,Rabi,Cumin
7.23,0.1,0.57,214,41,434,377,19.3,Medium Black,Ahmedabad,Rabi,Cumin
7.84,0.19,0.57,204,51,424,388,28,Medium Black,Gandhinagar,Rabi,Cumin
7.37,0.48,0.56,181,47,399,468,26.1,Medium Black,Ahmedabad,Rabi,Cumin
7.9,0.33,0.65,213,64,371,252,18,Medium Black,Bharuch,Rabi,Cumin
7.86,0.22,0.37,176,63,422,388,18,Medium Black,Anand,Rabi,Cumin
7.25,0.24,0.67,151,59,372,427,23.3,Medium Black,Kutch,Rabi,Cumin
7.23,0.38,0.46,187,60,327,334,21.3,Medium Black,Navsari,Rabi,Cumin
8.1,0.47,0.7,206,65,413,327,20.2,Medium Black,Ahmedabad,Rabi,Cumin
7.03,0.41,0.61,175,40,371,372,24.8,Medium Black,Bhavnagar,Rabi,Cumin
7.46,0.24,0.58,179,55,373,288,20.6,Medium Black,Bharuch,Rabi,Cumin
7.99,0.18,0.59,156,43,327,333,23.7,Medium Black,Navsari,Rabi,Cumin
7.89,0.37,0.6,158,54,341,485,23.7,Medium Black,Bhavnagar,Rabi,Cumin
7.97,0.33,0.38,215,58,354,310,25.2,Medium Black,Anand,Rabi,Cumin
8.18,0.46,0.48,189,61,339,329,24.5,Medium Black,Banaskantha,Rabi,Cumin
7.43,0.13,0.68,201,59,429,335,19.4,Medium Black,Anand,Rabi,Cumin
7.89,0.46,0.57,170,38,292,361,19.5,Medium Black,Mehsana,Rabi,Cumin
7.95,0.15,0.59,155,57,397,307,21.4,Medium Black,Rajkot,Rabi,Cumin
7.24,0.39,0.57,209,35,445,445,21,Medium Black,Bharuch,Rabi,Cumin
7.31,0.16,0.45,176,60,284,296,26.8,Medium Black,Mehsana,Rabi,Cumin
7.63,0.25,0.67,191,63,393,303,23.9,Medium Black,Banaskantha,Rabi,Cumin
7.59,0.17,0.69,150,52,371,340,18.4,Medium Black,Amreli,Rabi,Cumin
7.91,0.25,0.65,164,43,340,465,25.7,Medium Black,Bharuch,Rabi,Cumin
7.69,0.24,0.56,190,48,434,465,19.2,Medium Black,Junagadh,Rabi,Cumin
7.57,0.2,0.6,214,54,332,371,19.9,Medium Black,Surendranagar,Rabi,Cumin
7.98,0.14,0.66,173,50,403,500,20,Medium Black,Bhavnagar,Rabi,Cumin
7.65,0.46,0.39,188,43,419,376,23.3,Medium Black,Vadodara,Rabi,Cumin
7.18,0.14,0.65,187,36,425,255,18.6,Medium Black,Vadodara,Rabi,Cumin
7.97,0.47,0.51,169,45,398,300,27.8,Medium Black,Junagadh,Rabi,Cumin
7.22,0.45,0.36,179,49,342,488,24.3,Medium Black,Junagadh,Rabi,Cumin
8.03,0.25,0.43,182,59,280,455,27.7,Medium Black,Navsari,Rabi,Cumin
8.17,0.43,0.59,219,58,372,420,18.6,Medium Black,Surendranagar,Rabi,Cumin
7.04,0.46,0.43,213,37,438,387,21.8,Medium Black,Rajkot,Rabi,Cumin
7.03,0.38,0.59,158,61,353,352,21.2,Medium Black,Banaskantha,Rabi,Cumin
7.97,0.37,0.41,171,62,285,452,26,Medium Black,Vadodara,Rabi,Cumin
7.2,0.23,0.36,160,49,403,404,27.2,Medium Black,Banaskantha,Rabi,Cumin
7.38,0.44,0.45,154,35,382,296,19.4,Medium Black,Rajkot,Rabi,Cumin
8.12,0.43,0.47,159,49,352,455,23.5,Medium Black,Banaskantha,Rabi,Cumin
8.11,0.18,0.55,178,48,284,429,21.1,Medium Black,Gandhinagar,Rabi,Cumin
7.02,0.49,0.61,152,48,390,263,25.3,Medium Black,Banaskantha,Rabi,Cumin
7.46,0.23,0.52,181,65,298,437,19,Medium Black,Banaskantha,Rabi,Cumin
7.6,0.16,0.67,160,51,433,387,22.5,Medium Black,Rajkot,Rabi,Cumin
7.52,0.16,0.45,182,43,368,268,22,Medium Black,Rajkot,Rabi,Cumin
7.26,0.11,0.44,219,56,352,405,22.7,Medium Black,Surat,Rabi,Cumin
7.15,0.39,0.63,167,65,440,366,24.4,Medium Black,Banaskantha,Rabi,Cumin
7.29,0.34,0.66,162,56,377,340,20.8,Medium Black,Surendranagar,Rabi,Cumin
7.65,0.26,0.37,190,60,313,438,25.5,Medium Black,Mehsana,Rabi,Cumin
8.13,0.43,0.37,170,46,295,465,26.6,Medium Black,Surat,Rabi,Cumin
7.76,0.37,0.43,152,39,292,457,22.2,Medium Black,Bharuch,Rabi,Cumin
7.17,0.23,0.62,215,44,366,452,19.6,Medium Black,Surat,Rabi,Cumin
7.3,0.29,0.46,207,64,361,471,19.5,Medium Black,Amreli,Rabi,Cumin
7.45,0.13,0.36,220,39,308,280,23.2,Medium Black,Junagadh,Rabi,Cumin
7.92,0.42,0.37,166,46,361,266,20.4,Medium Black,Anand,Rabi,Cumin
7.21,0.22,0.62,202,44,444,406,23,Medium Black,Junagadh,Rabi,Cumin
7.57,0.19,0.47,172,37,371,341,21.3,Medium Black,Surendranagar,Rabi,Cumin
7.31,0.48,0.39,163,53,371,444,22.8,Medium Black,Rajkot,Rabi,Cumin
7.8,0.39,0.44,183,62,427,262,22.3,Medium Black,Bhavnagar,Rabi,Cumin
8.04,0.31,0.64,168,44,294,417,24.1,Medium Black,Bharuch,Rabi,Cumin
7.51,0.13,0.66,163,62,415,472,26.5,Medium Black,Anand,Rabi,Cumin
7.02,0.21,0.62,220,54,283,253,22.2,Medium Black,Amreli,Rabi,Cumin
8.05,0.47,0.39,197,48,398,368,26.6,Medium Black,Amreli,Rabi,Cumin
7.14,0.45,0.42,170,55,345,437,20.8,Medium Black,Surendranagar,Rabi,Cumin
8.14,0.28,0.69,189,49,415,479,23.1,Medium Black,Bharuch,Rabi,Cumin
7.38,0.25,0.43,218,53,399,375,27.4,Medium Black,Anand,Rabi,Cumin
7.37,0.23,0.6,152,50,355,287,19.6,Medium Black,Junagadh,Rabi,Cumin
7.94,0.5,0.62,177,60,385,253,18.1,Medium Black,Vadodara,Rabi,Cumin
7.22,0.2,0.44,163,59,353,284,24.4,Medium Black,Navsari,Rabi,Cumin
7.9,0.29,0.42,191,42,410,324,19.9,Medium Black,Rajkot,Rabi,Cumin
7.83,0.22,0.5,153,42,364,278,24.5,Medium Black,Kutch,Rabi,Cumin
7.25,0.47,0.69,181,53,329,476,21.8,Medium Black,Surendranagar,Rabi,Cumin
7.96,0.38,0.4,156,56,395,301,18.9,Medium Black,Anand,Rabi,Cumin
7.81,0.39,0.52,202,56,324,488,20.4,Medium Black,Vadodara,Rabi,Cumin
7.64,0.26,0.68,162,57,376,470,18.8,Medium Black,Surat,Rabi,Cumin
7.04,0.42,0.43,206,60,428,444,25.6,Medium Black,Ahmedabad,Rabi,Cumin
7.25,0.47,0.35,195,44,406,341,21.7,Medium Black,Anand,Rabi,Cumin
7.91,0.26,0.53,170,40,435,460,23.8,Medium Black,Amreli,Rabi,Cumin
7.61,0.35,0.56,158,60,424,271,22.7,Medium Black,Rajkot,Rabi,Cumin
7.69,0.38,0.42,212,49,445,496,25.9,Medium Black,Banaskantha,Rabi,Cumin
7.4,0.3,0.47,206,61,381,361,19.2,Medium Black,Bhavnagar,Rabi,Cumin
7.54,0.39,0.61,183,44,307,338,26.4,Medium Black,Gandhinagar,Rabi,Cumin
7.34,0.48,0.65,211,63,365,497,26.7,Medium Black,Navsari,Rabi,Cumin
8.13,0.13,0.4,218,60,309,379,27.6,Medium Black,Amreli,Rabi,Cumin
7.74,0.25,0.53,185,45,394,487,19.9,Medium Black,Ahmedabad,Rabi,Cumin
7.32,0.42,0.39,188,62,440,487,23.7,Medium Black,Rajkot,Rabi,Cumin
7.05,0.27,0.6,168,50,359,264,27.7,Medium Black,Vadodara,Rabi,Cumin
7.52,0.23,0.63,158,55,325,397,18.6,Medium Black,Ahmedabad,Rabi,Cumin
7.38,0.16,0.56,207,40,426,399,19.3,Medium Black,Surat,Rabi,Cumin
7.54,0.46,0.69,154,54,369,281,18.7,Medium Black,Kutch,Rabi,Cumin
7.97,0.44,0.4,205,38,369,391,20.5,Medium Black,Vadodara,Rabi,Cumin
7.84,0.13,0.68,210,57,355,488,19.8,Medium Black,Rajkot,Rabi,Cumin
7.67,0.3,0.69,177,40,439,373,21.5,Medium Black,Surat,Rabi,Cumin
7.35,0.46,0.57,165,58,417,273,20.7,Medium Black,Navsari,Rabi,Cumin
7.27,0.26,0.57,206,65,447,318,23.2,Medium Black,Mehsana,Rabi,Cumin
7.56,0.15,0.6,190,39,431,372,22.3,Medium Black,Anand,Rabi,Cumin
8.11,0.2,0.65,199,52,361,281,23.9,Medium Black,Rajkot,Rabi,Cumin
7.58,0.47,0.62,219,61,382,463,24,Medium Black,Bhavnagar,Rabi,Cumin
7.85,0.16,0.56,156,42,438,467,19.2,Medium Black,Junagadh,Rabi,Cumin
7.17,0.13,0.67,162,50,288,326,18.2,Medium Black,Mehsana,Rabi,Cumin
7.79,0.5,0.51,210,44,410,262,21.7,Medium Black,Bhavnagar,Rabi,Cumin
7.82,0.39,0.39,213,64,341,394,26.5,Medium Black,Kutch,Rabi,Cumin
7.1,0.37,0.69,204,39,428,330,23.1,Medium Black,Surendranagar,Rabi,Cumin
7.06,0.46,0.52,200,56,406,361,22.9,Medium Black,Rajkot,Rabi,Cumin
7.82,0.25,0.64,201,43,420,336,26.7,Medium Black,Bharuch,Rabi,Cumin
7.76,0.22,0.58,186,45,294,480,20.7,Medium Black,Navsari,Rabi,Cumin
8.02,0.19,0.5,187,45,307,294,22.2,Medium Black,Gandhinagar,Rabi,Cumin
8.07,0.27,0.69,180,65,307,337,21.7,Medium Black,Anand,Rabi,Cumin
7.32,0.38,0.64,177,64,326,272,18.8,Medium Black,Mehsana,Rabi,Cumin
8.14,0.32,0.53,153,62,380,304,21,Medium Black,Ahmedabad,Rabi,Cumin
7.9,0.34,0.67,158,35,353,344,24.5,Medium Black,Mehsana,Rabi,Cumin
8.18,0.4,0.54,205,64,340,327,19.8,Medium Black,Amreli,Rabi,Cumin
7.25,0.35,0.54,216,55,401,252,27.1,Medium Black,Amreli,Rabi,Cumin
7.42,0.42,0.49,210,64,325,333,23.3,Medium Black,Rajkot,Rabi,Cumin
7.61,0.14,0.57,151,57,420,319,27.7,Medium Black,Navsari,Rabi,Cumin
7.19,0.15,0.57,189,49,309,455,19.7,Medium Black,Amreli,Rabi,Cumin
7.57,0.28,0.42,173,36,286,357,19,Medium Black,Ahmedabad,Rabi,Cumin
7.66,0.24,0.4,210,59,352,457,25.8,Medium Black,Amreli,Rabi,Cumin
8.04,0.18,0.57,195,40,341,331,26.6,Medium Black,Kutch,Rabi,Cumin
7.45,0.27,0.63,177,56,447,382,21.1,Medium Black,Gandhinagar,Rabi,Cumin
7.35,0.49,0.49,216,62,311,331,21.3,Medium Black,Rajkot,Rabi,Cumin
7.23,0.34,0.61,156,60,359,370,24.5,Medium Black,Anand,Rabi,Cumin
7.76,0.22,0.44,167,45,422,316,21.9,Medium Black,Surat,Rabi,Cumin
7.29,0.42,0.52,207,64,390,390,25.8,Medium Black,Surat,Rabi,Cumin
7.61,0.45,0.44,184,35,413,438,26.6,Medium Black,Gandhinagar,Rabi,Cumin
8.17,0.29,0.68,169,51,286,408,26.7,Medium Black,Gandhinagar,Rabi,Cumin
7.89,0.13,0.35,153,65,352,453,21.8,Medium Black,Junagadh,Rabi,Cumin
7.63,0.34,0.39,210,42,390,278,23.1,Medium Black,Gandhinagar,Rabi,Cumin
7.9,0.16,0.66,170,64,309,349,20.9,Medium Black,Kutch,Rabi,Cumin
7.04,0.49,0.38,216,36,414,293,25.7,Medium Black,Navsari,Rabi,Cumin
7.76,0.48,0.46,160,58,300,416,19.4,Medium Black,Banaskantha,Rabi,Cumin
8.06,0.41,0.44,181,52,307,442,27.2,Medium Black,Banaskantha,Rabi,Cumin
7.8,0.2,0.5,203,64,431,482,18.5,Medium Black,Gandhinagar,Rabi,Cumin
7.03,0.25,0.58,192,64,338,482,20,Medium Black,Kutch,Rabi,Cumin
7.15,0.35,0.48,216,60,384,438,21.4,Medium Black,Surendranagar,Rabi,Cumin
7.31,0.46,0.68,202,43,390,297,23.7,Medium Black,Vadodara,Rabi,Cumin
7.37,0.24,0.38,155,60,429,292,22,Medium Black,Amreli,Rabi,Cumin
8.16,0.31,0.64,185,35,355,454,22.9,Medium Black,Mehsana,Rabi,Cumin
8.17,0.2,0.61,206,42,364,481,20.8,Medium Black,Junagadh,Rabi,Cumin
7.89,0.33,0.6,157,55,400,451,26.2,Medium Black,Bharuch,Rabi,Cumin
7.46,0.2,0.61,169,45,366,497,23.8,Medium Black,Navsari,Rabi,Cumin
7.64,0.3,0.55,189,48,419,265,18.1,Medium Black,Junagadh,Rabi,Cumin
7.8,0.28,0.45,196,41,297,431,25.3,Medium Black,Bhavnagar,Rabi,Cumin
8.07,0.24,0.5,210,43,312,461,20.2,Medium Black,Kutch,Rabi,Cumin
7.15,0.44,0.54,180,44,340,413,26.7,Medium Black,Surat,Rabi,Cumin
7.55,0.17,0.65,203,51,375,372,21.6,Medium Black,Ahmedabad,Rabi,Cumin
7.77,0.14,0.57,198,52,435,309,20.4,Medium Black,Ahmedabad,Rabi,Cumin
7.48,0.43,0.48,177,54,408,321,23.2,Medium Black,Gandhinagar,Rabi,Cumin
7.18,0.41,0.47,172,60,363,373,21,Medium Black,Anand,Rabi,Cumin
7.42,0.18,0.46,156,55,376,469,20.3,Medium Black,Kutch,Rabi,Cumin
7.63,0.31,0.47,172,36,380,250,24.1,Medium Black,Banaskantha,Rabi,Cumin
7.96,0.44,0.37,212,52,426,440,20.6,Medium Black,Vadodara,Rabi,Cumin
7.92,0.1,0.38,212,49,326,490,20,Medium Black,Junagadh,Rabi,Cumin
7.55,0.13,0.43,205,45,395,401,22.2,Medium Black,Junagadh,Rabi,Cumin
7.29,0.12,0.41,150,38,404,306,24.8,Medium Black,Vadodara,Rabi,Cumin
7.74,0.45,0.67,189,41,296,286,20.6,Medium Black,Gandhinagar,Rabi,Cumin
7.3,0.38,0.65,186,35,356,312,22.5,Medium Black,Anand,Rabi,Cumin
7.34,0.15,0.48,209,57,337,357,26.9,Medium Black,Bhavnagar,Rabi,Cumin
8.04,0.19,0.36,160,63,331,259,18.5,Medium Black,Amreli,Rabi,Cumin
7.28,0.25,0.42,164,51,323,308,20.2,Medium Black,Ahmedabad,Rabi,Cumin
7.58,0.27,0.4,203,65,420,266,24.6,Medium Black,Navsari,Rabi,Cumin
7.67,0.14,0.45,166,55,343,306,21.4,Medium Black,Kutch,Rabi,Cumin
7.12,0.26,0.4,171,44,406,328,27.2,Medium Black,Banaskantha,Rabi,Cumin
7.16,0.3,0.54,195,58,298,308,22.7,Medium Black,Bhavnagar,Rabi,Cumin
7.42,0.42,0.55,208,62,418,437,27.1,Medium Black,Mehsana,Rabi,Cumin
7.76,0.22,0.51,203,63,400,408,24.5,Medium Black,Banaskantha,Rabi,Cumin
7.92,0.19,0.56,188,58,432,400,24.6,Medium Black,Amreli,Rabi,Cumin
7.04,0.12,0.66,170,38,295,327,23.4,Medium Black,Rajkot,Rabi,Cumin
8,0.2,0.5,161,42,416,467,27.3,Medium Black,Surat,Rabi,Cumin
7.09,0.31,0.42,186,53,314,305,25.9,Medium Black,Bhavnagar,Rabi,Cumin
7.33,0.18,0.61,164,36,351,275,22.6,Medium Black,Bharuch,Rabi,Cumin
8.1,0.47,0.64,163,62,281,313,24.5,Medium Black,Ahmedabad,Rabi,Cumin
7.33,0.12,0.44,179,54,399,442,27.7,Medium Black,Amreli,Rabi,Cumin
7.14,0.31,0.54,205,54,289,320,20.4,Medium Black,Rajkot,Rabi,Cumin
7.36,0.31,0.37,164,40,280,346,19.5,Medium Black,Surendranagar,Rabi,Cumin
7.34,0.31,0.61,158,56,386,449,22.2,Medium Black,Kutch,Rabi,Cumin
7.09,0.43,0.36,197,65,406,439,26.2,Medium Black,Ahmedabad,Rabi,Cumin
7.63,0.13,0.58,182,42,299,336,20.2,Medium Black,Banaskantha,Rabi,Cumin
7.27,0.14,0.55,167,63,412,415,19.5,Medium Black,Surat,Rabi,Cumin
7.44,0.34,0.49,185,63,402,461,27.6,Medium Black,Amreli,Rabi,Cumin
7.88,0.43,0.39,179,53,304,357,21.2,Medium Black,Gandhinagar,Rabi,Cumin
7.81,0.46,0.5,175,35,419,371,25,Medium Black,Surendranagar,Rabi,Cumin
7.01,0.26,0.53,155,35,322,420,27.6,Medium Black,Junagadh,Rabi,Cumin
7.52,0.21,0.66,198,56,396,358,21.7,Medium Black,Gandhinagar,Rabi,Cumin
7.18,0.4,0.67,190,59,336,290,23.8,Medium Black,Surat,Rabi,Cumin
7.76,0.23,0.47,187,43,307,316,23.9,Medium Black,Junagadh,Rabi,Cumin
7.09,0.43,0.57,177,64,423,296,20.5,Medium Black,Surat,Rabi,Cumin
7.06,0.17,0.69,214,42,359,301,21.9,Medium Black,Vadodara,Rabi,Cumin
7.46,0.18,0.56,155,47,389,396,21.1,Medium Black,Surendranagar,Rabi,Cumin
7.9,0.41,0.44,200,65,384,464,27.4,Medium Black,Ahmedabad,Rabi,Cumin
8.02,0.13,0.51,212,56,427,288,24.9,Medium Black,Junagadh,Rabi,Cumin
8.18,0.31,0.42,185,53,448,282,27.1,Medium Black,Bharuch,Rabi,Cumin
7.36,0.23,0.7,155,50,359,465,24.4,Medium Black,Anand,Rabi,Cumin
7.74,0.31,0.66,152,41,404,497,23.8,Medium Black,Navsari,Rabi,Cumin
7.04,0.12,0.37,192,48,415,481,23.8,Medium Black,Gandhinagar,Rabi,Cumin
7.72,0.19,0.69,205,61,345,481,27.1,Medium Black,Navsari,Rabi,Cumin
7.36,0.49,0.4,164,61,383,399,22.1,Medium Black,Bhavnagar,Rabi,Cumin
7.6,0.33,0.55,208,65,428,309,26.4,Medium Black,Banaskantha,Rabi,Cumin
7.52,0.45,0.65,210,39,312,456,26.9,Medium Black,Bhavnagar,Rabi,Cumin
7.1,0.15,0.69,201,36,372,426,27.9,Medium Black,Mehsana,Rabi,Cumin
7.08,0.28,0.54,153,36,299,441,21.7,Medium Black,Gandhinagar,Rabi,Cumin
7.43,0.17,0.69,212,42,402,423,23.7,Medium Black,Mehsana,Rabi,Cumin
7.98,0.38,0.4,150,60,337,293,26.5,Medium Black,Anand,Rabi,Cumin
7.77,0.12,0.68,199,57,297,372,23.3,Medium Black,Bharuch,Rabi,Cumin
7.18,0.45,0.4,157,54,306,451,21.7,Medium Black,Gandhinagar,Rabi,Cumin
7.28,0.17,0.4,181,57,314,352,26.8,Medium Black,Gandhinagar,Rabi,Cumin
8.08,0.21,0.49,217,51,332,292,18.6,Medium Black,Amreli,Rabi,Cumin
7.33,0.18,0.54,154,58,387,270,25,Medium Black,Bharuch,Rabi,Cumin
7.4,0.38,0.52,206,51,369,372,20,Medium Black,Bhavnagar,Rabi,Cumin
8.12,0.18,0.61,187,52,354,372,25,Medium Black,Navsari,Rabi,Cumin
7.47,0.19,0.58,156,54,319,281,20.4,Medium Black,Junagadh,Rabi,Cumin
7.14,0.18,0.4,183,35,329,499,19.2,Medium Black,Kutch,Rabi,Cumin
8.04,0.29,0.44,183,37,417,385,19.1,Medium Black,Anand,Rabi,Cumin
7.76,0.36,0.64,197,37,375,481,18.6,Medium Black,Mehsana,Rabi,Cumin
7.48,0.2,0.47,167,37,427,327,19.2,Medium Black,Gandhinagar,Rabi,Cumin
7.49,0.49,0.53,161,52,447,406,18.3,Medium Black,Navsari,Rabi,Cumin
8.1,0.35,0.43,157,41,316,500,21.6,Medium Black,Vadodara,Rabi,Cumin
7.4,0.34,0.48,207,40,282,446,26.8,Medium Black,Anand,Rabi,Cumin
7.5,0.1,0.5,187,62,315,250,24.1,Medium Black,Anand,Rabi,Cumin
7.43,0.3,0.44,203,49,292,364,26,Medium Black,Junagadh,Rabi,Cumin
7.47,0.42,0.68,160,57,339,411,26.1,Medium Black,Amreli,Rabi,Cumin
7.19,0.5,0.41,195,57,358,307,20,Medium Black,Bhavnagar,Rabi,Cumin
8.09,0.23,0.64,192,47,289,452,19.4,Medium Black,Bhavnagar,Rabi,Cumin
7.37,0.14,0.41,200,42,410,292,20.5,Medium Black,Surendranagar,Rabi,Cumin
7.22,0.48,0.43,212,39,351,426,27.5,Medium Black,Surat,Rabi,Cumin
7.69,0.39,0.6,156,54,430,347,25,Medium Black,Banaskantha,Rabi,Cumin
7.23,0.45,0.35,162,46,441,257,25.4,Medium Black,Kutch,Rabi,Cumin
8.04,0.47,0.54,159,48,374,301,24.9,Medium Black,Banaskantha,Rabi,Cumin
7.85,0.31,0.61,158,59,373,414,27.4,Medium Black,Junagadh,Rabi,Cumin
7.86,0.17,0.43,197,42,349,288,24.5,Medium Black,Junagadh,Rabi,Cumin
7.85,0.23,0.69,218,65,283,263,25.3,Medium Black,Navsari,Rabi,Cumin
8,0.47,0.39,190,49,448,366,25.9,Medium Black,Surendranagar,Rabi,Cumin
8.03,0.17,0.49,201,57,348,404,26.6,Medium Black,Surat,Rabi,Cumin
7.92,0.35,0.55,202,51,282,276,19.8,Medium Black,Ahmedabad,Rabi,Cumin
7.68,0.35,0.64,154,45,359,364,22,Medium Black,Bhavnagar,Rabi,Cumin
7.35,0.21,0.4,172,61,418,273,27,Medium Black,Amreli,Rabi,Cumin
7.4,0.13,0.41,200,60,432,266,22.8,Medium Black,Anand,Rabi,Cumin
7.53,0.34,0.65,164,42,391,407,24.9,Medium Black,Ahmedabad,Rabi,Cumin
7.02,0.49,0.56,179,37,385,341,26.5,Medium Black,Bhavnagar,Rabi,Cumin
7.22,0.43,0.45,151,58,333,329,27.8,Medium Black,Surendranagar,Rabi,Cumin
7.58,0.1,0.59,212,38,331,484,23,Medium Black,Anand,Rabi,Cumin
7.75,0.31,0.45,183,49,287,319,26.2,Medium Black,Junagadh,Rabi,Cumin
7.79,0.48,0.5,201,58,356,376,25.4,Medium Black,Surat,Rabi,Cumin
7.44,0.34,0.44,151,57,299,453,19.5,Medium Black,Banaskantha,Rabi,Cumin
7.36,0.23,0.58,182,61,330,281,23,Medium Black,Kutch,Rabi,Cumin
8.15,0.24,0.36,220,61,321,481,19.5,Medium Black,Anand,Rabi,Cumin
7.17,0.25,0.57,178,40,326,320,18.1,Medium Black,Kutch,Rabi,Cumin
7.02,0.36,0.45,175,51,342,317,26.9,Medium Black,Amreli,Rabi,Cumin
8.06,0.44,0.4,167,51,407,320,21.1,Medium Black,Amreli,Rabi,Cumin
7.68,0.48,0.42,169,50,388,469,18.2,Medium Black,Banaskantha,Rabi,Cumin
8.15,0.42,0.55,202,60,363,378,25.5,Medium Black,Navsari,Rabi,Cumin
8.13,0.46,0.53,192,58,296,285,24.1,Medium Black,Ahmedabad,Rabi,Cumin
7.84,0.44,0.53,153,45,410,500,20.4,Medium Black,Banaskantha,Rabi,Cumin
7.54,0.33,0.62,187,65,376,301,26.4,Medium Black,Gandhinagar,Rabi,Cumin
7.57,0.48,0.39,218,45,439,310,26.6,Medium Black,Vadodara,Rabi,Cumin
7.29,0.24,0.58,182,55,291,395,27.8,Medium Black,Surendranagar,Rabi,Cumin
7.79,0.36,0.7,174,64,323,415,20.7,Medium Black,Surat,Rabi,Cumin
8.02,0.23,0.36,217,59,354,471,21,Medium Black,Bhavnagar,Rabi,Cumin
7.62,0.11,0.46,184,50,302,419,27.1,Medium Black,Mehsana,Rabi,Cumin
7.01,0.41,0.48,189,52,373,414,27.7,Medium Black,Bharuch,Rabi,Cumin
7.66,0.47,0.53,171,47,408,341,25.2,Medium Black,Amreli,Rabi,Cumin
7.58,0.45,0.61,163,51,332,357,18.6,Medium Black,Bharuch,Rabi,Cumin
8.15,0.47,0.52,191,45,358,341,22.1,Medium Black,Rajkot,Rabi,Cumin
7.4,0.35,0.64,172,64,336,428,27.7,Medium Black,Rajkot,Rabi,Cumin
8.17,0.23,0.56,165,42,443,417,23.6,Medium Black,Bharuch,Rabi,Cumin
7.43,0.31,0.44,154,37,442,252,27.7,Medium Black,Banaskantha,Rabi,Cumin
7.03,0.11,0.46,189,58,323,421,23.4,Medium Black,Navsari,Rabi,Cumin
8.14,0.3,0.6,154,55,415,277,18.3,Medium Black,Bhavnagar,Rabi,Cumin
7.27,0.23,0.39,212,60,316,352,19.9,Medium Black,Vadodara,Rabi,Cumin
7.38,0.25,0.54,187,50,386,392,19.4,Medium Black,Surendranagar,Rabi,Cumin
7.64,0.2,0.56,167,39,292,344,18.4,Medium Black,Ahmedabad,Rabi,Cumin
7.03,0.5,0.5,188,56,429,361,22.8,Medium Black,Ahmedabad,Rabi,Cumin
7.89,0.33,0.37,209,47,343,362,22.5,Medium Black,Anand,Rabi,Cumin
7.43,0.41,0.57,188,58,339,276,24.8,Medium Black,Anand,Rabi,Cumin
7.46,0.25,0.66,161,47,322,457,21.6,Medium Black,Amreli,Rabi,Cumin
7.16,0.34,0.43,200,40,427,416,18.8,Medium Black,Kutch,Rabi,Cumin
7.7,0.45,0.61,209,45,435,447,20.5,Medium Black,Kutch,Rabi,Cumin
7.16,0.24,0.38,159,59,363,383,25.4,Medium Black,Anand,Rabi,Cumin
7.03,0.13,0.42,217,53,344,371,24.7,Medium Black,Navsari,Rabi,Cumin
7.76,0.12,0.55,194,42,437,304,20.7,Medium Black,Amreli,Rabi,Cumin
8.14,0.45,0.45,202,57,326,415,26.2,Medium Black,Junagadh,Rabi,Cumin
7.45,0.26,0.59,150,47,348,367,21.1,Medium Black,Vadodara,Rabi,Cumin
7.85,0.19,0.46,165,63,384,250,21.2,Medium Black,Bhavnagar,Rabi,Cumin
7.05,0.44,0.53,207,56,296,484,27,Medium Black,Gandhinagar,Rabi,Cumin
7.88,0.17,0.51,180,46,405,352,26.3,Medium Black,Ahmedabad,Rabi,Cumin
7.3,0.35,0.47,157,54,360,322,22.7,Medium Black,Bhavnagar,Rabi,Cumin
7.53,0.2,0.61,204,51,388,374,20.8,Medium Black,Mehsana,Rabi,Cumin
7.68,0.26,0.59,193,62,306,418,24.5,Medium Black,Junagadh,Rabi,Cumin
7.67,0.2,0.68,196,58,417,308,26.6,Medium Black,Junagadh,Rabi,Cumin
7.06,0.37,0.51,207,55,390,256,20.5,Medium Black,Bharuch,Rabi,Cumin
8.15,0.19,0.36,208,55,328,321,18.9,Medium Black,Gandhinagar,Rabi,Cumin
7.33,0.37,0.61,168,52,311,312,20,Medium Black,Banaskantha,Rabi,Cumin
8.15,0.2,0.68,157,38,420,471,18.5,Medium Black,Anand,Rabi,Cumin
7.85,0.41,0.51,188,38,324,435,22.2,Medium Black,Surendranagar,Rabi,Cumin
7.19,0.47,0.57,206,43,367,425,25.5,Medium Black,Rajkot,Rabi,Cumin
7.99,0.33,0.58,182,39,287,348,19.5,Medium Black,Mehsana,Rabi,Cumin
7.64,0.3,0.66,153,61,321,442,23.6,Medium Black,Surat,Rabi,Cumin
7.93,0.27,0.63,169,39,285,330,19.9,Medium Black,Anand,Rabi,Cumin
7.63,0.19,0.41,195,38,368,369,25.8,Medium Black,Anand,Rabi,Cumin
8.05,0.13,0.47,188,48,397,288,19.9,Medium Black,Bharuch,Rabi,Cumin
7.79,0.22,0.46,219,46,289,363,18.7,Medium Black,Surat,Rabi,Cumin
7.6,0.18,0.58,194,37,346,361,20.5,Medium Black,Gandhinagar,Rabi,Cumin
7.48,0.31,0.54,220,60,362,477,21,Medium Black,Ahmedabad,Rabi,Cumin
7.21,0.27,0.55,179,57,445,485,20.8,Medium Black,Surendranagar,Rabi,Cumin
7.58,0.28,0.67,173,38,432,372,21.9,Medium Black,Gandhinagar,Rabi,Cumin
7.99,0.18,0.63,188,58,301,373,19.6,Medium Black,Vadodara,Rabi,Cumin
7.43,0.22,0.54,215,45,285,281,23.4,Medium Black,Banaskantha,Rabi,Cumin
7.11,0.47,0.37,198,42,429,424,18.4,Medium Black,Banaskantha,Rabi,Cumin
7.7,0.28,0.43,184,52,422,313,21.1,Medium Black,Banaskantha,Rabi,Cumin
7.04,0.37,0.51,210,61,296,481,23.3,Medium Black,Amreli,Rabi,Cumin
7.97,0.34,0.37,183,45,294,423,21.7,Medium Black,Kutch,Rabi,Cumin
7.05,0.2,0.67,186,55,333,407,24.3,Medium Black,Navsari,Rabi,Cumin
7.22,0.23,0.52,215,42,282,329,26.6,Medium Black,Rajkot,Rabi,Cumin
7.33,0.18,0.41,175,42,323,273,20.2,Medium Black,Rajkot,Rabi,Cumin
8.01,0.19,0.62,215,59,321,284,22,Medium Black,Surat,Rabi,Cumin
7.41,0.14,0.56,186,41,385,275,20.8,Medium Black,Ahmedabad,Rabi,Cumin
7.17,0.28,0.54,181,46,366,491,27.7,Medium Black,Surendranagar,Rabi,Cumin
7.64,0.44,0.6,182,44,358,430,25.9,Medium Black,Navsari,Rabi,Cumin
7.62,0.18,0.49,186,50,305,458,27.2,Medium Black,Rajkot,Rabi,Cumin
8.03,0.29,0.38,219,58,390,402,21.9,Medium Black,Junagadh,Rabi,Cumin
7.47,0.47,0.37,175,46,383,435,21,Medium Black,Navsari,Rabi,Cumin
7.92,0.29,0.39,182,62,316,270,25.1,Medium Black,Vadodara,Rabi,Cumin
7.37,0.23,0.63,160,41,393,275,23.1,Medium Black,Surendranagar,Rabi,Cumin
8.09,0.34,0.52,169,60,319,406,19,Medium Black,Gandhinagar,Rabi,Cumin
7.54,0.45,0.66,214,65,362,406,26,Medium Black,Kutch,Rabi,Cumin
7.74,0.31,0.59,169,38,398,361,28,Medium Black,Bharuch,Rabi,Cumin
7.07,0.5,0.69,180,43,405,497,26.3,Medium Black,Amreli,Rabi,Cumin
7.49,0.27,0.38,200,38,364,416,24.5,Medium Black,Mehsana,Rabi,Cumin
7.49,0.24,0.43,154,63,439,253,27.6,Medium Black,Mehsana,Rabi,Cumin
7.93,0.13,0.65,182,35,398,360,22.5,Medium Black,Navsari,Rabi,Cumin
8.15,0.29,0.36,166,47,328,373,27.4,Medium Black,Bharuch,Rabi,Cumin
7.34,0.16,0.58,194,36,444,364,20.6,Medium Black,Amreli,Rabi,Cumin
7.11,0.32,0.55,181,65,419,439,20.2,Medium Black,Banaskantha,Rabi,Cumin
7.28,0.13,0.53,182,53,393,265,22.4,Medium Black,Vadodara,Rabi,Cumin
7.58,0.15,0.51,182,44,286,473,19.9,Medium Black,Mehsana,Rabi,Cumin
7.98,0.23,0.57,206,41,308,437,19.1,Medium Black,Rajkot,Rabi,Cumin
7.56,0.25,0.67,173,49,436,273,24.8,Medium Black,Rajkot,Rabi,Cumin
7.41,0.11,0.57,196,47,434,472,18.8,Medium Black,Banaskantha,Rabi,Cumin
8.06,0.22,0.39,157,42,328,329,24.4,Medium Black,Bharuch,Rabi,Cumin
7.69,0.14,0.52,166,39,303,360,21.6,Medium Black,Rajkot,Rabi,Cumin
7.43,0.4,0.52,161,65,330,349,26.3,Medium Black,Kutch,Rabi,Cumin
8.17,0.36,0.47,206,54,317,388,18.6,Medium Black,Banaskantha,Rabi,Cumin
8.08,0.37,0.4,216,37,406,457,25.5,Medium Black,Banaskantha,Rabi,Cumin
7.59,0.19,0.38,191,58,411,458,19.7,Medium Black,Mehsana,Rabi,Cumin
7.35,0.19,0.58,161,62,310,499,19.6,Medium Black,Mehsana,Rabi,Cumin
7.63,0.41,0.56,183,46,359,475,26.3,Medium Black,Kutch,Rabi,Cumin
7.79,0.47,0.45,181,41,325,273,19.5,Medium Black,Kutch,Rabi,Cumin
7.97,0.22,0.4,185,44,335,439,24.1,Medium Black,Junagadh,Rabi,Cumin
8.19,0.31,0.58,164,61,286,334,25.2,Medium Black,Anand,Rabi,Cumin
7.66,0.32,0.58,184,58,293,440,23.4,Medium Black,Ahmedabad,Rabi,Cumin
7.75,0.28,0.44,177,47,429,312,21.7,Medium Black,Gandhinagar,Rabi,Cumin
7.26,0.25,0.46,177,44,440,304,21.6,Medium Black,Surendranagar,Rabi,Cumin
7.94,0.21,0.47,150,63,437,327,22.2,Medium Black,Navsari,Rabi,Cumin
7.44,0.26,0.63,154,38,413,374,27.7,Medium Black,Rajkot,Rabi,Cumin
7.27,0.45,0.35,174,44,289,401,22.2,Medium Black,Amreli,Rabi,Cumin
8.05,0.47,0.68,171,47,318,425,27.1,Medium Black,Bharuch,Rabi,Cumin
8.13,0.14,0.62,196,49,431,369,22.4,Medium Black,Surendranagar,Rabi,Cumin
7.16,0.29,0.6,190,36,395,484,23.6,Medium Black,Kutch,Rabi,Cumin
7.76,0.22,0.48,170,41,282,449,20.4,Medium Black,Bhavnagar,Rabi,Cumin
7.83,0.35,0.36,172,42,322,395,18.1,Medium Black,Bharuch,Rabi,Cumin
7.12,0.15,0.41,184,54,340,321,19.1,Medium Black,Kutch,Rabi,Cumin
7.61,0.46,0.4,160,62,322,471,18.8,Medium Black,Rajkot,Rabi,Cumin
7.12,0.32,0.66,150,57,434,388,23.7,Medium Black,Ahmedabad,Rabi,Cumin
7.49,0.25,0.63,178,45,381,463,18.9,Medium Black,Anand,Rabi,Cumin
7.07,0.32,0.38,194,39,444,477,27.8,Medium Black,Junagadh,Rabi,Cumin
7.48,0.34,0.63,211,58,358,317,22.9,Medium Black,Surendranagar,Rabi,Cumin
7.58,0.34,0.6,172,39,355,405,27.3,Medium Black,Kutch,Rabi,Cumin
7.73,0.32,0.5,179,53,310,346,18.3,Medium Black,Ahmedabad,Rabi,Cumin
7.68,0.13,0.5,209,35,298,339,19.3,Medium Black,Junagadh,Rabi,Cumin
7.91,0.27,0.61,193,44,308,412,27.7,Medium Black,Gandhinagar,Rabi,Cumin
7.63,0.35,0.43,185,44,360,349,22.7,Medium Black,Kutch,Rabi,Cumin
7.69,0.47,0.7,158,52,440,461,22,Medium Black,Kutch,Rabi,Cumin
7.36,0.39,0.69,190,35,417,487,24.6,Medium Black,Rajkot,Rabi,Cumin
8.04,0.15,0.51,215,64,446,432,19,Medium Black,Ahmedabad,Rabi,Cumin
7.89,0.35,0.48,153,45,389,420,22.1,Medium Black,Bhavnagar,Rabi,Cumin
7.69,0.33,0.61,168,63,444,266,23.8,Medium Black,Ahmedabad,Rabi,Cumin
7.45,0.26,0.69,217,39,375,354,24,Medium Black,Bharuch,Rabi,Cumin
7.63,0.36,0.38,206,57,385,452,23.4,Medium Black,Mehsana,Rabi,Cumin
7.68,0.45,0.63,152,39,445,260,23.4,Medium Black,Junagadh,Rabi,Cumin
7.21,0.31,0.55,203,45,445,435,18.2,Medium Black,Rajkot,Rabi,Cumin
7.73,0.31,0.51,170,45,414,319,26.7,Medium Black,Junagadh,Rabi,Cumin
7.61,0.36,0.47,156,49,407,324,26.4,Medium Black,Junagadh,Rabi,Cumin
7.22,0.4,0.66,210,61,410,493,18.9,Medium Black,Banaskantha,Rabi,Cumin
7.06,0.34,0.4,206,42,324,417,23,Medium Black,Anand,Rabi,Cumin
7.93,0.4,0.56,210,43,422,488,20.5,Medium Black,Mehsana,Rabi,Cumin
7.43,0.4,0.41,203,37,433,385,19.3,Medium Black,Ahmedabad,Rabi,Cumin
7.94,0.43,0.48,211,48,410,290,25.7,Medium Black,Gandhinagar,Rabi,Cumin
7.18,0.17,0.65,163,61,439,368,23,Medium Black,Mehsana,Rabi,Cumin
8.11,0.21,0.53,212,51,432,291,21.3,Medium Black,Surendranagar,Rabi,Cumin
7.53,0.16,0.45,195,44,311,410,21.6,Medium Black,Gandhinagar,Rabi,Cumin
7.52,0.26,0.48,172,60,416,394,19.4,Medium Black,Ahmedabad,Rabi,Cumin
7.95,0.24,0.65,158,43,390,483,21.6,Medium Black,Rajkot,Rabi,Cumin
7.32,0.5,0.56,194,42,320,276,23.4,Medium Black,Rajkot,Rabi,Cumin
8.05,0.5,0.7,181,36,363,420,23.1,Medium Black,Bharuch,Rabi,Cumin
7.95,0.21,0.42,179,56,408,393,18.4,Medium Black,Rajkot,Rabi,Cumin
7.72,0.3,0.41,160,51,448,359,24.2,Medium Black,Kutch,Rabi,Cumin
7.49,0.37,0.66,162,61,395,417,21.6,Medium Black,Navsari,Rabi,Cumin
8.03,0.37,0.56,194,51,376,277,27.6,Medium Black,Kutch,Rabi,Cumin
8.2,0.45,0.55,185,64,400,316,24.7,Medium Black,Anand,Rabi,Cumin
8.07,0.5,0.45,158,52,371,411,18.6,Medium Black,Junagadh,Rabi,Cumin
7.23,0.49,0.68,216,44,341,443,21.8,Medium Black,Mehsana,Rabi,Cumin
7.48,0.23,0.5,219,51,401,404,27.9,Medium Black,Navsari,Rabi,Cumin
7.99,0.46,0.44,200,54,343,388,25.1,Medium Black,Surat,Rabi,Cumin
8.18,0.29,0.5,210,35,338,471,24.6,Medium Black,Bharuch,Rabi,Cumin
7.98,0.21,0.39,169,64,379,411,18.6,Medium Black,Bharuch,Rabi,Cumin
7.47,0.17,0.6,160,50,438,362,27,Medium Black,Anand,Rabi,Cumin
8.12,0.26,0.36,193,63,407,454,21,Medium Black,Junagadh,Rabi,Cumin
7.41,0.36,0.54,151,65,289,266,23.3,Medium Black,Ahmedabad,Rabi,Cumin
8.13,0.38,0.41,165,38,437,404,18.1,Medium Black,Anand,Rabi,Cumin
7.64,0.29,0.35,155,53,293,454,21.1,Medium Black,Amreli,Rabi,Cumin
8.14,0.39,0.65,178,57,351,339,22,Medium Black,Junagadh,Rabi,Cumin
7.76,0.21,0.36,211,53,355,455,19.5,Medium Black,Anand,Rabi,Cumin
7.72,0.15,0.41,179,54,444,464,21.3,Medium Black,Junagadh,Rabi,Cumin
7.57,0.27,0.44,181,45,425,305,19.5,Medium Black,Surendranagar,Rabi,Cumin
7.15,0.36,0.62,175,57,400,260,19.2,Medium Black,Gandhinagar,Rabi,Cumin
8.01,0.29,0.46,203,64,388,288,19.2,Medium Black,Bhavnagar,Rabi,Cumin
7.68,0.22,0.58,184,50,445,270,22.3,Medium Black,Ahmedabad,Rabi,Cumin
8.16,0.14,0.59,198,52,323,422,26.4,Medium Black,Mehsana,Rabi,Cumin
8.02,0.13,0.62,164,65,373,334,24.6,Medium Black,Kutch,Rabi,Cumin
7.35,0.45,0.35,186,56,284,470,18.9,Medium Black,Kutch,Rabi,Cumin
7.27,0.23,0.68,163,55,323,384,24.3,Medium Black,Surat,Rabi,Cumin
7.14,0.45,0.53,193,45,394,259,18.9,Medium Black,Rajkot,Rabi,Cumin
7.51,0.36,0.57,197,61,426,326,27.5,Medium Black,Bhavnagar,Rabi,Cumin
7.3,0.4,0.66,180,49,283,406,21,Medium Black,Anand,Rabi,Cumin
7.85,0.24,0.64,191,55,448,321,27.6,Medium Black,Mehsana,Rabi,Cumin
8.19,0.39,0.55,169,55,449,382,19.4,Medium Black,Kutch,Rabi,Cumin
7.4,0.22,0.63,204,41,282,379,20.4,Medium Black,Gandhinagar,Rabi,Cumin
7.16,0.43,0.39,219,64,408,308,19.9,Medium Black,Surat,Rabi,Cumin
7.36,0.33,0.38,154,40,379,307,24,Medium Black,Navsari,Rabi,Cumin
7.71,0.25,0.44,212,35,394,336,26.6,Medium Black,Vadodara,Rabi,Cumin
7.23,0.32,0.41,180,55,349,257,23.7,Medium Black,Junagadh,Rabi,Cumin
7.93,0.49,0.55,212,62,358,480,20.1,Medium Black,Ahmedabad,Rabi,Cumin
7.6,0.16,0.41,195,53,412,488,22.5,Medium Black,Gandhinagar,Rabi,Cumin
7.69,0.41,0.37,195,38,339,277,21.1,Medium Black,Banaskantha,Rabi,Cumin
8,0.19,0.69,214,47,335,317,21.6,Medium Black,Amreli,Rabi,Cumin
7.27,0.41,0.58,169,51,364,441,25.1,Medium Black,Surendranagar,Rabi,Cumin
7.78,0.34,0.38,183,61,375,374,21.6,Medium Black,Surat,Rabi,Cumin
8.07,0.45,0.68,217,35,373,262,24.9,Medium Black,Vadodara,Rabi,Cumin
7.12,0.23,0.45,159,51,392,441,18.8,Medium Black,Kutch,Rabi,Cumin
7.05,0.4,0.35,156,42,367,418,19.3,Medium Black,Vadodara,Rabi,Cumin
8.17,0.29,0.41,200,42,312,321,24.2,Medium Black,Surendranagar,Rabi,Cumin
7.93,0.3,0.69,180,48,289,433,24.7,Medium Black,Banaskantha,Rabi,Cumin
7.61,0.39,0.59,195,58,419,297,26.1,Medium Black,Navsari,Rabi,Cumin
7.9,0.35,0.51,171,61,400,257,18.8,Medium Black,Surat,Rabi,Cumin
7.62,0.3,0.7,164,50,313,425,23.4,Medium Black,Junagadh,Rabi,Cumin
7.52,0.25,0.65,214,59,349,449,20.5,Medium Black,Banaskantha,Rabi,Cumin
7.35,0.2,0.51,175,64,314,283,18.3,Medium Black,Navsari,Rabi,Cumin
8.18,0.32,0.51,170,63,396,322,20.2,Medium Black,Ahmedabad,Rabi,Cumin
7.68,0.44,0.62,214,65,405,440,27.2,Medium Black,Bhavnagar,Rabi,Cumin
7.29,0.49,0.45,156,65,364,254,19.6,Medium Black,Anand,Rabi,Cumin
7.7,0.1,0.36,176,57,352,339,18.6,Medium Black,Bharuch,Rabi,Cumin
7.28,0.1,0.41,199,64,425,294,21.4,Medium Black,Ahmedabad,Rabi,Cumin
7.08,0.25,0.48,182,37,413,487,23.4,Medium Black,Surendranagar,Rabi,Cumin
7.85,0.47,0.53,154,36,316,267,26.6,Medium Black,Bharuch,Rabi,Cumin
7.78,0.19,0.55,171,41,319,488,20.2,Medium Black,Anand,Rabi,Cumin
7.86,0.49,0.59,187,45,304,488,26.6,Medium Black,Amreli,Rabi,Cumin
7.56,0.36,0.58,207,61,416,357,22.3,Medium Black,Surendranagar,Rabi,Cumin
7.84,0.22,0.58,166,59,280,483,22.5,Medium Black,Gandhinagar,Rabi,Cumin
7.12,0.48,0.48,169,58,340,482,20.5,Medium Black,Mehsana,Rabi,Cumin
7.74,0.3,0.39,215,58,390,438,24.8,Medium Black,Vadodara,Rabi,Cumin
7.32,0.18,0.38,162,55,322,346,27.1,Medium Black,Bharuch,Rabi,Cumin
7.54,0.49,0.69,185,47,382,430,22.9,Medium Black,Bhavnagar,Rabi,Cumin
7.39,0.11,0.51,158,53,348,309,20.5,Medium Black,Navsari,Rabi,Cumin
7.6,0.35,0.58,218,46,296,270,21.6,Medium Black,Gandhinagar,Rabi,Cumin
7.83,0.43,0.65,151,56,355,358,27.2,Medium Black,Surat,Rabi,Cumin
7.31,0.17,0.46,169,39,408,393,18.2,Medium Black,Bhavnagar,Rabi,Cumin
7.18,0.1,0.55,187,59,423,256,26.1,Medium Black,Banaskantha,Rabi,Cumin
7.51,0.43,0.57,207,56,330,487,20.1,Medium Black,Amreli,Rabi,Cumin
7.04,0.31,0.56,200,62,303,271,18.5,Medium Black,Anand,Rabi,Cumin
7.52,0.18,0.36,216,63,388,358,26.7,Medium Black,Surat,Rabi,Cumin
7.44,0.38,0.54,220,61,428,461,23.5,Medium Black,Banaskantha,Rabi,Cumin
8.08,0.36,0.41,183,51,382,392,23.4,Medium Black,Mehsana,Rabi,Cumin
7.85,0.24,0.39,194,38,287,448,24.7,Medium Black,Surendranagar,Rabi,Cumin
7.3,0.27,0.43,214,61,418,490,18.1,Medium Black,Mehsana,Rabi,Cumin
7.11,0.39,0.62,166,62,406,428,20.8,Medium Black,Junagadh,Rabi,Cumin
7.1,0.15,0.48,203,42,441,280,27.7,Medium Black,Junagadh,Rabi,Cumin
7.88,0.47,0.44,197,45,396,429,24.1,Medium Black,Anand,Rabi,Cumin
7.72,0.41,0.66,216,38,317,314,18.2,Medium Black,Gandhinagar,Rabi,Cumin
7.49,0.33,0.49,220,43,390,272,26.3,Medium Black,Junagadh,Rabi,Cumin
7.14,0.23,0.67,206,55,306,366,24.6,Medium Black,Navsari,Rabi,Cumin
7.23,0.47,0.68,158,41,409,468,22.5,Medium Black,Junagadh,Rabi,Cumin
8.09,0.18,0.57,202,57,306,373,20.3,Medium Black,Kutch,Rabi,Cumin
8.1,0.35,0.39,211,50,393,290,26.6,Medium Black,Ahmedabad,Rabi,Cumin
8.17,0.12,0.63,199,40,362,394,21.4,Medium Black,Vadodara,Rabi,Cumin
7.32,0.34,0.52,218,63,287,378,26.4,Medium Black,Gandhinagar,Rabi,Cumin
7.19,0.33,0.69,204,38,380,434,23.3,Medium Black,Anand,Rabi,Cumin
7.6,0.23,0.39,220,64,311,442,24.7,Medium Black,Gandhinagar,Rabi,Cumin
7.03,0.37,0.49,185,57,383,340,27.9,Medium Black,Ahmedabad,Rabi,Cumin
7.08,0.35,0.37,167,61,407,294,19.9,Medium Black,Anand,Rabi,Cumin
7.41,0.47,0.67,189,50,403,392,27.6,Medium Black,Rajkot,Rabi,Cumin
7.38,0.27,0.58,212,44,416,348,23.7,Medium Black,Vadodara,Rabi,Cumin
7.62,0.31,0.55,220,59,348,364,24,Medium Black,Surendranagar,Rabi,Cumin
7.48,0.23,0.57,186,44,346,340,18.2,Medium Black,Amreli,Rabi,Cumin
7.85,0.15,0.44,215,55,424,278,25.6,Medium Black,Gandhinagar,Rabi,Cumin
7.32,0.46,0.46,163,46,433,347,21.2,Medium Black,Surendranagar,Rabi,Cumin
7.82,0.16,0.52,177,49,327,255,20.6,Medium Black,Mehsana,Rabi,Cumin
7.97,0.18,0.59,171,43,310,384,26.7,Medium Black,Navsari,Rabi,Cumin
7.63,0.45,0.35,152,47,406,253,26.6,Medium Black,Ahmedabad,Rabi,Cumin
8.18,0.21,0.53,166,52,335,491,26.3,Medium Black,Junagadh,Rabi,Cumin
7.81,0.17,0.43,216,45,319,392,26.9,Medium Black,Anand,Rabi,Cumin
7.38,0.11,0.4,201,56,407,290,18.7,Medium Black,Vadodara,Rabi,Cumin
7.59,0.44,0.63,207,50,339,435,19.2,Medium Black,Vadodara,Rabi,Cumin
7.29,0.26,0.56,218,59,377,417,23.9,Medium Black,Ahmedabad,Rabi,Cumin
7.14,0.44,0.66,180,54,384,387,19.7,Medium Black,Surat,Rabi,Cumin
7.49,0.13,0.47,163,50,420,492,27.8,Medium Black,Junagadh,Rabi,Cumin
7.83,0.11,0.48,189,43,300,332,23.5,Medium Black,Mehsana,Rabi,Cumin
7.7,0.37,0.65,216,39,448,459,23.5,Medium Black,Surendranagar,Rabi,Cumin
7.77,0.39,0.67,174,59,304,389,26.9,Medium Black,Kutch,Rabi,Cumin
7.74,0.4,0.4,161,45,405,311,26.1,Medium Black,Junagadh,Rabi,Cumin
7.64,0.18,0.49,162,62,376,429,19.8,Medium Black,Banaskantha,Rabi,Cumin
7.35,0.19,0.38,158,62,283,401,23.1,Medium Black,Junagadh,Rabi,Cumin
8.04,0.31,0.39,162,37,328,313,22.3,Medium Black,Mehsana,Rabi,Cumin
7.66,0.43,0.64,211,60,444,265,19,Medium Black,Gandhinagar,Rabi,Cumin
7.13,0.27,0.41,205,55,341,468,25,Medium Black,Kutch,Rabi,Cumin
8,0.46,0.5,217,36,332,285,24.4,Medium Black,Bhavnagar,Rabi,Cumin
7.99,0.18,0.61,202,48,378,295,23.8,Medium Black,Surat,Rabi,Cumin
7.55,0.21,0.64,219,60,333,434,23.9,Medium Black,Kutch,Rabi,Cumin
7.53,0.37,0.48,177,59,366,261,24.8,Medium Black,Amreli,Rabi,Cumin
7.83,0.1,0.6,213,56,336,255,19,Medium Black,Navsari,Rabi,Cumin
7.69,0.11,0.51,215,51,325,321,19,Medium Black,Kutch,Rabi,Cumin
7.99,0.24,0.51,153,50,296,456,24.5,Medium Black,Rajkot,Rabi,Cumin
7.32,0.29,0.61,167,49,324,489,26.8,Medium Black,Mehsana,Rabi,Cumin
7.68,0.25,0.59,153,56,306,342,25.9,Medium Black,Gandhinagar,Rabi,Cumin
8.01,0.36,0.69,214,48,313,282,18.2,Medium Black,Mehsana,Rabi,Cumin
8.14,0.29,0.49,185,42,440,386,24,Medium Black,Bharuch,Rabi,Cumin
7.45,0.2,0.56,173,55,295,473,19.4,Medium Black,Rajkot,Rabi,Cumin
8.19,0.39,0.49,163,46,297,368,20.6,Medium Black,Bharuch,Rabi,Cumin
7.91,0.2,0.45,205,47,440,357,20.8,Medium Black,Kutch,Rabi,Cumin
7.52,0.23,0.58,177,42,371,254,20.7,Medium Black,Bhavnagar,Rabi,Cumin
8.2,0.14,0.59,207,60,383,339,18.4,Medium Black,Junagadh,Rabi,Cumin
7.3,0.28,0.64,214,45,384,405,24.7,Medium Black,Anand,Rabi,Cumin
8.1,0.38,0.57,179,63,313,459,26.2,Medium Black,Banaskantha,Rabi,Cumin
7.31,0.39,0.47,212,63,376,310,24.5,Medium Black,Surat,Rabi,Cumin
8.04,0.34,0.62,158,40,342,355,20.2,Medium Black,Ahmedabad,Rabi,Cumin
7.14,0.19,0.64,209,55,295,351,19.2,Medium Black,Anand,Rabi,Cumin
7.64,0.12,0.69,160,52,399,455,24.8,Medium Black,Surendranagar,Rabi,Cumin
7.46,0.33,0.55,175,43,446,272,18.5,Medium Black,Ahmedabad,Rabi,Cumin
7.58,0.37,0.44,207,60,350,283,18.3,Medium Black,Surendranagar,Rabi,Cumin
7.98,0.4,0.67,172,55,398,280,25.6,Medium Black,Surat,Rabi,Cumin
7.53,0.24,0.7,189,52,387,461,22.4,Medium Black,Navsari,Rabi,Cumin
7.99,0.27,0.68,179,61,376,271,27.8,Medium Black,Surendranagar,Rabi,Cumin
8.11,0.48,0.66,215,55,402,426,27.7,Medium Black,Junagadh,Rabi,Cumin
8.04,0.25,0.67,171,52,308,471,27,Medium Black,Amreli,Rabi,Cumin
7.9,0.46,0.43,187,37,309,495,18,Medium Black,Junagadh,Rabi,Cumin
7.09,0.33,0.37,153,55,426,488,19.4,Medium Black,Gandhinagar,Rabi,Cumin
7,0.47,0.61,212,64,324,488,22.2,Medium Black,Amreli,Rabi,Cumin
7.68,0.47,0.43,156,63,283,289,26.1,Medium Black,Mehsana,Rabi,Cumin
7.83,0.17,0.4,151,36,379,464,19.4,Medium Black,Rajkot,Rabi,Cumin
7.58,0.22,0.53,155,35,382,318,26,Medium Black,Navsari,Rabi,Cumin
7.54,0.27,0.36,171,53,283,471,25.4,Medium Black,Ahmedabad,Rabi,Cumin
7.7,0.34,0.36,184,63,360,261,24.7,Medium Black,Junagadh,Rabi,Cumin
8,0.46,0.62,205,58,439,283,22.6,Medium Black,Anand,Rabi,Cumin
7.82,0.3,0.65,192,41,427,384,19.9,Medium Black,Navsari,Rabi,Cumin
7.38,0.28,0.37,173,47,418,318,25.5,Medium Black,Surendranagar,Rabi,Cumin
8.11,0.46,0.47,187,41,316,415,18.1,Medium Black,Banaskantha,Rabi,Cumin
8.16,0.19,0.4,183,51,341,444,25.7,Medium Black,Gandhinagar,Rabi,Cumin
7.73,0.26,0.68,188,45,395,310,20.6,Medium Black,Navsari,Rabi,Cumin
7.14,0.44,0.4,205,47,298,356,19.8,Medium Black,Amreli,Rabi,Cumin
7.27,0.48,0.62,220,37,432,421,22.6,Medium Black,Bhavnagar,Rabi,Cumin
7.76,0.35,0.47,151,43,371,449,19.5,Medium Black,Kutch,Rabi,Cumin
8.19,0.24,0.49,212,41,412,415,25.7,Medium Black,Kutch,Rabi,Cumin
7.54,0.25,0.39,165,55,420,447,22.8,Medium Black,Surat,Rabi,Cumin
7.79,0.37,0.56,187,57,290,256,26.1,Medium Black,Anand,Rabi,Cumin
7.17,0.38,0.66,205,59,396,393,27.9,Medium Black,Banaskantha,Rabi,Cumin
7.43,0.16,0.61,150,62,360,375,18.3,Medium Black,Gandhinagar,Rabi,Cumin
7.23,0.11,0.59,179,51,326,482,18.6,Medium Black,Kutch,Rabi,Cumin
7.05,0.34,0.64,164,36,423,262,18.5,Medium Black,Anand,Rabi,Cumin
7.67,0.17,0.62,150,41,419,465,27.2,Medium Black,Mehsana,Rabi,Cumin
7.13,0.15,0.45,209,51,428,465,19.6,Medium Black,Navsari,Rabi,Cumin
8.17,0.42,0.66,200,40,352,471,19.4,Medium Black,Surendranagar,Rabi,Cumin
7.81,0.25,0.67,215,50,292,396,22.8,Medium Black,Vadodara,Rabi,Cumin
7.8,0.16,0.68,156,46,420,419,20,Medium Black,Bhavnagar,Rabi,Cumin
7.62,0.29,0.59,217,64,403,334,21.1,Medium Black,Surat,Rabi,Cumin
7.22,0.44,0.7,200,47,294,329,22.9,Medium Black,Mehsana,Rabi,Cumin
7.32,0.17,0.36,152,35,307,440,20.9,Medium Black,Junagadh,Rabi,Cumin
8.16,0.27,0.37,206,58,286,438,22.3,Medium Black,Navsari,Rabi,Cumin
7.86,0.1,0.45,177,64,369,258,23,Medium Black,Vadodara,Rabi,Cumin
7.32,0.17,0.43,194,50,352,269,21.6,Medium Black,Bharuch,Rabi,Cumin
7.28,0.43,0.68,219,55,411,278,21.6,Medium Black,Gandhinagar,Rabi,Cumin
7.88,0.2,0.61,151,45,337,368,23.8,Medium Black,Bhavnagar,Rabi,Cumin
7.41,0.46,0.64,169,52,403,349,23.5,Medium Black,Mehsana,Rabi,Cumin
7.91,0.27,0.6,173,47,309,456,25,Medium Black,Amreli,Rabi,Cumin
7.31,0.35,0.58,160,49,440,300,25,Medium Black,Banaskantha,Rabi,Cumin
7.27,0.34,0.66,184,58,287,335,25.3,Medium Black,Bharuch,Rabi,Cumin
7.76,0.19,0.4,220,40,393,255,18.1,Medium Black,Bharuch,Rabi,Cumin
7.99,0.44,0.66,167,48,421,464,22.2,Medium Black,Mehsana,Rabi,Cumin
8.11,0.41,0.45,210,48,289,413,22.9,Medium Black,Banaskantha,Rabi,Cumin
7.61,0.33,0.53,199,56,320,383,22.1,Medium Black,Surat,Rabi,Cumin
7.28,0.43,0.57,220,58,434,480,27.6,Medium Black,Anand,Rabi,Cumin
7.94,0.16,0.62,215,36,358,396,24.6,Medium Black,Vadodara,Rabi,Cumin
7.2,0.5,0.46,153,62,343,430,19.1,Medium Black,Surat,Rabi,Cumin
7.72,0.23,0.43,174,37,334,341,26.5,Medium Black,Navsari,Rabi,Cumin
7.87,0.23,0.52,193,37,395,318,20.3,Medium Black,Banaskantha,Rabi,Cumin
7.99,0.47,0.57,166,37,430,490,22.5,Medium Black,Rajkot,Rabi,Cumin
7.36,0.28,0.5,197,44,327,332,27.2,Medium Black,Bhavnagar,Rabi,Cumin
7.47,0.43,0.55,183,47,306,280,22.2,Medium Black,Anand,Rabi,Cumin
7.02,0.22,0.47,170,46,357,413,26.4,Medium Black,Rajkot,Rabi,Cumin
7.77,0.44,0.61,192,36,415,342,21.3,Medium Black,Junagadh,Rabi,Cumin
8.03,0.4,0.54,152,62,329,253,22,Medium Black,Vadodara,Rabi,Cumin
7.35,0.14,0.69,209,52,399,496,27.8,Medium Black,Kutch,Rabi,Cumin
7.55,0.18,0.39,189,55,314,482,27.8,Medium Black,Rajkot,Rabi,Cumin
7.05,0.18,0.64,205,64,282,361,20.1,Medium Black,Banaskantha,Rabi,Cumin
7.63,0.13,0.47,184,57,366,359,27.7,Medium Black,Ahmedabad,Rabi,Cumin
7.69,0.45,0.68,163,45,325,442,26.8,Medium Black,Gandhinagar,Rabi,Cumin
7.83,0.37,0.56,163,47,443,276,21.4,Medium Black,Navsari,Rabi,Cumin
7.33,0.19,0.37,171,42,283,256,26.4,Medium Black,Junagadh,Rabi,Cumin
7.37,0.24,0.58,155,51,320,301,21.1,Medium Black,Mehsana,Rabi,Cumin
7.64,0.4,0.59,220,58,338,267,18.9,Medium Black,Surat,Rabi,Cumin
7.83,0.26,0.49,182,64,347,320,18.7,Medium Black,Rajkot,Rabi,Cumin
8.05,0.42,0.52,156,47,317,472,19.4,Medium Black,Gandhinagar,Rabi,Cumin
7.65,0.33,0.39,202,58,280,300,19.5,Medium Black,Bharuch,Rabi,Cumin
7.86,0.18,0.55,170,54,309,335,21.1,Medium Black,Banaskantha,Rabi,Cumin
7.37,0.16,0.44,163,38,316,279,18.3,Medium Black,Anand,Rabi,Cumin
7.02,0.49,0.42,183,56,351,479,19.5,Medium Black,Ahmedabad,Rabi,Cumin
7.01,0.16,0.5,180,63,325,428,19.7,Medium Black,Gandhinagar,Rabi,Cumin
7.12,0.2,0.42,191,61,364,476,21.1,Medium Black,Navsari,Rabi,Cumin
7.28,0.25,0.53,219,48,426,277,20.8,Medium Black,Surat,Rabi,Cumin
7.03,0.42,0.48,200,56,427,300,18.2,Medium Black,Bhavnagar,Rabi,Cumin
7.76,0.12,0.53,211,45,444,334,22.2,Medium Black,Ahmedabad,Rabi,Cumin
8.06,0.19,0.41,166,42,329,497,20.7,Medium Black,Surat,Rabi,Cumin
7.99,0.38,0.52,189,40,404,284,25.3,Medium Black,Vadodara,Rabi,Cumin
7.1,0.43,0.56,195,44,305,324,23.7,Medium Black,Bharuch,Rabi,Cumin
7.51,0.15,0.61,160,39,415,315,19.5,Medium Black,Kutch,Rabi,Cumin
7.11,0.34,0.64,180,59,314,412,22,Medium Black,Amreli,Rabi,Cumin
7.44,0.44,0.51,168,50,381,421,24,Medium Black,Vadodara,Rabi,Cumin
7.43,0.1,0.53,216,41,307,253,20.2,Medium Black,Navsari,Rabi,Cumin
7.49,0.21,0.37,207,44,432,490,27.8,Medium Black,Junagadh,Rabi,Cumin
7.73,0.48,0.62,201,51,299,287,22.7,Medium Black,Surendranagar,Rabi,Cumin
7.9,0.36,0.4,195,37,435,263,26.4,Medium Black,Amreli,Rabi,Cumin
7.73,0.22,0.4,197,40,285,459,20,Medium Black,Bhavnagar,Rabi,Cumin
7.4,0.29,0.65,168,52,407,340,25.2,Medium Black,Kutch,Rabi,Cumin
8.05,0.3,0.58,152,37,330,361,26,Medium Black,Anand,Rabi,Cumin
7.68,0.3,0.6,166,38,350,295,21.4,Medium Black,Gandhinagar,Rabi,Cumin
7.12,0.41,0.54,187,45,397,451,21.9,Medium Black,Amreli,Rabi,Cumin
7.68,0.16,0.65,188,59,401,489,24.4,Medium Black,Gandhinagar,Rabi,Cumin
7.82,0.15,0.65,196,54,294,340,20.3,Medium Black,Navsari,Rabi,Cumin
7.96,0.41,0.38,209,44,294,350,20.5,Medium Black,Banaskantha,Rabi,Cumin
8.18,0.29,0.35,155,54,393,488,20.9,Medium Black,Surendranagar,Rabi,Cumin
7.29,0.33,0.52,191,38,286,449,23.8,Medium Black,Kutch,Rabi,Cumin
7.25,0.14,0.5,215,61,341,420,23.8,Medium Black,Banaskantha,Rabi,Cumin
7.08,0.2,0.48,181,62,380,346,27.6,Medium Black,Surat,Rabi,Cumin
7.7,0.37,0.55,155,53,310,378,25,Medium Black,Surat,Rabi,Cumin
7.75,0.41,0.53,195,38,349,414,27.1,Medium Black,Bhavnagar,Rabi,Cumin
7.25,0.46,0.53,154,49,302,366,25.6,Medium Black,Vadodara,Rabi,Cumin
7.35,0.41,0.36,196,64,381,378,24.6,Medium Black,Navsari,Rabi,Cumin
7.93,0.3,0.59,156,59,294,272,26.1,Medium Black,Mehsana,Rabi,Cumin
7.95,0.31,0.55,219,49,298,398,26.9,Medium Black,Surat,Rabi,Cumin
7.75,0.13,0.69,157,58,363,398,26.4,Medium Black,Ahmedabad,Rabi,Cumin
7.71,0.14,0.63,210,53,396,421,23.7,Medium Black,Ahmedabad,Rabi,Cumin
7.72,0.31,0.43,181,58,375,494,19.3,Medium Black,Bhavnagar,Rabi,Cumin
8.03,0.21,0.37,153,46,354,334,20.3,Medium Black,Amreli,Rabi,Cumin
8.06,0.21,0.67,180,61,301,426,27.2,Medium Black,Vadodara,Rabi,Cumin
7.14,0.46,0.66,182,35,330,351,24.6,Medium Black,Junagadh,Rabi,Cumin
7.17,0.32,0.38,214,50,422,413,20.2,Medium Black,Ahmedabad,Rabi,Cumin
7.19,0.11,0.43,219,45,410,407,20.7,Medium Black,Banaskantha,Rabi,Cumin
7.14,0.23,0.39,172,38,430,385,25.6,Medium Black,Bhavnagar,Rabi,Cumin
7.17,0.47,0.36,160,59,442,368,19.4,Medium Black,Junagadh,Rabi,Cumin
8.13,0.29,0.38,185,39,292,329,20.6,Medium Black,Ahmedabad,Rabi,Cumin
7.65,0.15,0.6,157,60,400,289,22.8,Medium Black,Banaskantha,Rabi,Cumin
7.83,0.21,0.63,157,60,310,432,23.2,Medium Black,Ahmedabad,Rabi,Cumin
7.51,0.46,0.62,179,59,445,347,22.5,Medium Black,Mehsana,Rabi,Cumin
7.79,0.25,0.7,154,35,322,472,25.4,Medium Black,Bharuch,Rabi,Cumin
7.84,0.48,0.36,188,53,329,338,25.5,Medium Black,Navsari,Rabi,Cumin
7.14,0.26,0.52,216,50,380,371,24,Medium Black,Surendranagar,Rabi,Cumin
7.5,0.32,0.56,195,40,291,400,26.5,Medium Black,Ahmedabad,Rabi,Cumin
7.84,0.2,0.45,206,49,345,276,21.5,Medium Black,Bharuch,Rabi,Cumin
7.95,0.45,0.57,177,44,356,488,25.2,Medium Black,Rajkot,Rabi,Cumin
7.21,0.11,0.41,158,44,331,462,23.8,Medium Black,Bharuch,Rabi,Cumin
7.06,0.28,0.53,158,45,372,404,22.6,Medium Black,Vadodara,Rabi,Cumin
7.46,0.15,0.51,160,54,315,441,22.2,Medium Black,Gandhinagar,Rabi,Cumin
7.45,0.11,0.37,199,49,281,381,20.4,Medium Black,Surendranagar,Rabi,Cumin
7.62,0.48,0.68,151,48,424,454,22.6,Medium Black,Bharuch,Rabi,Cumin
8,0.31,0.7,211,51,437,413,25.3,Medium Black,Kutch,Rabi,Cumin
8.16,0.28,0.42,193,40,422,440,23.4,Medium Black,Surendranagar,Rabi,Cumin
8.03,0.18,0.56,171,51,407,275,27.7,Medium Black,Junagadh,Rabi,Cumin
7.22,0.44,0.55,210,62,395,463,18.2,Medium Black,Rajkot,Rabi,Cumin
7.25,0.24,0.62,197,37,384,302,23.3,Medium Black,Amreli,Rabi,Cumin
7.6,0.49,0.5,164,36,374,368,21.2,Medium Black,Rajkot,Rabi,Cumin
7.09,0.31,0.57,161,48,391,459,24.8,Medium Black,Bhavnagar,Rabi,Cumin
7.93,0.33,0.69,163,57,310,289,23.1,Medium Black,Gandhinagar,Rabi,Cumin
7.12,0.2,0.59,154,38,303,336,26.2,Medium Black,Junagadh,Rabi,Cumin
8.09,0.47,0.62,175,41,367,406,27.5,Medium Black,Junagadh,Rabi,Cumin
8.06,0.28,0.46,176,35,438,359,26.8,Medium Black,Gandhinagar,Rabi,Cumin
8.18,0.32,0.55,202,52,330,265,19.1,Medium Black,Ahmedabad,Rabi,Cumin
7.21,0.12,0.59,168,63,402,423,21.1,Medium Black,Gandhinagar,Rabi,Cumin
7.72,0.4,0.49,203,52,322,351,26.1,Medium Black,Bhavnagar,Rabi,Cumin
7.48,0.16,0.64,152,44,310,365,24.2,Medium Black,Mehsana,Rabi,Cumin
7.64,0.39,0.43,180,42,367,263,18.3,Medium Black,Gandhinagar,Rabi,Cumin
7.46,0.12,0.41,216,62,360,333,18.6,Medium Black,Kutch,Rabi,Cumin
7.53,0.42,0.35,203,51,446,462,27.5,Medium Black,Surat,Rabi,Cumin
7.93,0.48,0.44,207,61,318,313,25,Medium Black,Surendranagar,Rabi,Cumin
7.81,0.38,0.57,195,61,427,368,21.5,Medium Black,Surat,Rabi,Cumin
7.04,0.17,0.64,178,35,419,269,21.8,Medium Black,Mehsana,Rabi,Cumin
7.14,0.11,0.47,167,59,398,445,19.7,Medium Black,Kutch,Rabi,Cumin
7.53,0.45,0.69,172,48,301,469,24,Medium Black,Bharuch,Rabi,Cumin
7.29,0.25,0.6,213,41,369,393,21.6,Medium Black,Navsari,Rabi,Cumin
7.23,0.31,0.4,217,64,281,469,25.9,Medium Black,Gandhinagar,Rabi,Cumin
7.46,0.47,0.58,177,47,323,310,23.8,Medium Black,Bhavnagar,Rabi,Cumin
7.13,0.2,0.61,150,39,359,386,26.6,Medium Black,Anand,Rabi,Cumin
8.07,0.41,0.41,200,51,394,490,24.9,Medium Black,Mehsana,Rabi,Cumin
7.64,0.26,0.64,194,62,402,450,19.4,Medium Black,Junagadh,Rabi,Cumin
7.95,0.22,0.43,172,52,325,407,19,Medium Black,Rajkot,Rabi,Cumin
7.48,0.21,0.39,201,54,365,486,26.1,Medium Black,Junagadh,Rabi,Cumin
7.94,0.31,0.38,159,60,389,258,26.7,Medium Black,Anand,Rabi,Cumin
8.03,0.47,0.41,163,59,315,340,23.4,Medium Black,Bharuch,Rabi,Cumin
7.96,0.41,0.43,208,60,359,381,26.6,Medium Black,Mehsana,Rabi,Cumin
7.69,0.38,0.43,202,53,409,253,25,Medium Black,Vadodara,Rabi,Cumin
8.17,0.33,0.43,209,57,448,393,25.8,Medium Black,Gandhinagar,Rabi,Cumin
7.84,0.17,0.64,188,60,300,331,25.5,Medium Black,Banaskantha,Rabi,Cumin
7.73,0.15,0.39,184,47,281,337,24.2,Medium Black,Ahmedabad,Rabi,Cumin
7.14,0.11,0.45,187,58,404,440,24.7,Medium Black,Bhavnagar,Rabi,Cumin
7.98,0.33,0.44,187,35,368,265,18.8,Medium Black,Surendranagar,Rabi,Cumin
7.6,0.43,0.46,197,49,360,457,20.6,Medium Black,Amreli,Rabi,Cumin
7.26,0.25,0.53,209,39,429,456,21.2,Medium Black,Vadodara,Rabi,Cumin
7.98,0.49,0.45,162,35,412,374,24.4,Medium Black,Vadodara,Rabi,Cumin
7.37,0.41,0.56,171,40,438,488,24.9,Medium Black,Navsari,Rabi,Cumin
7.49,0.17,0.51,196,58,355,391,20.2,Medium Black,Bharuch,Rabi,Cumin
7.44,0.34,0.46,173,48,333,326,23.2,Medium Black,Bharuch,Rabi,Cumin
8.09,0.23,0.35,169,42,287,405,25.3,Medium Black,Amreli,Rabi,Cumin
7.71,0.25,0.51,218,63,320,388,22,Medium Black,Banaskantha,Rabi,Cumin
7.61,0.45,0.46,153,43,290,357,19.3,Medium Black,Anand,Rabi,Cumin
7.26,0.21,0.35,169,61,339,433,27.3,Medium Black,Rajkot,Rabi,Cumin
7.94,0.18,0.61,158,42,315,349,27.5,Medium Black,Banaskantha,Rabi,Cumin
7.65,0.26,0.45,202,48,386,385,22,Medium Black,Navsari,Rabi,Cumin
7.88,0.15,0.47,180,63,426,455,26.1,Medium Black,Amreli,Rabi,Cumin
8.07,0.13,0.36,174,57,448,481,22,Medium Black,Ahmedabad,Rabi,Cumin
7.69,0.21,0.43,188,57,345,315,25.2,Medium Black,Bharuch,Rabi,Cumin
7.74,0.22,0.58,159,35,385,363,18.1,Medium Black,Vadodara,Rabi,Cumin
7.25,0.45,0.43,202,59,440,272,26.7,Medium Black,Kutch,Rabi,Cumin
8.15,0.28,0.36,152,56,358,320,27.3,Medium Black,Bharuch,Rabi,Cumin
7.91,0.46,0.49,218,53,423,398,19.5,Medium Black,Junagadh,Rabi,Cumin
8.2,0.48,0.6,212,53,291,428,24.5,Medium Black,Kutch,Rabi,Cumin
7.59,0.36,0.46,157,45,348,278,22.3,Medium Black,Mehsana,Rabi,Cumin
7.72,0.16,0.64,195,36,280,355,24.6,Medium Black,Rajkot,Rabi,Cumin
7.4,0.34,0.36,151,65,363,485,18.2,Medium Black,Bhavnagar,Rabi,Cumin
7.58,0.38,0.45,214,64,440,491,25.6,Medium Black,Banaskantha,Rabi,Cumin
8.01,0.31,0.55,175,56,441,309,27.3,Medium Black,Surendranagar,Rabi,Cumin
7.71,0.29,0.62,215,38,335,429,18,Medium Black,Anand,Rabi,Cumin
7.16,0.28,0.56,186,44,430,332,26.8,Medium Black,Mehsana,Rabi,Cumin
7.08,0.2,0.37,153,48,310,480,21.9,Medium Black,Anand,Rabi,Cumin
7.85,0.41,0.66,192,41,386,269,18.6,Medium Black,Junagadh,Rabi,Cumin
7.56,0.26,0.56,211,35,327,333,25.1,Medium Black,Anand,Rabi,Cumin
7.16,0.42,0.51,181,65,320,351,23.4,Medium Black,Bhavnagar,Rabi,Cumin
8.14,0.36,0.54,159,36,368,438,19.3,Medium Black,Rajkot,Rabi,Cumin
7.49,0.36,0.54,204,60,339,268,28,Medium Black,Vadodara,Rabi,Cumin
7.15,0.23,0.51,212,52,392,406,24.6,Medium Black,Vadodara,Rabi,Cumin
8.08,0.22,0.66,160,48,450,441,28,Medium Black,Rajkot,Rabi,Cumin
8.09,0.18,0.36,190,39,357,285,22.2,Medium Black,Kutch,Rabi,Cumin
8.13,0.42,0.55,207,48,412,359,24.2,Medium Black,Junagadh,Rabi,Cumin
8.18,0.32,0.53,165,47,283,316,19.1,Medium Black,Gandhinagar,Rabi,Cumin
7.71,0.38,0.5,155,44,424,496,26.8,Medium Black,Junagadh,Rabi,Cumin
7.25,0.19,0.38,180,37,305,268,21.7,Medium Black,Bharuch,Rabi,Cumin
7.77,0.29,0.37,178,35,448,370,23.1,Medium Black,Mehsana,Rabi,Cumin
7.22,0.2,0.47,151,56,438,324,27.2,Medium Black,Junagadh,Rabi,Cumin
7.14,0.18,0.37,166,41,425,446,24.4,Medium Black,Navsari,Rabi,Cumin
7.06,0.25,0.38,175,59,423,316,27.6,Medium Black,Gandhinagar,Rabi,Cumin
7.19,0.29,0.38,164,54,379,482,24.5,Medium Black,Kutch,Rabi,Cumin
8,0.38,0.43,197,64,301,332,24.6,Medium Black,Banaskantha,Rabi,Cumin
7.46,0.37,0.5,207,57,391,354,20.7,Medium Black,Amreli,Rabi,Cumin
7.33,0.22,0.61,178,43,414,333,21,Medium Black,Vadodara,Rabi,Cumin
7.13,0.23,0.52,216,61,290,256,21.1,Medium Black,Amreli,Rabi,Cumin
7.51,0.33,0.57,201,36,391,494,27.3,Medium Black,Rajkot,Rabi,Cumin
7.53,0.46,0.53,169,61,303,441,18.4,Medium Black,Banaskantha,Rabi,Cumin
7.21,0.32,0.44,179,40,416,335,24.2,Medium Black,Anand,Rabi,Cumin
7.67,0.46,0.46,159,48,299,428,18.6,Medium Black,Vadodara,Rabi,Cumin
7.11,0.36,0.43,169,64,323,292,22.2,Medium Black,Ahmedabad,Rabi,Cumin
7.92,0.3,0.43,185,58,437,486,24.1,Medium Black,Vadodara,Rabi,Cumin
7.18,0.11,0.67,219,52,316,477,21.2,Medium Black,Anand,Rabi,Cumin
7.81,0.37,0.38,174,60,409,378,21.7,Medium Black,Mehsana,Rabi,Cumin
7.48,0.21,0.36,188,61,411,472,27.2,Medium Black,Mehsana,Rabi,Cumin
7.64,0.16,0.56,209,52,281,480,25.7,Medium Black,Ahmedabad,Rabi,Cumin
7.12,0.25,0.48,216,58,282,418,27.5,Medium Black,Rajkot,Rabi,Cumin
8.1,0.28,0.36,160,41,385,330,18.7,Medium Black,Junagadh,Rabi,Cumin
7.08,0.18,0.51,163,42,383,329,24.5,Medium Black,Anand,Rabi,Cumin
7.82,0.23,0.54,195,47,419,319,19.8,Medium Black,Bhavnagar,Rabi,Cumin
7.21,0.3,0.68,217,45,333,446,21.2,Medium Black,Anand,Rabi,Cumin
7.12,0.2,0.38,182,40,381,476,26.7,Medium Black,Ahmedabad,Rabi,Cumin
7.23,0.16,0.66,163,46,340,273,18.4,Medium Black,Kutch,Rabi,Cumin
7.27,0.32,0.45,178,37,288,447,18.4,Medium Black,Banaskantha,Rabi,Cumin
6.57,0.32,0.42,201,33,332,444,29.2,Sandy Loam,Vadodara,Kharif,Sesame
7.35,0.13,0.68,175,33,328,452,29.3,Sandy Loam,Gandhinagar,Kharif,Sesame
7.73,0.17,0.34,216,24,305,487,32.1,Sandy Loam,Banaskantha,Kharif,Sesame
7.74,0.45,0.52,165,27,239,508,25.5,Sandy Loam,Vadodara,Kharif,Sesame
7.95,0.41,0.62,197,44,281,435,27.2,Sandy Loam,Amreli,Kharif,Sesame
7.56,0.1,0.66,156,34,338,622,25.9,Sandy Loam,Gandhinagar,Kharif,Sesame
7.93,0.11,0.33,162,37,191,682,28.1,Sandy Loam,Bhavnagar,Kharif,Sesame
6.6,0.19,0.54,209,37,332,681,27.2,Sandy Loam,Rajkot,Kharif,Sesame
7.35,0.39,0.52,186,29,188,588,26.2,Sandy Loam,Kutch,Kharif,Sesame
7.09,0.23,0.6,189,20,341,574,28.6,Sandy Loam,Surendranagar,Kharif,Sesame
6.71,0.4,0.32,210,39,266,405,32.2,Sandy Loam,Vadodara,Kharif,Sesame
7.25,0.19,0.67,140,44,290,526,33.1,Sandy Loam,Amreli,Kharif,Sesame
6.73,0.37,0.37,160,30,183,576,27.2,Sandy Loam,Vadodara,Kharif,Sesame
7.79,0.15,0.38,211,28,312,535,26.4,Sandy Loam,Banaskantha,Kharif,Sesame
6.9,0.36,0.42,195,42,220,422,27.4,Sandy Loam,Navsari,Kharif,Sesame
7.01,0.47,0.55,214,34,227,629,26.7,Sandy Loam,Bharuch,Kharif,Sesame
6.86,0.43,0.55,160,42,202,455,30.8,Sandy Loam,Mehsana,Kharif,Sesame
7.99,0.49,0.61,160,41,331,513,32.8,Sandy Loam,Gandhinagar,Kharif,Sesame
6.91,0.36,0.44,198,25,335,423,27.1,Sandy Loam,Rajkot,Kharif,Sesame
7.49,0.27,0.69,180,31,289,633,27.1,Sandy Loam,Gandhinagar,Kharif,Sesame
7.06,0.12,0.7,196,34,348,685,32.9,Sandy Loam,Bhavnagar,Kharif,Sesame
7.13,0.26,0.56,217,35,240,477,27.6,Sandy Loam,Vadodara,Kharif,Sesame
7.49,0.48,0.6,184,20,214,446,25.9,Sandy Loam,Vadodara,Kharif,Sesame
6.52,0.49,0.5,167,32,313,486,28,Sandy Loam,Gandhinagar,Kharif,Sesame
7.66,0.42,0.41,185,40,274,475,28.4,Sandy Loam,Surendranagar,Kharif,Sesame
6.88,0.38,0.66,170,29,257,497,26.6,Sandy Loam,Amreli,Kharif,Sesame
7.33,0.32,0.37,149,26,182,494,31.1,Sandy Loam,Amreli,Kharif,Sesame
6.69,0.12,0.42,176,20,344,412,25.1,Sandy Loam,Surat,Kharif,Sesame
6.95,0.24,0.63,163,25,307,468,29.5,Sandy Loam,Amreli,Kharif,Sesame
7.23,0.24,0.4,173,34,294,485,31.1,Sandy Loam,Anand,Kharif,Sesame
7.88,0.5,0.41,170,35,278,474,30.7,Sandy Loam,Vadodara,Kharif,Sesame
7.52,0.39,0.42,211,29,323,483,31.7,Sandy Loam,Vadodara,Kharif,Sesame
7.37,0.28,0.54,203,33,341,695,27.3,Sandy Loam,Surat,Kharif,Sesame
7.9,0.1,0.62,196,22,193,616,26.3,Sandy Loam,Bharuch,Kharif,Sesame
7.41,0.15,0.53,153,36,227,535,31.7,Sandy Loam,Anand,Kharif,Sesame
7.64,0.29,0.41,181,32,278,570,28.6,Sandy Loam,Junagadh,Kharif,Sesame
6.78,0.11,0.47,158,28,260,440,34,Sandy Loam,Bhavnagar,Kharif,Sesame
6.59,0.3,0.64,158,34,237,549,31.4,Sandy Loam,Anand,Kharif,Sesame
7.22,0.4,0.56,219,29,199,685,27.6,Sandy Loam,Amreli,Kharif,Sesame
7.15,0.44,0.53,180,27,292,420,28.3,Sandy Loam,Navsari,Kharif,Sesame
7.43,0.14,0.5,179,28,332,462,28.1,Sandy Loam,Amreli,Kharif,Sesame
6.71,0.47,0.43,209,43,275,687,30.4,Sandy Loam,Mehsana,Kharif,Sesame
6.63,0.29,0.43,140,42,313,457,27.8,Sandy Loam,Anand,Kharif,Sesame
7.29,0.31,0.53,187,34,251,683,31.8,Sandy Loam,Junagadh,Kharif,Sesame
6.95,0.35,0.69,213,21,314,406,32.8,Sandy Loam,Ahmedabad,Kharif,Sesame
7.73,0.46,0.36,172,38,183,521,27.8,Sandy Loam,Navsari,Kharif,Sesame
7.86,0.32,0.5,198,30,223,484,29.5,Sandy Loam,Vadodara,Kharif,Sesame
7.01,0.26,0.37,178,39,337,519,31.7,Sandy Loam,Banaskantha,Kharif,Sesame
7.4,0.5,0.59,157,21,249,505,25.3,Sandy Loam,Junagadh,Kharif,Sesame
6.93,0.52,0.64,203,31,339,645,31.2,Sandy Loam,Banaskantha,Kharif,Sesame
7.91,0.25,0.55,186,36,267,634,28.7,Sandy Loam,Vadodara,Kharif,Sesame
6.53,0.58,0.62,200,31,332,694,29.2,Sandy Loam,Bhavnagar,Kharif,Sesame
7.43,0.18,0.53,150,37,315,454,30.6,Sandy Loam,Vadodara,Kharif,Sesame
6.92,0.59,0.4,185,25,328,441,31.3,Sandy Loam,Vadodara,Kharif,Sesame
7.28,0.28,0.66,146,34,278,678,26.2,Sandy Loam,Surendranagar,Kharif,Sesame
6.98,0.53,0.46,158,44,251,541,26.1,Sandy Loam,Rajkot,Kharif,Sesame
7.23,0.21,0.65,176,39,278,478,31.6,Sandy Loam,Surat,Kharif,Sesame
7.57,0.45,0.52,179,37,273,417,29,Sandy Loam,Surat,Kharif,Sesame
7.92,0.25,0.62,169,30,261,412,27.5,Sandy Loam,Vadodara,Kharif,Sesame
7.25,0.45,0.68,195,24,188,660,33,Sandy Loam,Amreli,Kharif,Sesame
6.5,0.42,0.66,172,22,216,585,29.6,Sandy Loam,Bhavnagar,Kharif,Sesame
6.57,0.4,0.46,157,40,221,560,25.4,Sandy Loam,Kutch,Kharif,Sesame
6.55,0.15,0.52,181,30,221,602,25.8,Sandy Loam,Mehsana,Kharif,Sesame
7.67,0.17,0.32,188,23,213,591,30.1,Sandy Loam,Banaskantha,Kharif,Sesame
7.24,0.3,0.3,145,25,295,456,29.8,Sandy Loam,Bharuch,Kharif,Sesame
6.52,0.16,0.32,174,38,269,475,28.1,Sandy Loam,Junagadh,Kharif,Sesame
7.79,0.47,0.38,154,44,349,683,29.6,Sandy Loam,Navsari,Kharif,Sesame
7.62,0.35,0.68,176,38,256,626,29.6,Sandy Loam,Banaskantha,Kharif,Sesame
6.73,0.45,0.57,214,40,198,442,28.6,Sandy Loam,Ahmedabad,Kharif,Sesame
7.54,0.23,0.45,220,26,227,622,28.9,Sandy Loam,Mehsana,Kharif,Sesame
7.31,0.4,0.48,198,32,319,476,27.6,Sandy Loam,Mehsana,Kharif,Sesame
7.77,0.14,0.47,163,33,237,575,29,Sandy Loam,Navsari,Kharif,Sesame
7.54,0.48,0.43,178,20,268,536,32.1,Sandy Loam,Mehsana,Kharif,Sesame
6.8,0.2,0.65,162,23,258,639,26.6,Sandy Loam,Bharuch,Kharif,Sesame
7.28,0.53,0.36,146,30,265,553,27.5,Sandy Loam,Gandhinagar,Kharif,Sesame
7.92,0.55,0.34,162,28,237,479,33.9,Sandy Loam,Mehsana,Kharif,Sesame
7.39,0.18,0.59,200,39,183,533,30.8,Sandy Loam,Surendranagar,Kharif,Sesame
7.73,0.44,0.34,171,32,346,639,28.7,Sandy Loam,Navsari,Kharif,Sesame
7.44,0.36,0.35,208,30,217,561,32.8,Sandy Loam,Surat,Kharif,Sesame
7.54,0.15,0.36,154,27,223,647,31.6,Sandy Loam,Mehsana,Kharif,Sesame
7.01,0.49,0.62,181,40,220,439,31.7,Sandy Loam,Surendranagar,Kharif,Sesame
7.24,0.46,0.64,141,25,308,457,32.8,Sandy Loam,Banaskantha,Kharif,Sesame
7.95,0.21,0.31,171,21,276,559,32.2,Sandy Loam,Ahmedabad,Kharif,Sesame
7.25,0.5,0.37,150,29,324,495,32.2,Sandy Loam,Bharuch,Kharif,Sesame
7.2,0.55,0.41,152,20,298,635,31,Sandy Loam,Kutch,Kharif,Sesame
6.52,0.16,0.32,209,30,329,511,25.5,Sandy Loam,Bhavnagar,Kharif,Sesame
6.5,0.36,0.38,158,39,203,524,28.4,Sandy Loam,Bharuch,Kharif,Sesame
7.39,0.51,0.69,151,41,346,460,29.6,Sandy Loam,Amreli,Kharif,Sesame
7.2,0.19,0.68,164,27,201,638,28.1,Sandy Loam,Surat,Kharif,Sesame
7.15,0.2,0.35,186,38,277,578,30.6,Sandy Loam,Surendranagar,Kharif,Sesame
7.39,0.14,0.67,210,21,319,683,28.1,Sandy Loam,Gandhinagar,Kharif,Sesame
7.09,0.23,0.6,195,25,275,514,26,Sandy Loam,Navsari,Kharif,Sesame
6.54,0.19,0.38,169,38,235,427,31.5,Sandy Loam,Bhavnagar,Kharif,Sesame
7.88,0.33,0.66,152,41,212,684,28.9,Sandy Loam,Gandhinagar,Kharif,Sesame
7.22,0.38,0.31,182,28,219,563,32,Sandy Loam,Gandhinagar,Kharif,Sesame
7.45,0.58,0.5,202,25,205,634,31,Sandy Loam,Bhavnagar,Kharif,Sesame
6.73,0.49,0.5,159,44,279,574,25.1,Sandy Loam,Rajkot,Kharif,Sesame
7.61,0.57,0.45,176,36,239,622,28.8,Sandy Loam,Surat,Kharif,Sesame
7.43,0.35,0.52,166,24,235,568,26.8,Sandy Loam,Rajkot,Kharif,Sesame
7.01,0.38,0.37,167,45,331,519,33.4,Sandy Loam,Banaskantha,Kharif,Sesame
7.56,0.43,0.33,144,31,203,678,31.6,Sandy Loam,Junagadh,Kharif,Sesame
7.48,0.58,0.53,156,25,310,451,25.4,Sandy Loam,Mehsana,Kharif,Sesame
7.54,0.32,0.66,216,37,265,424,25.4,Sandy Loam,Surat,Kharif,Sesame
7.29,0.52,0.54,152,43,236,465,33,Sandy Loam,Ahmedabad,Kharif,Sesame
6.53,0.3,0.38,203,28,324,605,32.8,Sandy Loam,Ahmedabad,Kharif,Sesame
7.37,0.1,0.35,204,21,300,527,31.3,Sandy Loam,Bharuch,Kharif,Sesame
7.72,0.4,0.54,214,23,192,480,26.9,Sandy Loam,Gandhinagar,Kharif,Sesame
7.37,0.52,0.6,204,21,249,537,32.7,Sandy Loam,Junagadh,Kharif,Sesame
7.24,0.39,0.33,217,28,330,487,26.9,Sandy Loam,Junagadh,Kharif,Sesame
6.77,0.54,0.68,146,45,259,695,31.8,Sandy Loam,Mehsana,Kharif,Sesame
7.78,0.26,0.61,153,29,251,512,25,Sandy Loam,Surendranagar,Kharif,Sesame
6.6,0.54,0.49,184,23,215,437,25.5,Sandy Loam,Surat,Kharif,Sesame
7.92,0.2,0.6,177,41,222,526,28.8,Sandy Loam,Surendranagar,Kharif,Sesame
7.65,0.27,0.51,217,23,212,681,26.6,Sandy Loam,Amreli,Kharif,Sesame
6.96,0.14,0.61,182,39,282,458,29.6,Sandy Loam,Anand,Kharif,Sesame
7.11,0.43,0.51,172,43,292,514,32.4,Sandy Loam,Kutch,Kharif,Sesame
6.52,0.58,0.35,162,35,335,472,27.7,Sandy Loam,Amreli,Kharif,Sesame
7.87,0.53,0.33,181,20,294,461,28.8,Sandy Loam,Surat,Kharif,Sesame
6.72,0.48,0.66,154,22,251,593,33.3,Sandy Loam,Surat,Kharif,Sesame
7.95,0.15,0.43,202,21,264,581,29,Sandy Loam,Anand,Kharif,Sesame
6.65,0.22,0.56,142,24,293,600,29.1,Sandy Loam,Kutch,Kharif,Sesame
7.27,0.24,0.67,141,28,216,672,27,Sandy Loam,Amreli,Kharif,Sesame
7.98,0.12,0.43,150,21,310,550,26.1,Sandy Loam,Banaskantha,Kharif,Sesame
7.54,0.34,0.42,192,27,238,507,33.7,Sandy Loam,Amreli,Kharif,Sesame
7.04,0.51,0.33,162,40,299,540,25.7,Sandy Loam,Junagadh,Kharif,Sesame
7.56,0.28,0.47,156,43,334,639,29.2,Sandy Loam,Banaskantha,Kharif,Sesame
6.6,0.16,0.6,193,38,236,542,30.2,Sandy Loam,Rajkot,Kharif,Sesame
7.19,0.25,0.4,197,40,308,495,25.5,Sandy Loam,Bhavnagar,Kharif,Sesame
7.56,0.17,0.32,183,35,184,536,32.1,Sandy Loam,Navsari,Kharif,Sesame
7.3,0.2,0.65,199,22,261,507,31.8,Sandy Loam,Gandhinagar,Kharif,Sesame
7.13,0.44,0.49,175,45,309,453,33.8,Sandy Loam,Gandhinagar,Kharif,Sesame
6.88,0.15,0.64,158,23,318,492,29.1,Sandy Loam,Banaskantha,Kharif,Sesame
7.77,0.33,0.69,203,30,228,453,29.3,Sandy Loam,Bhavnagar,Kharif,Sesame
7.77,0.59,0.47,172,34,266,592,25.2,Sandy Loam,Vadodara,Kharif,Sesame
7.2,0.44,0.41,153,31,296,619,26.1,Sandy Loam,Bharuch,Kharif,Sesame
6.73,0.57,0.39,157,42,320,486,25.5,Sandy Loam,Mehsana,Kharif,Sesame
7.25,0.6,0.7,171,41,263,517,32.7,Sandy Loam,Amreli,Kharif,Sesame
6.68,0.55,0.36,211,33,317,652,31.2,Sandy Loam,Surat,Kharif,Sesame
6.75,0.38,0.52,215,32,193,695,32.1,Sandy Loam,Anand,Kharif,Sesame
7.67,0.24,0.44,187,39,309,525,27.7,Sandy Loam,Amreli,Kharif,Sesame
7.61,0.12,0.65,152,39,245,407,30.6,Sandy Loam,Rajkot,Kharif,Sesame
7.16,0.4,0.58,202,22,268,544,32.4,Sandy Loam,Banaskantha,Kharif,Sesame
7.78,0.26,0.45,189,24,241,620,31,Sandy Loam,Anand,Kharif,Sesame
7.13,0.18,0.47,196,29,184,595,29.5,Sandy Loam,Banaskantha,Kharif,Sesame
7.16,0.31,0.62,148,30,303,474,27.6,Sandy Loam,Ahmedabad,Kharif,Sesame
7.58,0.26,0.41,176,26,332,661,33.2,Sandy Loam,Kutch,Kharif,Sesame
7.4,0.1,0.48,140,20,251,603,28.7,Sandy Loam,Bhavnagar,Kharif,Sesame
7.79,0.55,0.63,186,41,221,468,31.3,Sandy Loam,Bhavnagar,Kharif,Sesame
6.65,0.56,0.35,178,35,208,500,32.9,Sandy Loam,Vadodara,Kharif,Sesame
6.74,0.3,0.58,212,22,338,440,31.5,Sandy Loam,Bhavnagar,Kharif,Sesame
7.99,0.11,0.47,169,30,255,661,30.5,Sandy Loam,Anand,Kharif,Sesame
6.74,0.46,0.64,173,43,187,444,27.8,Sandy Loam,Ahmedabad,Kharif,Sesame
7.23,0.2,0.39,216,42,329,633,25,Sandy Loam,Banaskantha,Kharif,Sesame
7.73,0.2,0.46,170,25,301,640,25.4,Sandy Loam,Rajkot,Kharif,Sesame
7.7,0.39,0.36,204,45,344,652,28.1,Sandy Loam,Vadodara,Kharif,Sesame
7.2,0.53,0.52,200,31,348,492,28.7,Sandy Loam,Gandhinagar,Kharif,Sesame
7.89,0.44,0.67,215,35,266,470,28,Sandy Loam,Rajkot,Kharif,Sesame
7.91,0.15,0.63,155,33,314,536,31.4,Sandy Loam,Banaskantha,Kharif,Sesame
7.34,0.19,0.6,167,44,259,699,27.6,Sandy Loam,Anand,Kharif,Sesame
7.42,0.56,0.43,167,34,273,538,30.1,Sandy Loam,Navsari,Kharif,Sesame
7.41,0.27,0.35,148,42,245,457,33.1,Sandy Loam,Junagadh,Kharif,Sesame
7.33,0.47,0.67,161,32,326,408,28.2,Sandy Loam,Gandhinagar,Kharif,Sesame
6.65,0.35,0.54,188,42,277,617,33.7,Sandy Loam,Bharuch,Kharif,Sesame
7.94,0.53,0.54,149,40,315,502,31.9,Sandy Loam,Surat,Kharif,Sesame
7.37,0.35,0.39,153,44,227,568,32.4,Sandy Loam,Junagadh,Kharif,Sesame
7.24,0.15,0.53,203,33,306,558,25.5,Sandy Loam,Mehsana,Kharif,Sesame
7.11,0.23,0.34,143,34,241,446,30.3,Sandy Loam,Junagadh,Kharif,Sesame
7.75,0.55,0.49,211,24,266,585,28.5,Sandy Loam,Rajkot,Kharif,Sesame
6.78,0.37,0.67,178,21,313,476,30,Sandy Loam,Bhavnagar,Kharif,Sesame
7.92,0.17,0.56,177,21,276,559,29.5,Sandy Loam,Mehsana,Kharif,Sesame
7.29,0.12,0.69,213,22,345,608,31,Sandy Loam,Bhavnagar,Kharif,Sesame
6.79,0.11,0.36,186,40,316,654,30.3,Sandy Loam,Surendranagar,Kharif,Sesame
7.99,0.47,0.44,143,21,332,536,31,Sandy Loam,Vadodara,Kharif,Sesame
7.4,0.47,0.63,202,30,251,576,27.4,Sandy Loam,Amreli,Kharif,Sesame
6.82,0.53,0.3,215,28,229,552,29,Sandy Loam,Banaskantha,Kharif,Sesame
7.53,0.21,0.67,182,24,326,696,28.2,Sandy Loam,Rajkot,Kharif,Sesame
7.62,0.33,0.31,205,36,271,537,29.9,Sandy Loam,Mehsana,Kharif,Sesame
7.27,0.32,0.54,220,45,183,528,25.8,Sandy Loam,Vadodara,Kharif,Sesame
7.83,0.34,0.42,166,26,188,500,27.7,Sandy Loam,Anand,Kharif,Sesame
6.51,0.43,0.67,164,21,309,692,33.4,Sandy Loam,Kutch,Kharif,Sesame
7.62,0.53,0.47,177,35,189,570,27.8,Sandy Loam,Rajkot,Kharif,Sesame
7.69,0.39,0.46,168,44,191,623,30.4,Sandy Loam,Bhavnagar,Kharif,Sesame
6.58,0.16,0.31,204,20,219,660,29.3,Sandy Loam,Amreli,Kharif,Sesame
7.24,0.17,0.41,143,33,324,572,26.7,Sandy Loam,Surendranagar,Kharif,Sesame
7.57,0.35,0.49,155,37,310,465,26.3,Sandy Loam,Rajkot,Kharif,Sesame
7.17,0.22,0.59,166,24,345,678,33.9,Sandy Loam,Junagadh,Kharif,Sesame
6.57,0.15,0.43,178,20,313,642,27.3,Sandy Loam,Junagadh,Kharif,Sesame
6.83,0.23,0.48,187,34,294,503,28.5,Sandy Loam,Rajkot,Kharif,Sesame
7.95,0.13,0.37,189,39,269,617,32.3,Sandy Loam,Bhavnagar,Kharif,Sesame
6.51,0.24,0.5,176,42,344,600,25.7,Sandy Loam,Amreli,Kharif,Sesame
7.29,0.17,0.39,204,37,254,498,29.3,Sandy Loam,Rajkot,Kharif,Sesame
6.61,0.2,0.67,148,37,267,443,31.3,Sandy Loam,Kutch,Kharif,Sesame
6.86,0.59,0.55,201,25,184,532,29.5,Sandy Loam,Bharuch,Kharif,Sesame
7.76,0.37,0.52,146,44,251,436,26.1,Sandy Loam,Vadodara,Kharif,Sesame
6.56,0.31,0.66,211,40,240,491,25.6,Sandy Loam,Bhavnagar,Kharif,Sesame
7.47,0.24,0.69,220,33,341,685,30.8,Sandy Loam,Surendranagar,Kharif,Sesame
6.82,0.25,0.68,202,44,181,541,31.7,Sandy Loam,Bharuch,Kharif,Sesame
6.65,0.16,0.58,214,30,260,501,30.5,Sandy Loam,Mehsana,Kharif,Sesame
6.65,0.45,0.57,176,32,244,667,33.6,Sandy Loam,Gandhinagar,Kharif,Sesame
7.99,0.53,0.54,146,35,193,637,29.4,Sandy Loam,Banaskantha,Kharif,Sesame
7.34,0.22,0.37,162,25,314,474,26.1,Sandy Loam,Amreli,Kharif,Sesame
6.68,0.59,0.67,165,28,314,556,32.9,Sandy Loam,Bhavnagar,Kharif,Sesame
7.56,0.15,0.39,160,30,294,446,29,Sandy Loam,Mehsana,Kharif,Sesame
7.03,0.3,0.34,198,42,307,515,26.2,Sandy Loam,Ahmedabad,Kharif,Sesame
6.52,0.34,0.66,177,38,313,632,25.3,Sandy Loam,Gandhinagar,Kharif,Sesame
7.99,0.57,0.59,175,31,301,608,31,Sandy Loam,Kutch,Kharif,Sesame
6.82,0.47,0.35,166,41,205,488,30.6,Sandy Loam,Amreli,Kharif,Sesame
6.77,0.21,0.42,203,44,350,673,25.3,Sandy Loam,Junagadh,Kharif,Sesame
7.03,0.56,0.47,154,31,276,607,26.9,Sandy Loam,Ahmedabad,Kharif,Sesame
7.28,0.43,0.62,144,38,341,651,32,Sandy Loam,Mehsana,Kharif,Sesame
7.51,0.41,0.69,186,20,272,652,26.9,Sandy Loam,Kutch,Kharif,Sesame
7.09,0.13,0.47,185,43,331,626,26.3,Sandy Loam,Gandhinagar,Kharif,Sesame
6.54,0.49,0.68,179,25,349,674,29.6,Sandy Loam,Anand,Kharif,Sesame
7.31,0.21,0.68,194,20,253,598,31.8,Sandy Loam,Banaskantha,Kharif,Sesame
6.66,0.2,0.65,203,34,223,600,31.6,Sandy Loam,Mehsana,Kharif,Sesame
7.19,0.13,0.42,169,45,217,671,26.3,Sandy Loam,Surendranagar,Kharif,Sesame
7.31,0.5,0.59,147,24,263,635,28.6,Sandy Loam,Mehsana,Kharif,Sesame
7.38,0.4,0.49,184,23,187,674,30.4,Sandy Loam,Navsari,Kharif,Sesame
6.63,0.18,0.58,210,30,274,446,33.4,Sandy Loam,Kutch,Kharif,Sesame
6.99,0.4,0.64,184,26,250,577,26.5,Sandy Loam,Amreli,Kharif,Sesame
6.66,0.31,0.35,150,21,274,577,30.4,Sandy Loam,Bhavnagar,Kharif,Sesame
7.35,0.46,0.37,171,45,250,453,27.2,Sandy Loam,Amreli,Kharif,Sesame
7.12,0.56,0.5,208,39,234,592,27.9,Sandy Loam,Ahmedabad,Kharif,Sesame
6.98,0.24,0.58,192,20,237,578,28.6,Sandy Loam,Banaskantha,Kharif,Sesame
7.24,0.39,0.55,173,22,302,602,30.9,Sandy Loam,Gandhinagar,Kharif,Sesame
7.95,0.34,0.69,216,28,328,449,26.5,Sandy Loam,Surat,Kharif,Sesame
6.69,0.54,0.56,188,26,303,415,26.6,Sandy Loam,Bharuch,Kharif,Sesame
7.35,0.36,0.31,148,24,291,613,31.3,Sandy Loam,Surendranagar,Kharif,Sesame
7.91,0.21,0.35,166,35,334,651,25.9,Sandy Loam,Bharuch,Kharif,Sesame
7.88,0.18,0.69,149,41,270,445,26.9,Sandy Loam,Amreli,Kharif,Sesame
7.15,0.12,0.52,220,26,287,525,29.5,Sandy Loam,Gandhinagar,Kharif,Sesame
7.65,0.18,0.52,191,21,189,491,25.9,Sandy Loam,Surendranagar,Kharif,Sesame
6.73,0.25,0.69,191,40,252,538,33.8,Sandy Loam,Banaskantha,Kharif,Sesame
7.91,0.53,0.52,172,37,333,523,26.2,Sandy Loam,Gandhinagar,Kharif,Sesame
7.96,0.23,0.52,178,41,309,640,31.5,Sandy Loam,Vadodara,Kharif,Sesame
6.71,0.11,0.38,178,34,275,558,31.1,Sandy Loam,Bharuch,Kharif,Sesame
7.07,0.6,0.68,178,35,242,663,27.1,Sandy Loam,Bharuch,Kharif,Sesame
7.14,0.24,0.35,166,29,251,671,28.2,Sandy Loam,Gandhinagar,Kharif,Sesame
6.73,0.28,0.7,194,30,274,560,28.5,Sandy Loam,Banaskantha,Kharif,Sesame
7.63,0.19,0.51,214,43,215,563,26,Sandy Loam,Anand,Kharif,Sesame
6.84,0.41,0.67,193,37,237,452,31.5,Sandy Loam,Banaskantha,Kharif,Sesame
6.71,0.36,0.31,172,22,229,568,30.5,Sandy Loam,Bhavnagar,Kharif,Sesame
6.57,0.3,0.33,151,30,220,586,32.1,Sandy Loam,Amreli,Kharif,Sesame
6.67,0.34,0.64,144,20,309,640,33.3,Sandy Loam,Surat,Kharif,Sesame
7.61,0.41,0.66,152,23,208,673,32.9,Sandy Loam,Kutch,Kharif,Sesame
7.69,0.4,0.59,147,31,345,656,26.3,Sandy Loam,Navsari,Kharif,Sesame
7.64,0.4,0.69,206,32,270,680,30.3,Sandy Loam,Kutch,Kharif,Sesame
6.59,0.28,0.62,174,44,261,570,33.2,Sandy Loam,Surendranagar,Kharif,Sesame
6.78,0.15,0.62,145,35,240,506,28.1,Sandy Loam,Gandhinagar,Kharif,Sesame
7.88,0.52,0.33,162,43,269,503,29.4,Sandy Loam,Mehsana,Kharif,Sesame
6.71,0.46,0.36,173,22,195,539,32.7,Sandy Loam,Kutch,Kharif,Sesame
7.17,0.52,0.32,220,31,287,513,27,Sandy Loam,Mehsana,Kharif,Sesame
7.61,0.42,0.49,220,35,277,542,27.6,Sandy Loam,Kutch,Kharif,Sesame
6.76,0.53,0.62,164,21,350,655,32.4,Sandy Loam,Surendranagar,Kharif,Sesame
6.79,0.37,0.4,145,29,326,687,29.9,Sandy Loam,Banaskantha,Kharif,Sesame
6.95,0.12,0.68,199,24,199,508,28.9,Sandy Loam,Bhavnagar,Kharif,Sesame
7.06,0.19,0.52,163,28,330,621,27.2,Sandy Loam,Vadodara,Kharif,Sesame
7.72,0.4,0.34,216,39,200,632,33,Sandy Loam,Kutch,Kharif,Sesame
6.94,0.14,0.39,205,23,274,434,25.6,Sandy Loam,Junagadh,Kharif,Sesame
6.56,0.12,0.6,210,40,330,457,26,Sandy Loam,Bharuch,Kharif,Sesame
6.88,0.21,0.6,157,28,327,539,25.6,Sandy Loam,Bhavnagar,Kharif,Sesame
7.08,0.2,0.44,179,32,276,500,30.1,Sandy Loam,Surat,Kharif,Sesame
7.72,0.33,0.47,193,23,324,437,32.6,Sandy Loam,Banaskantha,Kharif,Sesame
6.94,0.42,0.53,177,43,190,436,26.3,Sandy Loam,Anand,Kharif,Sesame
6.96,0.16,0.68,203,31,187,477,29.6,Sandy Loam,Surat,Kharif,Sesame
6.87,0.13,0.4,178,39,317,581,28.7,Sandy Loam,Vadodara,Kharif,Sesame
7.16,0.59,0.57,210,44,230,486,25.7,Sandy Loam,Gandhinagar,Kharif,Sesame
7.83,0.2,0.48,188,30,290,669,26.8,Sandy Loam,Anand,Kharif,Sesame
6.58,0.24,0.33,190,44,274,582,32.4,Sandy Loam,Vadodara,Kharif,Sesame
6.6,0.57,0.52,158,34,239,512,31.2,Sandy Loam,Junagadh,Kharif,Sesame
6.78,0.25,0.34,157,22,337,667,33.2,Sandy Loam,Surat,Kharif,Sesame
7.54,0.32,0.36,156,36,216,500,33.9,Sandy Loam,Bhavnagar,Kharif,Sesame
7.71,0.41,0.32,196,23,224,474,33.6,Sandy Loam,Junagadh,Kharif,Sesame
6.74,0.27,0.57,140,45,300,478,27,Sandy Loam,Navsari,Kharif,Sesame
7.78,0.42,0.41,172,28,195,573,25.9,Sandy Loam,Anand,Kharif,Sesame
6.92,0.37,0.48,185,30,245,670,25.1,Sandy Loam,Gandhinagar,Kharif,Sesame
7.61,0.53,0.61,213,40,244,556,30.5,Sandy Loam,Banaskantha,Kharif,Sesame
7.55,0.36,0.36,165,26,215,444,28.1,Sandy Loam,Mehsana,Kharif,Sesame
7.81,0.19,0.61,171,24,192,443,29.5,Sandy Loam,Bharuch,Kharif,Sesame
7.72,0.19,0.56,184,32,193,700,29.6,Sandy Loam,Mehsana,Kharif,Sesame
7.16,0.43,0.68,168,40,321,554,29.4,Sandy Loam,Navsari,Kharif,Sesame
6.58,0.51,0.37,173,39,230,404,31.2,Sandy Loam,Anand,Kharif,Sesame
7.62,0.21,0.57,218,43,274,588,27,Sandy Loam,Rajkot,Kharif,Sesame
7.02,0.46,0.61,170,34,191,513,30,Sandy Loam,Gandhinagar,Kharif,Sesame
7.16,0.43,0.47,166,26,228,592,32.7,Sandy Loam,Ahmedabad,Kharif,Sesame
6.79,0.39,0.55,217,20,278,624,30.8,Sandy Loam,Amreli,Kharif,Sesame
6.83,0.15,0.48,182,21,314,450,25.1,Sandy Loam,Vadodara,Kharif,Sesame
6.7,0.15,0.7,162,24,327,608,28.2,Sandy Loam,Rajkot,Kharif,Sesame
7.69,0.58,0.51,193,29,249,643,25.8,Sandy Loam,Navsari,Kharif,Sesame
6.63,0.15,0.54,188,44,318,605,33,Sandy Loam,Amreli,Kharif,Sesame
6.99,0.21,0.47,149,26,349,665,25.9,Sandy Loam,Mehsana,Kharif,Sesame
7.18,0.5,0.45,200,34,198,438,25.3,Sandy Loam,Kutch,Kharif,Sesame
7.38,0.58,0.56,160,20,295,603,33.9,Sandy Loam,Anand,Kharif,Sesame
7.22,0.14,0.54,195,24,321,564,30.1,Sandy Loam,Surendranagar,Kharif,Sesame
7.11,0.41,0.44,159,45,186,447,25.2,Sandy Loam,Surat,Kharif,Sesame
7.7,0.31,0.49,181,37,190,677,26.6,Sandy Loam,Surat,Kharif,Sesame
6.83,0.33,0.54,197,44,343,504,25.6,Sandy Loam,Surendranagar,Kharif,Sesame
7.28,0.41,0.38,181,35,252,664,28,Sandy Loam,Mehsana,Kharif,Sesame
7.01,0.54,0.58,163,31,301,551,32.9,Sandy Loam,Surat,Kharif,Sesame
7.31,0.33,0.65,164,28,206,529,26.3,Sandy Loam,Banaskantha,Kharif,Sesame
7.42,0.56,0.34,213,42,287,656,33.7,Sandy Loam,Amreli,Kharif,Sesame
7.82,0.15,0.66,202,31,334,619,27.5,Sandy Loam,Bhavnagar,Kharif,Sesame
6.76,0.29,0.54,199,41,222,502,30.1,Sandy Loam,Mehsana,Kharif,Sesame
7.66,0.36,0.46,215,40,273,547,30.2,Sandy Loam,Junagadh,Kharif,Sesame
6.61,0.47,0.66,168,36,183,451,26.6,Sandy Loam,Surendranagar,Kharif,Sesame
6.89,0.57,0.46,166,26,195,486,30.1,Sandy Loam,Anand,Kharif,Sesame
7.36,0.39,0.53,220,42,219,650,31.7,Sandy Loam,Surendranagar,Kharif,Sesame
6.8,0.5,0.36,149,27,218,669,26.9,Sandy Loam,Ahmedabad,Kharif,Sesame
7.55,0.5,0.51,145,21,261,446,27.9,Sandy Loam,Banaskantha,Kharif,Sesame
6.83,0.16,0.39,140,27,335,556,32.4,Sandy Loam,Bhavnagar,Kharif,Sesame
6.56,0.59,0.38,164,40,192,504,32.2,Sandy Loam,Amreli,Kharif,Sesame
6.75,0.39,0.43,152,37,349,483,32.4,Sandy Loam,Amreli,Kharif,Sesame
7.05,0.53,0.45,141,42,327,546,31.3,Sandy Loam,Ahmedabad,Kharif,Sesame
7.55,0.25,0.65,186,31,287,403,26.9,Sandy Loam,Ahmedabad,Kharif,Sesame
7.78,0.24,0.4,183,35,258,525,27.7,Sandy Loam,Vadodara,Kharif,Sesame
7.13,0.42,0.36,166,26,219,698,30.6,Sandy Loam,Junagadh,Kharif,Sesame
6.92,0.22,0.32,194,23,203,478,26.1,Sandy Loam,Bhavnagar,Kharif,Sesame
6.51,0.48,0.49,193,44,269,413,33.5,Sandy Loam,Surat,Kharif,Sesame
6.78,0.33,0.35,153,40,295,557,30.3,Sandy Loam,Mehsana,Kharif,Sesame
6.74,0.31,0.52,201,41,208,614,27.6,Sandy Loam,Kutch,Kharif,Sesame
7.58,0.5,0.4,168,34,260,437,31,Sandy Loam,Gandhinagar,Kharif,Sesame
7.26,0.25,0.69,186,23,191,686,25.8,Sandy Loam,Kutch,Kharif,Sesame
7.25,0.34,0.48,148,38,280,644,27.3,Sandy Loam,Anand,Kharif,Sesame
7.97,0.27,0.39,150,32,217,639,30.5,Sandy Loam,Ahmedabad,Kharif,Sesame
7.62,0.53,0.55,187,31,201,572,32.1,Sandy Loam,Surat,Kharif,Sesame
7.69,0.18,0.55,195,24,254,632,28,Sandy Loam,Ahmedabad,Kharif,Sesame
7.7,0.38,0.68,160,37,339,557,28.7,Sandy Loam,Bharuch,Kharif,Sesame
7.05,0.24,0.64,154,45,304,575,27.9,Sandy Loam,Mehsana,Kharif,Sesame
6.82,0.39,0.66,159,22,269,625,25.1,Sandy Loam,Kutch,Kharif,Sesame
7.13,0.29,0.36,217,31,283,624,26.7,Sandy Loam,Mehsana,Kharif,Sesame
6.99,0.24,0.69,168,43,285,553,33.7,Sandy Loam,Gandhinagar,Kharif,Sesame
6.96,0.48,0.64,214,20,322,658,33,Sandy Loam,Mehsana,Kharif,Sesame
7.32,0.2,0.6,174,38,205,619,30.2,Sandy Loam,Bhavnagar,Kharif,Sesame
7.05,0.45,0.46,158,37,331,554,30,Sandy Loam,Bharuch,Kharif,Sesame
6.87,0.21,0.59,151,45,314,615,26.3,Sandy Loam,Bharuch,Kharif,Sesame
6.89,0.5,0.63,210,21,327,505,31.4,Sandy Loam,Bharuch,Kharif,Sesame
7.18,0.31,0.48,162,21,341,412,26.5,Sandy Loam,Banaskantha,Kharif,Sesame
6.85,0.12,0.32,151,45,251,561,25.3,Sandy Loam,Amreli,Kharif,Sesame
6.92,0.25,0.68,140,45,186,416,27.1,Sandy Loam,Surendranagar,Kharif,Sesame
6.69,0.33,0.42,178,27,193,580,28.6,Sandy Loam,Kutch,Kharif,Sesame
7.49,0.11,0.56,147,37,216,503,33.4,Sandy Loam,Ahmedabad,Kharif,Sesame
7.2,0.4,0.57,176,32,231,696,33.1,Sandy Loam,Vadodara,Kharif,Sesame
7.07,0.51,0.36,140,41,316,458,33.4,Sandy Loam,Bharuch,Kharif,Sesame
7.06,0.4,0.58,154,41,203,693,25,Sandy Loam,Anand,Kharif,Sesame
7.79,0.24,0.48,178,38,344,422,28.2,Sandy Loam,Mehsana,Kharif,Sesame
6.92,0.55,0.5,187,36,197,494,31.9,Sandy Loam,Bharuch,Kharif,Sesame
7.48,0.43,0.68,160,30,309,462,30.8,Sandy Loam,Rajkot,Kharif,Sesame
7.14,0.38,0.31,191,31,293,497,32.8,Sandy Loam,Amreli,Kharif,Sesame
7.31,0.14,0.45,212,34,247,467,29.7,Sandy Loam,Gandhinagar,Kharif,Sesame
7.2,0.42,0.65,162,26,228,593,30,Sandy Loam,Mehsana,Kharif,Sesame
7.6,0.13,0.58,212,34,186,654,30.7,Sandy Loam,Gandhinagar,Kharif,Sesame
6.74,0.13,0.66,157,38,202,653,29.2,Sandy Loam,Mehsana,Kharif,Sesame
7.08,0.51,0.36,198,42,281,687,27.3,Sandy Loam,Rajkot,Kharif,Sesame
6.66,0.24,0.32,209,43,279,402,30.9,Sandy Loam,Ahmedabad,Kharif,Sesame
7.12,0.4,0.43,142,29,209,453,29.6,Sandy Loam,Vadodara,Kharif,Sesame
7.14,0.16,0.33,190,28,225,462,30.5,Sandy Loam,Surat,Kharif,Sesame
7.65,0.3,0.6,141,41,350,679,32.5,Sandy Loam,Kutch,Kharif,Sesame
7.35,0.3,0.48,193,27,318,443,26.5,Sandy Loam,Vadodara,Kharif,Sesame
7.22,0.48,0.57,214,24,278,682,26.3,Sandy Loam,Mehsana,Kharif,Sesame
6.86,0.49,0.33,146,32,196,546,25.4,Sandy Loam,Anand,Kharif,Sesame
7.9,0.14,0.57,197,27,189,400,30.6,Sandy Loam,Ahmedabad,Kharif,Sesame
7.69,0.28,0.41,169,29,318,498,33.1,Sandy Loam,Rajkot,Kharif,Sesame
7.83,0.29,0.69,179,30,239,509,27.7,Sandy Loam,Ahmedabad,Kharif,Sesame
7.38,0.18,0.41,153,27,312,573,30.4,Sandy Loam,Surendranagar,Kharif,Sesame
7.79,0.23,0.51,176,36,183,659,31.6,Sandy Loam,Surendranagar,Kharif,Sesame
7.5,0.57,0.36,161,29,311,646,27.6,Sandy Loam,Amreli,Kharif,Sesame
6.84,0.54,0.68,219,36,344,484,27.8,Sandy Loam,Kutch,Kharif,Sesame
6.99,0.15,0.6,144,32,313,539,31.8,Sandy Loam,Junagadh,Kharif,Sesame
7.64,0.1,0.49,176,34,204,693,30.5,Sandy Loam,Junagadh,Kharif,Sesame
7.74,0.59,0.33,153,33,217,667,26.7,Sandy Loam,Bhavnagar,Kharif,Sesame
7.02,0.47,0.41,216,42,329,402,30.9,Sandy Loam,Banaskantha,Kharif,Sesame
8,0.51,0.57,198,20,337,645,31.7,Sandy Loam,Navsari,Kharif,Sesame
7.42,0.19,0.31,182,33,197,482,25.9,Sandy Loam,Bhavnagar,Kharif,Sesame
7.02,0.18,0.65,202,41,195,625,29.8,Sandy Loam,Vadodara,Kharif,Sesame
7.43,0.56,0.62,177,28,296,465,31,Sandy Loam,Surendranagar,Kharif,Sesame
6.7,0.58,0.64,142,37,284,585,31.3,Sandy Loam,Junagadh,Kharif,Sesame
7.37,0.11,0.32,218,29,234,401,28.3,Sandy Loam,Gandhinagar,Kharif,Sesame
6.63,0.21,0.41,155,30,207,517,33.6,Sandy Loam,Bharuch,Kharif,Sesame
7.54,0.46,0.42,144,26,288,413,26.1,Sandy Loam,Gandhinagar,Kharif,Sesame
7.47,0.36,0.48,216,23,305,618,25.4,Sandy Loam,Junagadh,Kharif,Sesame
6.7,0.3,0.69,181,44,288,681,33.8,Sandy Loam,Banaskantha,Kharif,Sesame
7.89,0.29,0.36,215,23,188,429,32.4,Sandy Loam,Bharuch,Kharif,Sesame
7.4,0.13,0.54,195,35,190,672,26.7,Sandy Loam,Mehsana,Kharif,Sesame
7.19,0.58,0.64,140,37,229,551,25.3,Sandy Loam,Rajkot,Kharif,Sesame
7.77,0.12,0.48,176,21,183,527,32.7,Sandy Loam,Ahmedabad,Kharif,Sesame
6.57,0.11,0.36,151,25,244,533,26.8,Sandy Loam,Navsari,Kharif,Sesame
7.76,0.57,0.44,204,36,325,621,33.4,Sandy Loam,Gandhinagar,Kharif,Sesame
7.79,0.58,0.4,145,34,215,544,28.9,Sandy Loam,Banaskantha,Kharif,Sesame
7.4,0.35,0.51,194,36,287,467,32.7,Sandy Loam,Anand,Kharif,Sesame
7.49,0.12,0.49,205,24,239,598,25.1,Sandy Loam,Vadodara,Kharif,Sesame
7.93,0.2,0.38,150,39,334,664,33.9,Sandy Loam,Amreli,Kharif,Sesame
7.87,0.43,0.68,201,44,187,470,30,Sandy Loam,Surendranagar,Kharif,Sesame
7.84,0.48,0.62,162,37,227,524,31.9,Sandy Loam,Rajkot,Kharif,Sesame
7.98,0.5,0.66,212,39,204,470,27.2,Sandy Loam,Kutch,Kharif,Sesame
7.03,0.27,0.38,185,23,294,553,30.3,Sandy Loam,Anand,Kharif,Sesame
7.08,0.25,0.47,153,43,334,545,29.1,Sandy Loam,Navsari,Kharif,Sesame
7.9,0.21,0.56,218,31,203,613,26,Sandy Loam,Amreli,Kharif,Sesame
6.9,0.1,0.4,172,34,295,474,30.7,Sandy Loam,Surat,Kharif,Sesame
6.84,0.46,0.38,152,29,235,548,30.8,Sandy Loam,Surendranagar,Kharif,Sesame
6.95,0.47,0.45,149,40,203,574,26.7,Sandy Loam,Bhavnagar,Kharif,Sesame
7.22,0.21,0.31,166,26,245,433,28.4,Sandy Loam,Anand,Kharif,Sesame
7.66,0.18,0.32,201,21,334,574,32.7,Sandy Loam,Bharuch,Kharif,Sesame
6.92,0.34,0.45,161,32,240,587,27.3,Sandy Loam,Gandhinagar,Kharif,Sesame
7.7,0.14,0.6,171,33,243,487,33.9,Sandy Loam,Surendranagar,Kharif,Sesame
7.31,0.43,0.41,182,34,202,590,30.2,Sandy Loam,Bhavnagar,Kharif,Sesame
7.35,0.14,0.42,210,24,267,429,27.4,Sandy Loam,Ahmedabad,Kharif,Sesame
6.66,0.14,0.37,154,28,305,455,25.8,Sandy Loam,Ahmedabad,Kharif,Sesame
6.86,0.46,0.47,146,33,291,443,26.8,Sandy Loam,Rajkot,Kharif,Sesame
7.71,0.53,0.52,206,34,245,613,30.7,Sandy Loam,Vadodara,Kharif,Sesame
6.65,0.29,0.35,164,29,289,459,25.7,Sandy Loam,Ahmedabad,Kharif,Sesame
6.81,0.4,0.38,214,21,290,577,33.7,Sandy Loam,Amreli,Kharif,Sesame
7.34,0.53,0.3,213,45,248,597,27,Sandy Loam,Mehsana,Kharif,Sesame
7.13,0.39,0.43,194,22,291,682,31.2,Sandy Loam,Navsari,Kharif,Sesame
7.59,0.39,0.58,210,39,339,464,25.6,Sandy Loam,Surat,Kharif,Sesame
7.62,0.11,0.58,198,26,289,502,30.9,Sandy Loam,Vadodara,Kharif,Sesame
7.12,0.42,0.46,189,31,245,492,25.3,Sandy Loam,Mehsana,Kharif,Sesame
7.74,0.18,0.48,180,20,344,555,27.6,Sandy Loam,Bharuch,Kharif,Sesame
7.62,0.29,0.31,193,44,216,682,29.5,Sandy Loam,Surendranagar,Kharif,Sesame
7.32,0.41,0.57,191,45,271,667,32.7,Sandy Loam,Banaskantha,Kharif,Sesame
6.59,0.24,0.35,207,32,184,577,26.6,Sandy Loam,Surat,Kharif,Sesame
7.46,0.24,0.53,205,44,266,406,26.9,Sandy Loam,Mehsana,Kharif,Sesame
7.44,0.23,0.63,214,43,195,404,30.4,Sandy Loam,Surendranagar,Kharif,Sesame
6.98,0.46,0.36,150,37,257,501,31.2,Sandy Loam,Surat,Kharif,Sesame
7.51,0.58,0.49,204,34,253,579,26.7,Sandy Loam,Rajkot,Kharif,Sesame
6.58,0.43,0.49,177,38,341,424,26.3,Sandy Loam,Surendranagar,Kharif,Sesame
7.24,0.45,0.45,198,40,221,676,32.3,Sandy Loam,Surendranagar,Kharif,Sesame
7.09,0.32,0.47,177,39,243,468,28.2,Sandy Loam,Navsari,Kharif,Sesame
7.7,0.41,0.5,172,25,306,414,33,Sandy Loam,Bhavnagar,Kharif,Sesame
6.74,0.21,0.54,204,41,264,664,29.1,Sandy Loam,Ahmedabad,Kharif,Sesame
7.15,0.28,0.36,206,37,272,514,25.3,Sandy Loam,Ahmedabad,Kharif,Sesame
7.33,0.31,0.58,166,20,244,427,33.3,Sandy Loam,Junagadh,Kharif,Sesame
7.44,0.21,0.44,195,35,231,655,26.7,Sandy Loam,Ahmedabad,Kharif,Sesame
7.26,0.52,0.45,157,44,311,677,27.4,Sandy Loam,Navsari,Kharif,Sesame
6.69,0.22,0.39,142,25,321,621,30.4,Sandy Loam,Gandhinagar,Kharif,Sesame
6.97,0.51,0.63,208,35,230,591,30.3,Sandy Loam,Bharuch,Kharif,Sesame
7.71,0.31,0.4,174,25,308,589,33.4,Sandy Loam,Gandhinagar,Kharif,Sesame
6.96,0.48,0.36,146,33,284,574,26.4,Sandy Loam,Vadodara,Kharif,Sesame
7.57,0.42,0.43,159,36,324,660,25.4,Sandy Loam,Rajkot,Kharif,Sesame
7.84,0.45,0.53,189,32,289,655,31.4,Sandy Loam,Vadodara,Kharif,Sesame
7.11,0.42,0.66,196,43,273,693,26.2,Sandy Loam,Surendranagar,Kharif,Sesame
7.44,0.33,0.67,188,37,192,417,32.2,Sandy Loam,Amreli,Kharif,Sesame
7.17,0.49,0.65,170,34,215,614,31.8,Sandy Loam,Amreli,Kharif,Sesame
7.95,0.26,0.44,219,38,215,591,33.2,Sandy Loam,Navsari,Kharif,Sesame
7.93,0.12,0.63,150,23,334,430,28.6,Sandy Loam,Surendranagar,Kharif,Sesame
7.72,0.41,0.65,198,43,327,545,27.3,Sandy Loam,Kutch,Kharif,Sesame
7.99,0.24,0.54,145,31,189,509,25.9,Sandy Loam,Gandhinagar,Kharif,Sesame
7.8,0.29,0.6,162,23,335,451,31.2,Sandy Loam,Bhavnagar,Kharif,Sesame
7.61,0.33,0.62,207,32,280,694,31.8,Sandy Loam,Gandhinagar,Kharif,Sesame
7.4,0.56,0.58,147,24,322,500,30.3,Sandy Loam,Anand,Kharif,Sesame
7.32,0.46,0.51,185,41,224,641,31.8,Sandy Loam,Surendranagar,Kharif,Sesame
7.92,0.1,0.38,143,29,268,449,26.5,Sandy Loam,Bharuch,Kharif,Sesame
7.42,0.4,0.67,193,43,297,447,28.5,Sandy Loam,Gandhinagar,Kharif,Sesame
7.9,0.12,0.5,155,23,185,627,26.8,Sandy Loam,Vadodara,Kharif,Sesame
7.79,0.52,0.51,187,42,210,473,29,Sandy Loam,Junagadh,Kharif,Sesame
7.06,0.43,0.39,204,42,317,504,27.8,Sandy Loam,Kutch,Kharif,Sesame
7.2,0.43,0.54,174,23,268,598,29.3,Sandy Loam,Kutch,Kharif,Sesame
7.58,0.36,0.5,210,29,299,608,26.1,Sandy Loam,Gandhinagar,Kharif,Sesame
6.75,0.49,0.38,189,40,198,639,29.6,Sandy Loam,Surendranagar,Kharif,Sesame
7.24,0.14,0.64,160,21,232,648,29.8,Sandy Loam,Rajkot,Kharif,Sesame
7.9,0.37,0.57,197,28,300,439,29.1,Sandy Loam,Mehsana,Kharif,Sesame
7.3,0.36,0.51,208,33,243,685,26.5,Sandy Loam,Banaskantha,Kharif,Sesame
7.32,0.15,0.46,184,44,269,434,32.8,Sandy Loam,Rajkot,Kharif,Sesame
6.75,0.42,0.49,150,30,212,674,25.8,Sandy Loam,Navsari,Kharif,Sesame
7.76,0.6,0.56,157,38,206,566,31.3,Sandy Loam,Surat,Kharif,Sesame
7.41,0.55,0.41,150,41,221,679,28,Sandy Loam,Surat,Kharif,Sesame
7.64,0.35,0.66,216,36,201,654,30.6,Sandy Loam,Bharuch,Kharif,Sesame
6.68,0.56,0.43,205,34,216,534,33.7,Sandy Loam,Navsari,Kharif,Sesame
6.85,0.57,0.64,220,33,300,551,25.6,Sandy Loam,Rajkot,Kharif,Sesame
6.69,0.4,0.52,153,26,334,655,30.5,Sandy Loam,Mehsana,Kharif,Sesame
7.43,0.35,0.37,175,26,306,464,27.8,Sandy Loam,Ahmedabad,Kharif,Sesame
7.61,0.56,0.35,186,45,286,523,34,Sandy Loam,Junagadh,Kharif,Sesame
7.5,0.44,0.5,212,34,228,503,32.4,Sandy Loam,Rajkot,Kharif,Sesame
7.67,0.42,0.57,208,30,216,549,29.5,Sandy Loam,Anand,Kharif,Sesame
6.84,0.58,0.32,198,34,213,461,29.6,Sandy Loam,Ahmedabad,Kharif,Sesame
7.49,0.25,0.65,202,36,247,662,27.1,Sandy Loam,Navsari,Kharif,Sesame
6.68,0.28,0.35,156,26,246,608,30.7,Sandy Loam,Surendranagar,Kharif,Sesame
7.85,0.38,0.65,168,34,192,436,26.2,Sandy Loam,Rajkot,Kharif,Sesame
7.89,0.52,0.64,146,27,310,523,30.8,Sandy Loam,Surat,Kharif,Sesame
6.63,0.18,0.69,217,34,345,529,32.5,Sandy Loam,Amreli,Kharif,Sesame
7.23,0.59,0.68,217,33,277,493,30.9,Sandy Loam,Amreli,Kharif,Sesame
7.26,0.2,0.47,168,34,310,677,31.6,Sandy Loam,Surat,Kharif,Sesame
6.56,0.59,0.47,153,24,342,504,31.2,Sandy Loam,Mehsana,Kharif,Sesame
7.35,0.54,0.63,165,37,229,619,31.7,Sandy Loam,Anand,Kharif,Sesame
7.5,0.43,0.58,209,24,293,525,30.7,Sandy Loam,Navsari,Kharif,Sesame
7.32,0.43,0.34,190,23,251,688,29.7,Sandy Loam,Anand,Kharif,Sesame
7.54,0.11,0.6,160,43,338,621,29.5,Sandy Loam,Banaskantha,Kharif,Sesame
6.69,0.42,0.44,147,38,248,640,26.3,Sandy Loam,Anand,Kharif,Sesame
7.84,0.27,0.39,183,24,275,660,31.4,Sandy Loam,Kutch,Kharif,Sesame
7.93,0.17,0.33,158,41,253,430,26.3,Sandy Loam,Mehsana,Kharif,Sesame
6.67,0.11,0.57,172,39,192,674,29.2,Sandy Loam,Surat,Kharif,Sesame
6.8,0.43,0.36,182,33,321,401,30.3,Sandy Loam,Kutch,Kharif,Sesame
7.68,0.35,0.39,183,38,254,590,30.6,Sandy Loam,Surendranagar,Kharif,Sesame
7.21,0.14,0.59,199,25,300,660,32.5,Sandy Loam,Bharuch,Kharif,Sesame
7.36,0.54,0.51,199,28,266,654,26.9,Sandy Loam,Navsari,Kharif,Sesame
6.68,0.4,0.51,176,41,181,459,30,Sandy Loam,Junagadh,Kharif,Sesame
6.62,0.18,0.31,146,25,201,414,29,Sandy Loam,Kutch,Kharif,Sesame
7.87,0.56,0.46,140,24,181,571,25.9,Sandy Loam,Amreli,Kharif,Sesame
7.6,0.5,0.34,185,24,323,578,28.2,Sandy Loam,Surendranagar,Kharif,Sesame
7.65,0.49,0.68,149,45,235,571,33.7,Sandy Loam,Surat,Kharif,Sesame
7.28,0.17,0.59,180,41,346,648,30.1,Sandy Loam,Gandhinagar,Kharif,Sesame
7.43,0.46,0.59,160,27,270,695,29.7,Sandy Loam,Junagadh,Kharif,Sesame
6.59,0.1,0.41,190,36,231,583,33.7,Sandy Loam,Anand,Kharif,Sesame
7.68,0.42,0.32,193,31,220,508,31.7,Sandy Loam,Gandhinagar,Kharif,Sesame
6.57,0.16,0.34,180,21,324,470,30.4,Sandy Loam,Ahmedabad,Kharif,Sesame
7.75,0.27,0.68,184,24,294,416,25.8,Sandy Loam,Bhavnagar,Kharif,Sesame
7.23,0.1,0.35,216,44,288,639,33.9,Sandy Loam,Navsari,Kharif,Sesame
6.7,0.4,0.6,178,35,285,652,25.8,Sandy Loam,Bharuch,Kharif,Sesame
7.76,0.51,0.48,159,25,210,520,31.2,Sandy Loam,Mehsana,Kharif,Sesame
7.28,0.11,0.5,152,41,212,700,31.6,Sandy Loam,Junagadh,Kharif,Sesame
7.14,0.29,0.69,168,40,278,602,25.9,Sandy Loam,Rajkot,Kharif,Sesame
7.69,0.21,0.48,216,24,308,446,27.4,Sandy Loam,Amreli,Kharif,Sesame
6.75,0.58,0.51,183,43,311,637,27.4,Sandy Loam,Bharuch,Kharif,Sesame
6.9,0.43,0.64,142,28,243,672,27.3,Sandy Loam,Surat,Kharif,Sesame
7.74,0.47,0.57,149,22,270,677,30.9,Sandy Loam,Gandhinagar,Kharif,Sesame
7.62,0.18,0.55,186,25,313,588,30.1,Sandy Loam,Surat,Kharif,Sesame
6.93,0.31,0.39,167,25,203,438,25.7,Sandy Loam,Gandhinagar,Kharif,Sesame
6.55,0.54,0.33,158,41,240,691,28.4,Sandy Loam,Bhavnagar,Kharif,Sesame
7.84,0.43,0.66,153,42,343,421,29.1,Sandy Loam,Amreli,Kharif,Sesame
6.85,0.55,0.45,194,34,208,487,27,Sandy Loam,Rajkot,Kharif,Sesame
7.15,0.59,0.67,168,21,219,453,31.8,Sandy Loam,Anand,Kharif,Sesame
7.15,0.22,0.6,197,27,330,590,33.6,Sandy Loam,Mehsana,Kharif,Sesame
6.87,0.18,0.58,178,42,285,538,26.1,Sandy Loam,Ahmedabad,Kharif,Sesame
6.87,0.27,0.46,168,44,222,668,26.4,Sandy Loam,Rajkot,Kharif,Sesame
7.22,0.35,0.39,177,44,331,521,26.9,Sandy Loam,Ahmedabad,Kharif,Sesame
7.33,0.34,0.59,183,35,339,563,30,Sandy Loam,Ahmedabad,Kharif,Sesame
7.07,0.43,0.45,146,39,279,683,31.6,Sandy Loam,Gandhinagar,Kharif,Sesame
7.06,0.57,0.47,208,32,224,515,26.8,Sandy Loam,Rajkot,Kharif,Sesame
7.65,0.59,0.57,149,34,326,578,29.8,Sandy Loam,Bhavnagar,Kharif,Sesame
6.91,0.55,0.45,193,21,235,561,28.8,Sandy Loam,Surendranagar,Kharif,Sesame
6.79,0.38,0.36,181,31,303,682,25.8,Sandy Loam,Surendranagar,Kharif,Sesame
7.11,0.18,0.54,154,28,349,609,29.1,Sandy Loam,Surendranagar,Kharif,Sesame
6.58,0.18,0.38,186,32,207,420,34,Sandy Loam,Navsari,Kharif,Sesame
6.89,0.42,0.46,178,43,203,618,32.8,Sandy Loam,Navsari,Kharif,Sesame
7.36,0.24,0.62,219,31,320,517,30.1,Sandy Loam,Bharuch,Kharif,Sesame
6.9,0.35,0.62,154,36,215,433,32.6,Sandy Loam,Navsari,Kharif,Sesame
7.28,0.29,0.69,153,37,292,696,30.3,Sandy Loam,Navsari,Kharif,Sesame
7.49,0.53,0.41,192,42,189,668,30,Sandy Loam,Gandhinagar,Kharif,Sesame
7.5,0.5,0.35,158,25,337,653,29.8,Sandy Loam,Bharuch,Kharif,Sesame
6.53,0.49,0.59,219,22,294,692,26.6,Sandy Loam,Bhavnagar,Kharif,Sesame
7.42,0.55,0.38,214,37,332,431,31.7,Sandy Loam,Bharuch,Kharif,Sesame
7.63,0.53,0.36,203,41,299,642,25.3,Sandy Loam,Kutch,Kharif,Sesame
7.71,0.56,0.67,199,22,317,438,32,Sandy Loam,Amreli,Kharif,Sesame
6.96,0.45,0.47,180,42,331,403,28,Sandy Loam,Navsari,Kharif,Sesame
7.64,0.43,0.44,196,28,254,567,25.7,Sandy Loam,Kutch,Kharif,Sesame
7.51,0.38,0.4,186,31,244,571,33.4,Sandy Loam,Amreli,Kharif,Sesame
6.82,0.52,0.48,152,28,183,453,32.5,Sandy Loam,Navsari,Kharif,Sesame
6.78,0.27,0.49,192,22,307,407,33.4,Sandy Loam,Bharuch,Kharif,Sesame
6.77,0.56,0.32,157,38,245,583,33,Sandy Loam,Ahmedabad,Kharif,Sesame
7.37,0.33,0.47,173,24,248,557,29.7,Sandy Loam,Rajkot,Kharif,Sesame
7.61,0.28,0.5,167,21,322,601,25.6,Sandy Loam,Kutch,Kharif,Sesame
7.12,0.39,0.41,189,31,272,447,29.2,Sandy Loam,Gandhinagar,Kharif,Sesame
6.7,0.24,0.57,204,24,231,679,30.5,Sandy Loam,Ahmedabad,Kharif,Sesame
7.01,0.23,0.45,165,35,284,656,32.1,Sandy Loam,Navsari,Kharif,Sesame
7.84,0.58,0.36,180,39,251,501,29.3,Sandy Loam,Bhavnagar,Kharif,Sesame
7.05,0.42,0.68,208,22,269,659,34,Sandy Loam,Banaskantha,Kharif,Sesame
7.53,0.5,0.54,175,35,289,596,30.6,Sandy Loam,Surat,Kharif,Sesame
7.32,0.17,0.52,192,26,261,475,26.6,Sandy Loam,Anand,Kharif,Sesame
7.85,0.59,0.39,203,31,350,496,28.7,Sandy Loam,Navsari,Kharif,Sesame
6.81,0.51,0.68,218,31,235,640,32.7,Sandy Loam,Navsari,Kharif,Sesame
6.58,0.47,0.34,174,40,209,486,32.7,Sandy Loam,Bhavnagar,Kharif,Sesame
6.93,0.33,0.4,220,37,334,498,34,Sandy Loam,Banaskantha,Kharif,Sesame
7.7,0.3,0.42,217,42,222,683,31.8,Sandy Loam,Surendranagar,Kharif,Sesame
6.63,0.23,0.41,173,31,336,660,33.7,Sandy Loam,Gandhinagar,Kharif,Sesame
6.82,0.39,0.6,153,24,208,693,28.5,Sandy Loam,Amreli,Kharif,Sesame
7.62,0.56,0.31,149,20,215,494,29.2,Sandy Loam,Amreli,Kharif,Sesame
7.94,0.41,0.31,178,28,277,651,28.1,Sandy Loam,Vadodara,Kharif,Sesame
6.54,0.53,0.65,191,22,214,464,27.3,Sandy Loam,Navsari,Kharif,Sesame
6.62,0.3,0.38,218,40,289,556,28.1,Sandy Loam,Gandhinagar,Kharif,Sesame
7.75,0.14,0.42,191,44,208,450,29.1,Sandy Loam,Ahmedabad,Kharif,Sesame
7.88,0.39,0.53,219,22,208,415,30.5,Sandy Loam,Bhavnagar,Kharif,Sesame
7.44,0.53,0.65,164,38,266,478,29.1,Sandy Loam,Gandhinagar,Kharif,Sesame
6.95,0.2,0.59,185,20,246,632,27.3,Sandy Loam,Amreli,Kharif,Sesame
7.74,0.51,0.38,169,34,241,699,25,Sandy Loam,Surendranagar,Kharif,Sesame
7.23,0.56,0.38,180,44,328,458,30.7,Sandy Loam,Ahmedabad,Kharif,Sesame
6.66,0.2,0.61,173,39,291,696,31.4,Sandy Loam,Gandhinagar,Kharif,Sesame
7.9,0.1,0.64,217,42,348,480,32.3,Sandy Loam,Banaskantha,Kharif,Sesame
7,0.16,0.48,182,42,245,590,29.1,Sandy Loam,Amreli,Kharif,Sesame
7.24,0.38,0.37,215,24,208,557,29.1,Sandy Loam,Amreli,Kharif,Sesame
7.28,0.43,0.53,215,25,251,489,30,Sandy Loam,Surendranagar,Kharif,Sesame
6.65,0.5,0.7,205,29,289,461,29,Sandy Loam,Ahmedabad,Kharif,Sesame
7.95,0.26,0.54,205,40,340,629,30.8,Sandy Loam,Mehsana,Kharif,Sesame
7.32,0.43,0.58,209,23,312,684,30.3,Sandy Loam,Gandhinagar,Kharif,Sesame
7.84,0.18,0.48,206,30,186,657,31.3,Sandy Loam,Ahmedabad,Kharif,Sesame
6.87,0.27,0.6,147,37,183,586,30.7,Sandy Loam,Ahmedabad,Kharif,Sesame
6.81,0.42,0.68,209,25,336,668,25.8,Sandy Loam,Amreli,Kharif,Sesame
6.9,0.2,0.31,152,22,309,425,31.4,Sandy Loam,Bhavnagar,Kharif,Sesame
7.29,0.3,0.32,144,32,342,594,28.6,Sandy Loam,Kutch,Kharif,Sesame
7.01,0.35,0.34,173,42,213,502,29.7,Sandy Loam,Navsari,Kharif,Sesame
7.43,0.11,0.46,192,27,215,466,28.3,Sandy Loam,Anand,Kharif,Sesame
7.15,0.48,0.35,159,26,302,652,30.2,Sandy Loam,Vadodara,Kharif,Sesame
7.95,0.57,0.62,215,31,222,478,26.2,Sandy Loam,Gandhinagar,Kharif,Sesame
7.88,0.43,0.36,141,31,309,576,34,Sandy Loam,Bharuch,Kharif,Sesame
7.24,0.49,0.44,155,27,181,523,31.1,Sandy Loam,Amreli,Kharif,Sesame
7.98,0.38,0.62,161,38,202,553,25.6,Sandy Loam,Kutch,Kharif,Sesame
6.72,0.52,0.31,155,29,281,526,33.6,Sandy Loam,Vadodara,Kharif,Sesame
7.66,0.54,0.56,194,33,340,562,27.5,Sandy Loam,Banaskantha,Kharif,Sesame
6.67,0.48,0.63,143,30,300,456,26.1,Sandy Loam,Anand,Kharif,Sesame
6.75,0.32,0.7,161,27,261,617,33.3,Sandy Loam,Kutch,Kharif,Sesame
6.99,0.38,0.37,148,44,277,670,27.6,Sandy Loam,Bharuch,Kharif,Sesame
7.96,0.26,0.36,152,26,230,487,25,Sandy Loam,Bharuch,Kharif,Sesame
7.7,0.2,0.49,213,28,190,488,31.7,Sandy Loam,Rajkot,Kharif,Sesame
6.77,0.52,0.49,154,39,202,429,25.9,Sandy Loam,Kutch,Kharif,Sesame
7.09,0.36,0.63,208,24,208,486,29,Sandy Loam,Vadodara,Kharif,Sesame
7.49,0.33,0.62,186,25,336,527,30.8,Sandy Loam,Gandhinagar,Kharif,Sesame
7.15,0.22,0.7,145,25,224,690,26.7,Sandy Loam,Mehsana,Kharif,Sesame
6.93,0.37,0.44,151,41,202,441,28.6,Sandy Loam,Kutch,Kharif,Sesame
7.81,0.49,0.35,177,39,250,490,25.2,Sandy Loam,Gandhinagar,Kharif,Sesame
7.76,0.14,0.58,163,30,224,559,27.7,Sandy Loam,Surat,Kharif,Sesame
7.96,0.35,0.37,210,24,200,579,30.8,Sandy Loam,Ahmedabad,Kharif,Sesame
7.23,0.43,0.53,157,20,199,492,27.3,Sandy Loam,Anand,Kharif,Sesame
6.96,0.32,0.67,185,29,257,496,32.7,Sandy Loam,Rajkot,Kharif,Sesame
7.3,0.11,0.58,164,22,260,479,27.1,Sandy Loam,Kutch,Kharif,Sesame
7.47,0.5,0.5,157,33,330,588,25.9,Sandy Loam,Surendranagar,Kharif,Sesame
6.79,0.57,0.31,206,30,234,651,27.4,Sandy Loam,Mehsana,Kharif,Sesame
6.57,0.36,0.6,199,32,343,546,26.3,Sandy Loam,Kutch,Kharif,Sesame
6.79,0.39,0.53,216,23,256,638,26.6,Sandy Loam,Mehsana,Kharif,Sesame
7.77,0.41,0.35,198,27,307,673,26.5,Sandy Loam,Vadodara,Kharif,Sesame
7.11,0.46,0.62,169,26,311,416,28.8,Sandy Loam,Amreli,Kharif,Sesame
7.04,0.47,0.31,187,26,255,499,27.8,Sandy Loam,Ahmedabad,Kharif,Sesame
7.01,0.17,0.47,150,30,242,540,31.5,Sandy Loam,Gandhinagar,Kharif,Sesame
7.68,0.57,0.41,177,28,327,481,29.3,Sandy Loam,Junagadh,Kharif,Sesame
7.49,0.49,0.49,147,36,295,694,31.1,Sandy Loam,Navsari,Kharif,Sesame
7.98,0.43,0.51,186,33,297,502,29.9,Sandy Loam,Anand,Kharif,Sesame
7.15,0.47,0.69,206,37,194,412,33.9,Sandy Loam,Vadodara,Kharif,Sesame
7.59,0.41,0.68,183,26,227,456,32.9,Sandy Loam,Surat,Kharif,Sesame
7.74,0.11,0.42,156,29,269,443,34,Sandy Loam,Surendranagar,Kharif,Sesame
6.63,0.57,0.53,180,24,308,520,31.7,Sandy Loam,Vadodara,Kharif,Sesame
6.84,0.22,0.54,141,23,188,591,26.6,Sandy Loam,Amreli,Kharif,Sesame
7.16,0.26,0.41,212,42,263,665,31,Sandy Loam,Ahmedabad,Kharif,Sesame
7.2,0.25,0.64,179,40,235,606,33.7,Sandy Loam,Surendranagar,Kharif,Sesame
7.94,0.5,0.58,168,24,254,603,29.1,Sandy Loam,Gandhinagar,Kharif,Sesame
7.44,0.47,0.39,156,24,281,588,29.3,Sandy Loam,Navsari,Kharif,Sesame
6.62,0.34,0.63,203,34,299,663,27.8,Sandy Loam,Vadodara,Kharif,Sesame
7.37,0.4,0.65,179,27,277,490,25.3,Sandy Loam,Surendranagar,Kharif,Sesame
7.76,0.44,0.35,172,25,243,429,31.7,Sandy Loam,Mehsana,Kharif,Sesame
6.84,0.48,0.56,158,44,277,430,31.7,Sandy Loam,Bhavnagar,Kharif,Sesame
6.95,0.5,0.67,155,34,311,401,26.6,Sandy Loam,Anand,Kharif,Sesame
7.24,0.42,0.63,194,45,236,622,30.2,Sandy Loam,Banaskantha,Kharif,Sesame
6.68,0.32,0.48,144,20,206,634,31.6,Sandy Loam,Surat,Kharif,Sesame
7.31,0.37,0.35,151,39,301,558,25,Sandy Loam,Surat,Kharif,Sesame
6.62,0.57,0.4,168,31,326,430,25.7,Sandy Loam,Mehsana,Kharif,Sesame
6.61,0.11,0.68,220,21,269,430,34,Sandy Loam,Surendranagar,Kharif,Sesame
6.87,0.14,0.57,141,29,253,613,30.6,Sandy Loam,Bharuch,Kharif,Sesame
7.91,0.28,0.63,182,39,243,603,31.3,Sandy Loam,Vadodara,Kharif,Sesame
6.89,0.28,0.66,161,44,197,671,31.2,Sandy Loam,Mehsana,Kharif,Sesame
7.57,0.26,0.53,177,28,313,622,27.1,Sandy Loam,Rajkot,Kharif,Sesame
7.27,0.19,0.43,144,32,348,413,33.3,Sandy Loam,Surendranagar,Kharif,Sesame
7.9,0.12,0.55,204,29,263,490,33,Sandy Loam,Ahmedabad,Kharif,Sesame
6.63,0.47,0.66,208,20,224,534,32.8,Sandy Loam,Surendranagar,Kharif,Sesame
7.22,0.21,0.33,207,28,212,537,27,Sandy Loam,Bhavnagar,Kharif,Sesame
6.53,0.23,0.34,177,37,269,518,30.4,Sandy Loam,Surendranagar,Kharif,Sesame
7.26,0.14,0.45,161,28,338,523,27.5,Sandy Loam,Surendranagar,Kharif,Sesame
7.86,0.17,0.61,197,34,230,409,28.9,Sandy Loam,Vadodara,Kharif,Sesame
7.45,0.29,0.57,145,37,194,598,27.1,Sandy Loam,Amreli,Kharif,Sesame
7.57,0.37,0.64,200,34,221,592,26.6,Sandy Loam,Ahmedabad,Kharif,Sesame
6.73,0.38,0.67,204,25,251,662,30.5,Sandy Loam,Mehsana,Kharif,Sesame
6.71,0.25,0.68,186,27,293,487,27.5,Sandy Loam,Junagadh,Kharif,Sesame
7.92,0.4,0.68,216,39,285,576,26.4,Sandy Loam,Gandhinagar,Kharif,Sesame
7.93,0.34,0.57,198,22,313,668,25.8,Sandy Loam,Mehsana,Kharif,Sesame
7.56,0.46,0.36,198,38,232,585,28.6,Sandy Loam,Vadodara,Kharif,Sesame
7.39,0.31,0.69,164,28,336,608,29.2,Sandy Loam,Banaskantha,Kharif,Sesame
7.74,0.35,0.5,166,40,326,448,31,Sandy Loam,Bharuch,Kharif,Sesame
7.27,0.15,0.34,144,45,202,519,32.6,Sandy Loam,Vadodara,Kharif,Sesame
7.46,0.11,0.38,203,24,348,539,27.2,Sandy Loam,Junagadh,Kharif,Sesame
6.88,0.45,0.51,143,25,202,630,32.5,Sandy Loam,Amreli,Kharif,Sesame
6.59,0.24,0.42,156,40,215,642,28.9,Sandy Loam,Surat,Kharif,Sesame
7.36,0.16,0.37,211,27,294,566,26.1,Sandy Loam,Anand,Kharif,Sesame
7.46,0.55,0.7,205,44,295,404,32,Sandy Loam,Mehsana,Kharif,Sesame
6.99,0.27,0.38,212,35,321,644,26.4,Sandy Loam,Rajkot,Kharif,Sesame
7.41,0.49,0.66,201,43,198,604,29.8,Sandy Loam,Bhavnagar,Kharif,Sesame
7.24,0.27,0.68,155,22,312,550,31.7,Sandy Loam,Ahmedabad,Kharif,Sesame
6.75,0.32,0.4,172,39,294,447,28.7,Sandy Loam,Gandhinagar,Kharif,Sesame
7.7,0.49,0.3,196,33,345,525,33.1,Sandy Loam,Banaskantha,Kharif,Sesame
7.71,0.16,0.61,220,44,271,649,27,Sandy Loam,Navsari,Kharif,Sesame
7.04,0.19,0.33,152,26,245,507,31.6,Sandy Loam,Anand,Kharif,Sesame
7.92,0.34,0.46,202,32,277,563,33.4,Sandy Loam,Amreli,Kharif,Sesame
6.59,0.4,0.46,190,45,252,576,33.6,Sandy Loam,Gandhinagar,Kharif,Sesame
6.55,0.2,0.69,148,29,248,483,25.6,Sandy Loam,Kutch,Kharif,Sesame
6.5,0.47,0.69,220,22,281,642,27.6,Sandy Loam,Surat,Kharif,Sesame
7.07,0.14,0.39,165,36,262,662,31.8,Sandy Loam,Junagadh,Kharif,Sesame
7.15,0.27,0.69,214,40,233,666,31.6,Sandy Loam,Vadodara,Kharif,Sesame
7.88,0.17,0.61,191,25,249,625,34,Sandy Loam,Amreli,Kharif,Sesame
6.6,0.34,0.61,147,24,264,503,29.9,Sandy Loam,Kutch,Kharif,Sesame
7.14,0.54,0.67,214,35,295,451,32.6,Sandy Loam,Banaskantha,Kharif,Sesame
7.4,0.19,0.69,156,20,323,601,30.2,Sandy Loam,Anand,Kharif,Sesame
7.44,0.13,0.58,219,23,248,589,28.3,Sandy Loam,Vadodara,Kharif,Sesame
6.79,0.25,0.3,209,43,349,450,25.9,Sandy Loam,Amreli,Kharif,Sesame
6.83,0.31,0.4,196,30,241,552,26.6,Sandy Loam,Anand,Kharif,Sesame
7.42,0.14,0.65,171,42,277,673,28.1,Sandy Loam,Kutch,Kharif,Sesame
6.9,0.58,0.38,155,28,275,511,30.2,Sandy Loam,Bhavnagar,Kharif,Sesame
7.53,0.48,0.55,203,35,195,670,32.2,Sandy Loam,Anand,Kharif,Sesame
7.48,0.1,0.4,152,32,187,660,33.2,Sandy Loam,Kutch,Kharif,Sesame
7.73,0.6,0.58,211,26,193,500,29.9,Sandy Loam,Bhavnagar,Kharif,Sesame
7.13,0.45,0.34,208,23,213,435,33.6,Sandy Loam,Junagadh,Kharif,Sesame
7.23,0.3,0.4,212,21,254,692,33.2,Sandy Loam,Mehsana,Kharif,Sesame
7.84,0.19,0.39,191,23,283,400,31.6,Sandy Loam,Junagadh,Kharif,Sesame
7.98,0.19,0.52,170,32,277,681,33.4,Sandy Loam,Kutch,Kharif,Sesame
6.93,0.29,0.61,166,43,312,518,32.4,Sandy Loam,Ahmedabad,Kharif,Sesame
6.6,0.34,0.67,186,27,314,626,28.6,Sandy Loam,Kutch,Kharif,Sesame
7.12,0.24,0.39,161,30,250,650,31.1,Sandy Loam,Junagadh,Kharif,Sesame
7.33,0.11,0.55,200,32,223,492,27.6,Sandy Loam,Surendranagar,Kharif,Sesame
7.44,0.41,0.59,146,44,217,560,25.2,Sandy Loam,Surat,Kharif,Sesame
7.16,0.46,0.61,170,30,181,493,31.9,Sandy Loam,Gandhinagar,Kharif,Sesame
7.58,0.44,0.63,210,45,213,632,29.8,Sandy Loam,Ahmedabad,Kharif,Sesame
7.4,0.49,0.45,150,29,325,669,27.2,Sandy Loam,Navsari,Kharif,Sesame
7.97,0.37,0.62,206,42,344,659,31.1,Sandy Loam,Bhavnagar,Kharif,Sesame
7.63,0.59,0.5,159,38,248,592,28.3,Sandy Loam,Anand,Kharif,Sesame
7.13,0.43,0.56,157,28,331,448,33.6,Sandy Loam,Ahmedabad,Kharif,Sesame
7.35,0.11,0.45,188,44,316,444,28.9,Sandy Loam,Junagadh,Kharif,Sesame
6.62,0.23,0.53,215,42,190,459,31.4,Sandy Loam,Kutch,Kharif,Sesame
6.78,0.38,0.58,205,27,230,482,30.8,Sandy Loam,Anand,Kharif,Sesame
7.76,0.58,0.48,151,29,289,645,30.6,Sandy Loam,Surat,Kharif,Sesame
7.65,0.17,0.46,216,45,201,527,31.7,Sandy Loam,Navsari,Kharif,Sesame
7.89,0.47,0.64,184,25,311,554,32.8,Sandy Loam,Surat,Kharif,Sesame
7.77,0.19,0.65,161,22,303,429,31,Sandy Loam,Gandhinagar,Kharif,Sesame
7.92,0.33,0.52,174,35,324,538,25.6,Sandy Loam,Navsari,Kharif,Sesame
6.69,0.53,0.48,197,21,274,520,26.3,Sandy Loam,Ahmedabad,Kharif,Sesame
7.2,0.13,0.47,189,42,207,678,25.9,Sandy Loam,Gandhinagar,Kharif,Sesame
7.84,0.52,0.35,151,28,296,440,25.9,Sandy Loam,Amreli,Kharif,Sesame
7.11,0.3,0.38,143,32,292,631,31.9,Sandy Loam,Surendranagar,Kharif,Sesame
6.93,0.34,0.43,194,36,215,567,32.7,Sandy Loam,Amreli,Kharif,Sesame
7.2,0.52,0.65,155,37,265,560,25.7,Sandy Loam,Gandhinagar,Kharif,Sesame
6.56,0.13,0.52,209,28,271,620,27.6,Sandy Loam,Surat,Kharif,Sesame
7.05,0.32,0.47,149,31,286,545,32.9,Sandy Loam,Mehsana,Kharif,Sesame
7.24,0.26,0.36,163,31,228,674,28.5,Sandy Loam,Kutch,Kharif,Sesame
7.3,0.58,0.61,155,28,238,426,30.6,Sandy Loam,Bhavnagar,Kharif,Sesame
6.76,0.59,0.5,210,26,289,461,26.2,Sandy Loam,Bharuch,Kharif,Sesame
6.65,0.22,0.5,211,37,305,478,27.3,Sandy Loam,Bharuch,Kharif,Sesame
7.54,0.12,0.36,170,24,245,403,32.9,Sandy Loam,Bhavnagar,Kharif,Sesame
7.67,0.39,0.34,208,21,318,436,30.8,Sandy Loam,Surat,Kharif,Sesame
7.97,0.58,0.69,159,28,340,435,33.1,Sandy Loam,Amreli,Kharif,Sesame
7.91,0.43,0.47,180,28,323,673,28.1,Sandy Loam,Rajkot,Kharif,Sesame
6.5,0.16,0.6,154,45,236,503,27.4,Sandy Loam,Gandhinagar,Kharif,Sesame
7.26,0.23,0.37,190,27,224,651,27.8,Sandy Loam,Surendranagar,Kharif,Sesame
7.9,0.36,0.43,170,30,349,575,33,Sandy Loam,Mehsana,Kharif,Sesame
7.66,0.42,0.59,214,33,242,481,33.1,Sandy Loam,Ahmedabad,Kharif,Sesame
7.79,0.19,0.69,173,40,219,479,27.5,Sandy Loam,Anand,Kharif,Sesame
7.82,0.32,0.44,216,42,288,647,29.2,Sandy Loam,Ahmedabad,Kharif,Sesame
7.93,0.17,0.35,140,24,304,516,31.7,Sandy Loam,Junagadh,Kharif,Sesame
7.16,0.45,0.32,177,35,274,609,29.3,Sandy Loam,Surendranagar,Kharif,Sesame
7.55,0.54,0.49,163,44,197,534,29.3,Sandy Loam,Bharuch,Kharif,Sesame
7.04,0.26,0.31,150,40,249,683,30.7,Sandy Loam,Surat,Kharif,Sesame
7.7,0.43,0.61,212,27,211,673,27.4,Sandy Loam,Kutch,Kharif,Sesame
7.54,0.26,0.38,197,21,289,653,32.1,Sandy Loam,Ahmedabad,Kharif,Sesame
7.23,0.57,0.65,190,38,289,666,33.1,Sandy Loam,Banaskantha,Kharif,Sesame
7.42,0.48,0.35,206,32,241,426,29.8,Sandy Loam,Bharuch,Kharif,Sesame
7.74,0.58,0.56,144,20,269,536,27,Sandy Loam,Anand,Kharif,Sesame
7.73,0.32,0.67,174,21,247,688,26.3,Sandy Loam,Navsari,Kharif,Sesame
6.57,0.56,0.62,195,33,287,410,32,Sandy Loam,Navsari,Kharif,Sesame
6.57,0.29,0.45,199,36,321,617,28.7,Sandy Loam,Junagadh,Kharif,Sesame
6.81,0.15,0.64,200,31,315,634,29.5,Sandy Loam,Gandhinagar,Kharif,Sesame
7.08,0.32,0.44,170,23,232,447,26.3,Sandy Loam,Mehsana,Kharif,Sesame
7.04,0.27,0.53,173,36,350,511,30.3,Sandy Loam,Rajkot,Kharif,Sesame
7.81,0.16,0.38,185,30,249,517,27.6,Sandy Loam,Navsari,Kharif,Sesame
7.82,0.44,0.46,163,30,272,683,25.5,Sandy Loam,Bharuch,Kharif,Sesame
7.24,0.45,0.46,202,35,218,680,29.8,Sandy Loam,Bharuch,Kharif,Sesame
6.84,0.11,0.34,149,20,231,581,33.8,Sandy Loam,Mehsana,Kharif,Sesame
7.91,0.57,0.55,218,30,214,565,29.5,Sandy Loam,Junagadh,Kharif,Sesame
7.87,0.53,0.47,150,36,190,416,30.2,Sandy Loam,Surat,Kharif,Sesame
6.8,0.14,0.46,184,39,237,631,27,Sandy Loam,Junagadh,Kharif,Sesame
6.64,0.55,0.51,141,32,204,571,29.5,Sandy Loam,Surat,Kharif,Sesame
6.51,0.4,0.63,175,23,322,480,27.1,Sandy Loam,Amreli,Kharif,Sesame
6.76,0.25,0.33,181,42,210,563,25.8,Sandy Loam,Mehsana,Kharif,Sesame
7.8,0.24,0.6,185,39,313,625,31.5,Sandy Loam,Banaskantha,Kharif,Sesame
7.96,0.56,0.55,217,45,187,464,26.1,Sandy Loam,Mehsana,Kharif,Sesame
7.13,0.3,0.66,153,43,319,519,30.1,Sandy Loam,Bharuch,Kharif,Sesame
6.98,0.47,0.68,152,24,328,404,27.5,Sandy Loam,Junagadh,Kharif,Sesame
7.28,0.19,0.41,153,39,315,462,28.8,Sandy Loam,Navsari,Kharif,Sesame
6.85,0.42,0.38,217,21,188,416,28.6,Sandy Loam,Anand,Kharif,Sesame
7.6,0.4,0.4,141,40,251,427,28.5,Sandy Loam,Rajkot,Kharif,Sesame
6.92,0.51,0.5,142,21,336,453,28.7,Sandy Loam,Rajkot,Kharif,Sesame
7.79,0.46,0.61,180,37,271,508,33,Sandy Loam,Anand,Kharif,Sesame
7.99,0.33,0.46,149,45,327,549,28.1,Sandy Loam,Anand,Kharif,Sesame
7.47,0.2,0.47,153,39,182,497,33.5,Sandy Loam,Bhavnagar,Kharif,Sesame
7.08,0.27,0.39,177,28,210,466,28.9,Sandy Loam,Kutch,Kharif,Sesame
7.66,0.31,0.39,220,44,286,504,27.4,Sandy Loam,Anand,Kharif,Sesame
6.75,0.57,0.38,187,40,233,570,32.1,Sandy Loam,Gandhinagar,Kharif,Sesame
7.55,0.23,0.51,144,35,288,602,28.7,Sandy Loam,Surendranagar,Kharif,Sesame
7.83,0.54,0.6,180,29,270,693,26.5,Sandy Loam,Navsari,Kharif,Sesame
6.93,0.27,0.65,197,33,256,485,33.5,Sandy Loam,Amreli,Kharif,Sesame
7.22,0.38,0.51,209,45,301,614,25.7,Sandy Loam,Kutch,Kharif,Sesame
7.88,0.41,0.63,158,35,190,614,30.4,Sandy Loam,Surendranagar,Kharif,Sesame
7.33,0.43,0.68,151,43,337,636,26.4,Sandy Loam,Mehsana,Kharif,Sesame
7.89,0.18,0.62,206,25,192,606,27.6,Sandy Loam,Surendranagar,Kharif,Sesame
7.64,0.16,0.66,220,26,284,664,28.2,Sandy Loam,Junagadh,Kharif,Sesame
7.59,0.27,0.6,141,28,242,510,31.8,Sandy Loam,Kutch,Kharif,Sesame
7.97,0.32,0.53,200,30,181,552,27.7,Sandy Loam,Kutch,Kharif,Sesame
7.53,0.45,0.5,163,21,299,662,25.4,Sandy Loam,Mehsana,Kharif,Sesame
7.93,0.45,0.6,212,37,191,696,32,Sandy Loam,Surat,Kharif,Sesame
7.22,0.25,0.59,189,39,233,413,27.6,Sandy Loam,Anand,Kharif,Sesame
6.61,0.46,0.51,167,35,320,558,30.4,Sandy Loam,Junagadh,Kharif,Sesame
6.59,0.29,0.67,157,31,198,671,29.6,Sandy Loam,Bharuch,Kharif,Sesame
7.52,0.28,0.5,205,37,247,516,30.2,Sandy Loam,Kutch,Kharif,Sesame
7.64,0.11,0.59,217,23,316,440,27.6,Sandy Loam,Vadodara,Kharif,Sesame
7.96,0.52,0.37,185,24,315,645,30.2,Sandy Loam,Surendranagar,Kharif,Sesame
6.98,0.41,0.39,197,43,293,649,33.7,Sandy Loam,Junagadh,Kharif,Sesame
7.3,0.38,0.4,187,34,267,538,25.9,Sandy Loam,Surat,Kharif,Sesame
6.65,0.57,0.54,189,24,199,504,30.2,Sandy Loam,Mehsana,Kharif,Sesame
7.85,0.3,0.33,156,40,244,508,26.3,Sandy Loam,Surendranagar,Kharif,Sesame
7.91,0.42,0.36,179,20,288,550,28,Sandy Loam,Mehsana,Kharif,Sesame
6.96,0.28,0.69,197,43,335,534,26,Sandy Loam,Surat,Kharif,Sesame
7,0.32,0.51,163,36,274,505,27.1,Sandy Loam,Surat,Kharif,Sesame
7.65,0.55,0.34,218,31,211,480,25.9,Sandy Loam,Navsari,Kharif,Sesame
7.71,0.56,0.55,196,37,348,648,25.4,Sandy Loam,Navsari,Kharif,Sesame
7.67,0.29,0.7,147,39,182,594,26,Sandy Loam,Surat,Kharif,Sesame
6.98,0.48,0.57,171,22,186,675,26.4,Sandy Loam,Kutch,Kharif,Sesame
7.81,0.15,0.65,141,36,227,551,31.1,Sandy Loam,Kutch,Kharif,Sesame
6.63,0.15,0.33,167,31,265,576,29.4,Sandy Loam,Rajkot,Kharif,Sesame
6.92,0.51,0.61,198,29,302,523,28.1,Sandy Loam,Mehsana,Kharif,Sesame
7.47,0.26,0.45,149,32,237,555,33,Sandy Loam,Gandhinagar,Kharif,Sesame
7.19,0.38,0.39,150,44,201,693,29,Sandy Loam,Gandhinagar,Kharif,Sesame
7.82,0.28,0.32,177,30,231,638,32.5,Sandy Loam,Navsari,Kharif,Sesame
7.86,0.58,0.65,203,23,234,438,27.3,Sandy Loam,Surendranagar,Kharif,Sesame
7.37,0.38,0.64,150,38,349,465,29.7,Sandy Loam,Surendranagar,Kharif,Sesame
7.52,0.56,0.55,169,21,293,589,25.4,Sandy Loam,Vadodara,Kharif,Sesame
7.2,0.13,0.53,196,29,211,534,32.7,Sandy Loam,Navsari,Kharif,Sesame
7.84,0.12,0.57,152,41,265,582,31.8,Sandy Loam,Rajkot,Kharif,Sesame
7.79,0.29,0.66,149,39,293,563,32.3,Sandy Loam,Navsari,Kharif,Sesame
6.88,0.53,0.51,210,38,257,530,33.4,Sandy Loam,Bharuch,Kharif,Sesame
7.76,0.18,0.33,142,36,325,649,33,Sandy Loam,Bhavnagar,Kharif,Sesame
7.94,0.26,0.69,145,36,256,687,31.2,Sandy Loam,Surendranagar,Kharif,Sesame
7.7,0.45,0.56,182,23,335,406,27.5,Sandy Loam,Rajkot,Kharif,Sesame
7.27,0.45,0.39,206,31,340,597,26.6,Sandy Loam,Surat,Kharif,Sesame
7.42,0.19,0.33,185,22,241,545,31,Sandy Loam,Gandhinagar,Kharif,Sesame
6.91,0.43,0.48,166,40,290,532,25.7,Sandy Loam,Bhavnagar,Kharif,Sesame
7.84,0.54,0.6,174,23,313,574,25.2,Sandy Loam,Kutch,Kharif,Sesame
7.57,0.24,0.49,200,26,332,643,30.7,Sandy Loam,Vadodara,Kharif,Sesame
6.65,0.39,0.68,185,44,215,585,26.3,Sandy Loam,Anand,Kharif,Sesame
6.94,0.33,0.69,175,44,277,568,29.1,Sandy Loam,Surat,Kharif,Sesame
7.8,0.53,0.48,198,40,197,584,32.2,Sandy Loam,Amreli,Kharif,Sesame
7.35,0.22,0.46,208,45,326,684,32,Sandy Loam,Junagadh,Kharif,Sesame
7.4,0.19,0.37,194,26,275,560,31.8,Sandy Loam,Amreli,Kharif,Sesame
7.67,0.52,0.5,210,36,307,407,33.1,Sandy Loam,Amreli,Kharif,Sesame
6.6,0.54,0.68,172,45,285,559,25.9,Sandy Loam,Bharuch,Kharif,Sesame
6.67,0.29,0.55,174,30,325,559,29.6,Sandy Loam,Gandhinagar,Kharif,Sesame
6.91,0.21,0.53,155,42,255,581,27.3,Sandy Loam,Amreli,Kharif,Sesame
7.96,0.39,0.41,172,35,282,478,30.3,Sandy Loam,Rajkot,Kharif,Sesame
7.85,0.48,0.48,170,39,280,422,33.2,Sandy Loam,Anand,Kharif,Sesame
7.28,0.16,0.47,159,42,213,542,25.7,Sandy Loam,Vadodara,Kharif,Sesame
7.11,0.34,0.68,194,37,183,567,28.9,Sandy Loam,Ahmedabad,Kharif,Sesame
6.75,0.33,0.66,193,25,289,475,26.9,Sandy Loam,Bhavnagar,Kharif,Sesame
7.65,0.13,0.42,193,43,303,592,32.5,Sandy Loam,Bhavnagar,Kharif,Sesame
7.67,0.51,0.53,208,37,331,410,32.1,Sandy Loam,Bhavnagar,Kharif,Sesame
7.47,0.36,0.41,187,23,274,593,30.3,Sandy Loam,Surat,Kharif,Sesame
7.77,0.18,0.33,176,38,272,540,26.8,Sandy Loam,Banaskantha,Kharif,Sesame
7.35,0.19,0.43,193,23,259,542,27,Sandy Loam,Vadodara,Kharif,Sesame
6.61,0.26,0.5,182,44,226,629,29.3,Sandy Loam,Bharuch,Kharif,Sesame
6.94,0.52,0.64,192,33,270,428,27.6,Sandy Loam,Anand,Kharif,Sesame
7.92,0.47,0.68,205,25,315,491,27.1,Sandy Loam,Ahmedabad,Kharif,Sesame
7.3,0.37,0.46,150,31,220,648,25.9,Sandy Loam,Gandhinagar,Kharif,Sesame
7.12,0.24,0.69,161,45,189,498,28,Sandy Loam,Junagadh,Kharif,Sesame
7.35,0.24,0.45,202,37,328,589,32.2,Sandy Loam,Junagadh,Kharif,Sesame
6.88,0.53,0.49,192,24,284,468,28.3,Sandy Loam,Ahmedabad,Kharif,Sesame
6.68,0.29,0.52,212,32,323,685,32.2,Sandy Loam,Mehsana,Kharif,Sesame
6.6,0.35,0.64,202,40,281,678,26.4,Sandy Loam,Vadodara,Kharif,Sesame
7.09,0.52,0.5,188,37,185,480,26.5,Sandy Loam,Surat,Kharif,Sesame
6.92,0.54,0.67,175,41,209,441,30.9,Sandy Loam,Surat,Kharif,Sesame
6.62,0.35,0.47,189,20,204,666,27.1,Sandy Loam,Bharuch,Kharif,Sesame
7.34,0.58,0.61,198,20,317,646,25.6,Sandy Loam,Vadodara,Kharif,Sesame
6.51,0.3,0.66,211,20,252,602,32.5,Sandy Loam,Anand,Kharif,Sesame
7.84,0.57,0.7,180,25,277,623,28.9,Sandy Loam,Bhavnagar,Kharif,Sesame
6.6,0.54,0.68,198,20,332,435,30.6,Sandy Loam,Anand,Kharif,Sesame
7.41,0.48,0.44,149,34,248,507,33.3,Sandy Loam,Bharuch,Kharif,Sesame
7.29,0.12,0.58,141,38,264,604,32,Sandy Loam,Bharuch,Kharif,Sesame
6.89,0.27,0.36,160,45,202,652,32.5,Sandy Loam,Anand,Kharif,Sesame
6.63,0.14,0.68,192,23,305,585,30.1,Sandy Loam,Anand,Kharif,Sesame
6.63,0.2,0.59,165,42,348,696,33.1,Sandy Loam,Rajkot,Kharif,Sesame
7.46,0.56,0.45,146,26,334,518,26.3,Sandy Loam,Gandhinagar,Kharif,Sesame
7.54,0.29,0.33,158,23,245,568,27.6,Sandy Loam,Ahmedabad,Kharif,Sesame
7.95,0.4,0.46,185,31,217,420,29.8,Sandy Loam,Junagadh,Kharif,Sesame
7.17,0.32,0.62,157,22,294,415,25.1,Sandy Loam,Rajkot,Kharif,Sesame
7.69,0.49,0.64,175,34,268,630,33.3,Sandy Loam,Amreli,Kharif,Sesame
6.59,0.53,0.56,207,23,343,609,27.1,Sandy Loam,Junagadh,Kharif,Sesame
6.76,0.39,0.46,210,33,321,619,25.5,Sandy Loam,Anand,Kharif,Sesame
6.91,0.46,0.64,217,41,333,700,33.6,Sandy Loam,Vadodara,Kharif,Sesame
7.76,0.33,0.63,195,23,323,591,25.9,Sandy Loam,Amreli,Kharif,Sesame
6.57,0.21,0.56,205,36,203,562,29.8,Sandy Loam,Rajkot,Kharif,Sesame
7.94,0.37,0.52,189,44,262,472,31.6,Sandy Loam,Gandhinagar,Kharif,Sesame
7.04,0.55,0.47,144,34,320,487,26.8,Sandy Loam,Navsari,Kharif,Sesame
7.58,0.51,0.57,172,36,302,508,27.5,Sandy Loam,Anand,Kharif,Sesame
7.81,0.33,0.33,218,42,314,574,29.1,Sandy Loam,Anand,Kharif,Sesame
7.38,0.23,0.38,165,22,274,491,25.1,Sandy Loam,Vadodara,Kharif,Sesame
7.8,0.35,0.56,156,38,321,471,28,Sandy Loam,Bhavnagar,Kharif,Sesame
7.81,0.18,0.33,190,34,346,495,31.7,Sandy Loam,Banaskantha,Kharif,Sesame
7.92,0.49,0.61,175,22,181,425,25.6,Sandy Loam,Bhavnagar,Kharif,Sesame
6.9,0.57,0.68,147,41,304,519,32.7,Sandy Loam,Mehsana,Kharif,Sesame
6.83,0.34,0.31,208,39,181,573,33.1,Sandy Loam,Gandhinagar,Kharif,Sesame
7.44,0.39,0.51,148,39,281,583,26.4,Sandy Loam,Navsari,Kharif,Sesame
7,0.56,0.45,218,35,299,623,29.9,Sandy Loam,Banaskantha,Kharif,Sesame
7.8,0.39,0.32,158,43,236,669,27.7,Sandy Loam,Banaskantha,Kharif,Sesame
6.99,0.11,0.3,186,42,345,691,31.6,Sandy Loam,Banaskantha,Kharif,Sesame
7.71,0.44,0.41,215,36,326,507,26.6,Sandy Loam,Surendranagar,Kharif,Sesame
7.4,0.55,0.54,194,44,262,567,27.8,Sandy Loam,Ahmedabad,Kharif,Sesame
7.13,0.3,0.4,165,34,295,437,34,Sandy Loam,Bhavnagar,Kharif,Sesame
7.63,0.39,0.39,145,26,315,644,26.3,Sandy Loam,Amreli,Kharif,Sesame
7.62,0.33,0.51,161,39,232,438,32.2,Sandy Loam,Navsari,Kharif,Sesame
7.34,0.32,0.59,217,29,299,599,30.4,Sandy Loam,Anand,Kharif,Sesame
6.71,0.47,0.37,146,29,252,415,30.6,Sandy Loam,Kutch,Kharif,Sesame
6.72,0.42,0.51,169,38,188,690,30.1,Sandy Loam,Amreli,Kharif,Sesame
7.01,0.22,0.45,171,29,321,545,29,Sandy Loam,Amreli,Kharif,Sesame
6.89,0.39,0.49,209,35,340,490,28.9,Sandy Loam,Ahmedabad,Kharif,Sesame
6.97,0.53,0.63,141,31,214,665,27.5,Sandy Loam,Navsari,Kharif,Sesame
7.84,0.22,0.63,159,28,287,535,31.8,Sandy Loam,Amreli,Kharif,Sesame
6.56,0.41,0.52,185,27,243,452,30.9,Sandy Loam,Navsari,Kharif,Sesame
7.97,0.49,0.51,163,40,288,487,27.9,Sandy Loam,Bharuch,Kharif,Sesame
7.01,0.55,0.57,208,44,340,570,32.8,Sandy Loam,Navsari,Kharif,Sesame
7.41,0.33,0.57,219,30,302,601,29.4,Sandy Loam,Amreli,Kharif,Sesame
7.65,0.49,0.41,149,23,253,499,26.6,Sandy Loam,Vadodara,Kharif,Sesame
7.6,0.24,0.51,168,35,222,453,29.4,Sandy Loam,Mehsana,Kharif,Sesame
6.97,0.14,0.44,146,31,282,685,31.6,Sandy Loam,Mehsana,Kharif,Sesame
7.94,0.3,0.59,146,35,244,673,28,Sandy Loam,Banaskantha,Kharif,Sesame
7.26,0.33,0.45,176,24,220,677,27.2,Sandy Loam,Navsari,Kharif,Sesame
7.23,0.19,0.63,220,41,185,672,25.8,Sandy Loam,Gandhinagar,Kharif,Sesame
7.77,0.43,0.61,187,36,324,514,30.3,Sandy Loam,Amreli,Kharif,Sesame
7.02,0.29,0.61,197,29,206,443,31.1,Sandy Loam,Rajkot,Kharif,Sesame
6.87,0.26,0.67,153,32,301,503,29,Sandy Loam,Ahmedabad,Kharif,Sesame
7.81,0.19,0.55,161,21,224,448,28,Sandy Loam,Amreli,Kharif,Sesame
6.86,0.41,0.39,174,41,293,569,29.9,Sandy Loam,Gandhinagar,Kharif,Sesame
6.92,0.16,0.5,209,20,277,464,31.7,Sandy Loam,Banaskantha,Kharif,Sesame
7.69,0.18,0.43,186,37,339,572,31.6,Sandy Loam,Amreli,Kharif,Sesame
7.79,0.21,0.4,153,42,244,482,27.7,Sandy Loam,Surat,Kharif,Sesame
7.22,0.12,0.63,218,32,249,446,26.5,Sandy Loam,Ahmedabad,Kharif,Sesame
7.68,0.37,0.62,216,22,211,454,32,Sandy Loam,Banaskantha,Kharif,Sesame
7.17,0.51,0.65,194,39,249,458,32.9,Sandy Loam,Gandhinagar,Kharif,Sesame
7.53,0.2,0.4,194,32,184,519,29.7,Sandy Loam,Rajkot,Kharif,Sesame
6.85,0.15,0.34,201,22,315,428,27.1,Sandy Loam,Bharuch,Kharif,Sesame
6.61,0.46,0.48,159,23,326,422,27,Sandy Loam,Bhavnagar,Kharif,Sesame
7.28,0.35,0.55,201,22,311,560,28.5,Sandy Loam,Surendranagar,Kharif,Sesame
7.57,0.16,0.51,219,43,314,434,28.3,Sandy Loam,Amreli,Kharif,Sesame
6.55,0.15,0.58,169,44,272,582,29.6,Sandy Loam,Surendranagar,Kharif,Sesame
7.72,0.32,0.65,160,36,308,457,28.7,Sandy Loam,Junagadh,Kharif,Sesame
6.88,0.59,0.4,192,30,185,676,31.3,Sandy Loam,Banaskantha,Kharif,Sesame
6.51,0.15,0.35,193,20,334,431,30.2,Sandy Loam,Ahmedabad,Kharif,Sesame
7.08,0.29,0.44,147,37,273,607,32.9,Sandy Loam,Vadodara,Kharif,Sesame
7.94,0.27,0.51,151,41,193,418,27.4,Sandy Loam,Ahmedabad,Kharif,Sesame
6.97,0.28,0.66,200,39,304,482,29.4,Sandy Loam,Bharuch,Kharif,Sesame
7.03,0.52,0.41,140,24,229,546,28.1,Sandy Loam,Gandhinagar,Kharif,Sesame
6.91,0.5,0.57,194,25,350,453,28.7,Sandy Loam,Mehsana,Kharif,Sesame
6.98,0.28,0.6,193,20,264,658,29.3,Sandy Loam,Gandhinagar,Kharif,Sesame
7.08,0.53,0.3,217,32,250,417,33.3,Sandy Loam,Rajkot,Kharif,Sesame
7.26,0.59,0.45,208,44,347,419,28.6,Sandy Loam,Banaskantha,Kharif,Sesame
7.74,0.51,0.53,169,22,316,668,29.4,Sandy Loam,Kutch,Kharif,Sesame
7.3,0.34,0.68,205,40,225,497,33,Sandy Loam,Banaskantha,Kharif,Sesame
7.16,0.46,0.62,187,36,279,431,28,Sandy Loam,Vadodara,Kharif,Sesame
7.97,0.35,0.42,198,38,345,453,26.4,Sandy Loam,Rajkot,Kharif,Sesame
7,0.27,0.5,214,23,272,676,31.2,Sandy Loam,Banaskantha,Kharif,Sesame
6.59,0.17,0.54,152,43,195,531,25.9,Sandy Loam,Bharuch,Kharif,Sesame
7.78,0.4,0.54,161,38,230,601,33.4,Sandy Loam,Mehsana,Kharif,Sesame
6.95,0.51,0.31,177,20,328,503,32.5,Sandy Loam,Surat,Kharif,Sesame
7.96,0.51,0.45,211,43,182,660,26.6,Sandy Loam,Surendranagar,Kharif,Sesame
6.77,0.2,0.52,191,44,264,606,28.8,Sandy Loam,Kutch,Kharif,Sesame
7.3,0.47,0.32,188,26,277,572,29.7,Sandy Loam,Junagadh,Kharif,Sesame
7.46,0.23,0.56,151,33,322,582,30,Sandy Loam,Rajkot,Kharif,Sesame
7.91,0.27,0.66,154,22,290,500,30.6,Sandy Loam,Rajkot,Kharif,Sesame
7.35,0.22,0.6,146,41,349,659,28.6,Sandy Loam,Banaskantha,Kharif,Sesame
7.22,0.32,0.32,163,31,347,462,30.1,Sandy Loam,Amreli,Kharif,Sesame
7.38,0.22,0.47,217,31,287,551,31.3,Sandy Loam,Navsari,Kharif,Sesame
7.73,0.57,0.42,153,36,305,511,28.6,Sandy Loam,Anand,Kharif,Sesame
7.06,0.59,0.44,176,27,254,572,30.3,Sandy Loam,Amreli,Kharif,Sesame
7.85,0.53,0.4,211,24,194,488,27.5,Sandy Loam,Surat,Kharif,Sesame
7.25,0.22,0.51,163,37,341,639,31.1,Sandy Loam,Surat,Kharif,Sesame
7.48,0.23,0.34,170,44,292,437,29.2,Sandy Loam,Vadodara,Kharif,Sesame
7.28,0.53,0.52,162,37,263,642,33.7,Sandy Loam,Surat,Kharif,Sesame
6.64,0.16,0.41,208,38,282,434,25.5,Sandy Loam,Bhavnagar,Kharif,Sesame
7.14,0.11,0.6,176,42,228,521,30.2,Sandy Loam,Banaskantha,Kharif,Sesame
6.51,0.27,0.42,170,43,237,449,28.3,Sandy Loam,Junagadh,Kharif,Sesame
6.9,0.16,0.51,182,39,243,509,31.9,Sandy Loam,Mehsana,Kharif,Sesame
7.26,0.47,0.39,154,41,207,610,31.7,Sandy Loam,Navsari,Kharif,Sesame
6.63,0.54,0.5,150,41,243,575,31.5,Sandy Loam,Kutch,Kharif,Sesame
7.14,0.22,0.33,154,38,292,487,31.5,Sandy Loam,Mehsana,Kharif,Sesame
6.87,0.52,0.58,144,36,317,638,27.7,Sandy Loam,Vadodara,Kharif,Sesame
6.62,0.59,0.48,194,26,312,573,33.5,Sandy Loam,Bharuch,Kharif,Sesame
7.18,0.45,0.61,191,34,328,576,32.7,Sandy Loam,Vadodara,Kharif,Sesame
7.9,0.56,0.52,145,40,266,511,26.8,Sandy Loam,Vadodara,Kharif,Sesame
7.24,0.4,0.49,179,44,319,678,29.4,Sandy Loam,Banaskantha,Kharif,Sesame
7.17,0.12,0.37,145,25,257,543,32.1,Sandy Loam,Amreli,Kharif,Sesame
7.57,0.46,0.5,144,42,213,537,25.3,Sandy Loam,Kutch,Kharif,Sesame
7.96,0.53,0.49,208,35,309,566,30.3,Sandy Loam,Surendranagar,Kharif,Sesame
7.82,0.6,0.59,189,37,291,652,31.9,Sandy Loam,Navsari,Kharif,Sesame
7.9,0.14,0.47,190,37,183,445,28.3,Sandy Loam,Rajkot,Kharif,Sesame
6.5,0.14,0.34,174,41,218,584,30.7,Sandy Loam,Navsari,Kharif,Sesame
6.53,0.52,0.49,182,36,324,469,25.6,Sandy Loam,Kutch,Kharif,Sesame
7.21,0.39,0.36,153,29,280,477,32.3,Sandy Loam,Anand,Kharif,Sesame
7.01,0.42,0.54,196,35,284,615,27.8,Sandy Loam,Junagadh,Kharif,Sesame
7.17,0.12,0.68,159,30,317,589,32.2,Sandy Loam,Surendranagar,Kharif,Sesame
7.95,0.46,0.36,180,40,337,648,25.9,Sandy Loam,Vadodara,Kharif,Sesame
7.2,0.28,0.32,179,36,280,681,25.5,Sandy Loam,Anand,Kharif,Sesame
7.63,0.27,0.54,177,24,207,597,31.2,Sandy Loam,Rajkot,Kharif,Sesame
7.18,0.57,0.48,217,34,305,442,33.3,Sandy Loam,Banaskantha,Kharif,Sesame
7.91,0.55,0.31,143,32,210,633,29.5,Sandy Loam,Navsari,Kharif,Sesame
6.88,0.54,0.33,201,44,189,512,25.6,Sandy Loam,Bhavnagar,Kharif,Sesame
7.58,0.34,0.69,171,39,199,454,28,Sandy Loam,Surat,Kharif,Sesame
7.79,0.12,0.39,148,27,251,683,29.3,Sandy Loam,Amreli,Kharif,Sesame
8,0.58,0.41,214,39,235,567,26.3,Sandy Loam,Navsari,Kharif,Sesame
6.84,0.36,0.41,154,20,258,686,29.7,Sandy Loam,Navsari,Kharif,Sesame
6.9,0.35,0.34,162,34,288,518,29,Sandy Loam,Amreli,Kharif,Sesame
7.83,0.48,0.69,180,20,342,552,26.2,Sandy Loam,Navsari,Kharif,Sesame
7.03,0.58,0.68,212,38,340,698,25.8,Sandy Loam,Junagadh,Kharif,Sesame
7.67,0.23,0.31,164,36,319,613,33.2,Sandy Loam,Gandhinagar,Kharif,Sesame
6.98,0.27,0.5,183,45,276,456,27.3,Sandy Loam,Bharuch,Kharif,Sesame
6.99,0.42,0.36,231,30,225,336,25.9,Loam,Vadodara,Rabi,Mustard
7.34,0.57,0.7,240,39,357,453,20,Loam,Rajkot,Rabi,Mustard
6.74,0.1,0.57,247,36,314,369,20.5,Loam,Surendranagar,Rabi,Mustard
7.33,0.59,0.57,190,35,381,363,16.5,Loam,Navsari,Rabi,Mustard
7.03,0.52,0.35,193,33,234,494,17.6,Loam,Kutch,Rabi,Mustard
7.4,0.27,0.58,251,44,279,500,25.8,Loam,Navsari,Rabi,Mustard
6.61,0.32,0.62,199,53,222,340,16.4,Loam,Vadodara,Rabi,Mustard
7.16,0.24,0.49,228,34,332,276,18,Loam,Bhavnagar,Rabi,Mustard
6.92,0.15,0.64,203,42,308,312,20.5,Loam,Surendranagar,Rabi,Mustard
7.35,0.32,0.48,211,44,312,296,18.4,Loam,Vadodara,Rabi,Mustard
7.7,0.52,0.44,258,51,267,260,21.1,Loam,Bhavnagar,Rabi,Mustard
6.99,0.16,0.43,218,39,275,422,20.3,Loam,Bharuch,Rabi,Mustard
6.99,0.18,0.5,206,50,377,332,20.4,Loam,Surendranagar,Rabi,Mustard
6.62,0.43,0.67,241,54,233,320,23.4,Loam,Vadodara,Rabi,Mustard
6.65,0.15,0.61,208,46,285,497,18.2,Loam,Ahmedabad,Rabi,Mustard
6.61,0.51,0.42,245,52,381,389,21.5,Loam,Gandhinagar,Rabi,Mustard
7.88,0.43,0.46,201,50,372,366,24.3,Loam,Bharuch,Rabi,Mustard
7.89,0.14,0.38,193,48,305,466,16.3,Loam,Mehsana,Rabi,Mustard
7,0.38,0.56,185,47,259,275,16.1,Loam,Kutch,Rabi,Mustard
6.56,0.56,0.69,243,48,361,487,16.4,Loam,Navsari,Rabi,Mustard
7,0.22,0.51,210,44,262,439,25.6,Loam,Junagadh,Rabi,Mustard
6.56,0.21,0.36,207,37,362,346,25.1,Loam,Ahmedabad,Rabi,Mustard
6.58,0.18,0.51,214,51,259,429,24,Loam,Mehsana,Rabi,Mustard
7.84,0.43,0.59,236,32,234,444,19.6,Loam,Anand,Rabi,Mustard
7.49,0.45,0.54,209,35,310,430,19.2,Loam,Rajkot,Rabi,Mustard
6.81,0.44,0.43,186,46,283,307,22.2,Loam,Surat,Rabi,Mustard
7.9,0.32,0.41,212,34,284,252,24.1,Loam,Anand,Rabi,Mustard
7.23,0.5,0.48,192,39,396,317,25.7,Loam,Mehsana,Rabi,Mustard
6.8,0.21,0.65,231,45,230,364,20.3,Loam,Kutch,Rabi,Mustard
7.81,0.58,0.59,224,55,324,254,19.4,Loam,Kutch,Rabi,Mustard
6.97,0.38,0.45,236,54,398,277,16.2,Loam,Gandhinagar,Rabi,Mustard
7.01,0.35,0.56,232,47,343,422,21,Loam,Rajkot,Rabi,Mustard
7.15,0.41,0.39,219,55,358,299,23.4,Loam,Anand,Rabi,Mustard
7.07,0.2,0.49,240,42,275,262,20.5,Loam,Amreli,Rabi,Mustard
7.2,0.49,0.64,207,33,362,471,17.8,Loam,Anand,Rabi,Mustard
7.65,0.14,0.43,251,42,235,364,21.7,Loam,Navsari,Rabi,Mustard
7.94,0.59,0.66,197,35,262,284,19.3,Loam,Ahmedabad,Rabi,Mustard
7.85,0.43,0.44,231,51,270,443,25.6,Loam,Ahmedabad,Rabi,Mustard
7.12,0.15,0.52,252,42,270,497,18,Loam,Bharuch,Rabi,Mustard
6.93,0.15,0.62,259,47,286,458,18.7,Loam,Gandhinagar,Rabi,Mustard
7.53,0.23,0.58,219,44,247,478,23.2,Loam,Gandhinagar,Rabi,Mustard
7.06,0.29,0.58,245,41,383,359,19.1,Loam,Bharuch,Rabi,Mustard
7.97,0.11,0.63,244,49,233,390,16.8,Loam,Junagadh,Rabi,Mustard
7.5,0.47,0.37,205,36,389,434,24.4,Loam,Kutch,Rabi,Mustard
6.75,0.58,0.62,186,47,310,429,25,Loam,Vadodara,Rabi,Mustard
6.64,0.48,0.56,238,34,383,425,17.6,Loam,Ahmedabad,Rabi,Mustard
7.98,0.47,0.46,233,31,303,285,19.8,Loam,Surendranagar,Rabi,Mustard
7.12,0.33,0.54,189,49,347,349,20.6,Loam,Rajkot,Rabi,Mustard
6.96,0.15,0.44,242,48,315,477,24.2,Loam,Vadodara,Rabi,Mustard
7.51,0.11,0.4,185,42,306,266,19.2,Loam,Bharuch,Rabi,Mustard
6.54,0.23,0.59,259,54,226,339,18.1,Loam,Ahmedabad,Rabi,Mustard
6.8,0.49,0.44,221,53,330,403,16.4,Loam,Ahmedabad,Rabi,Mustard
6.73,0.31,0.49,216,46,246,400,24.4,Loam,Rajkot,Rabi,Mustard
7.68,0.15,0.37,240,47,252,422,17,Loam,Gandhinagar,Rabi,Mustard
7.13,0.22,0.61,255,48,331,258,20,Loam,Amreli,Rabi,Mustard
6.9,0.45,0.48,241,55,386,267,17.7,Loam,Kutch,Rabi,Mustard
7.75,0.28,0.61,240,33,282,284,22.5,Loam,Bharuch,Rabi,Mustard
7.27,0.28,0.7,246,48,226,255,19.7,Loam,Navsari,Rabi,Mustard
6.6,0.36,0.4,252,39,390,302,16.4,Loam,Navsari,Rabi,Mustard
6.91,0.2,0.37,204,53,231,255,21.6,Loam,Kutch,Rabi,Mustard
7.83,0.37,0.55,186,38,244,444,19.2,Loam,Amreli,Rabi,Mustard
7.44,0.23,0.42,189,41,375,357,20.2,Loam,Banaskantha,Rabi,Mustard
6.77,0.34,0.37,241,37,378,462,18.4,Loam,Junagadh,Rabi,Mustard
7.98,0.21,0.55,233,45,304,387,19.1,Loam,Kutch,Rabi,Mustard
6.58,0.44,0.52,255,48,276,362,19.5,Loam,Gandhinagar,Rabi,Mustard
7.82,0.46,0.48,204,53,239,347,19.9,Loam,Junagadh,Rabi,Mustard
6.94,0.21,0.45,214,47,294,352,20.4,Loam,Kutch,Rabi,Mustard
6.66,0.32,0.51,232,34,280,264,17.8,Loam,Mehsana,Rabi,Mustard
7.96,0.55,0.55,244,55,243,304,22.9,Loam,Junagadh,Rabi,Mustard
6.69,0.35,0.67,225,45,306,292,17.8,Loam,Vadodara,Rabi,Mustard
6.98,0.37,0.39,202,52,255,395,18.1,Loam,Rajkot,Rabi,Mustard
7.23,0.29,0.62,192,39,309,462,16.6,Loam,Navsari,Rabi,Mustard
7.43,0.14,0.68,217,53,360,360,20.3,Loam,Bhavnagar,Rabi,Mustard
6.59,0.27,0.49,194,38,274,368,20.6,Loam,Navsari,Rabi,Mustard
6.82,0.59,0.41,181,53,297,457,18.9,Loam,Vadodara,Rabi,Mustard
7.3,0.16,0.62,191,31,251,376,24.5,Loam,Junagadh,Rabi,Mustard
7.19,0.12,0.65,241,53,257,409,20.7,Loam,Surat,Rabi,Mustard
6.82,0.42,0.5,237,36,259,400,19.1,Loam,Rajkot,Rabi,Mustard
7.98,0.47,0.53,248,52,286,337,17.8,Loam,Bhavnagar,Rabi,Mustard
7.37,0.58,0.43,244,49,287,377,23.3,Loam,Banaskantha,Rabi,Mustard
7.77,0.34,0.52,203,54,337,409,16.1,Loam,Surat,Rabi,Mustard
6.81,0.57,0.42,190,52,316,405,20.8,Loam,Junagadh,Rabi,Mustard
7.17,0.21,0.53,233,53,308,483,19.5,Loam,Kutch,Rabi,Mustard
6.81,0.26,0.49,231,50,308,483,17.5,Loam,Surendranagar,Rabi,Mustard
7.01,0.21,0.44,231,47,362,358,16.6,Loam,Amreli,Rabi,Mustard
7.85,0.27,0.59,255,46,262,408,21.9,Loam,Bhavnagar,Rabi,Mustard
7.14,0.58,0.56,236,54,242,322,20.3,Loam,Anand,Rabi,Mustard
7.7,0.42,0.69,239,44,306,496,18.7,Loam,Anand,Rabi,Mustard
6.99,0.28,0.36,249,50,269,442,18.6,Loam,Junagadh,Rabi,Mustard
6.81,0.5,0.54,259,40,302,322,19.1,Loam,Gandhinagar,Rabi,Mustard
7.35,0.16,0.6,241,30,367,292,25.9,Loam,Mehsana,Rabi,Mustard
7.35,0.36,0.39,191,33,358,331,21.6,Loam,Surat,Rabi,Mustard
7.73,0.4,0.67,200,49,314,362,22.9,Loam,Anand,Rabi,Mustard
7.56,0.51,0.64,256,41,389,415,17.3,Loam,Surendranagar,Rabi,Mustard
6.82,0.53,0.35,184,31,280,426,21.5,Loam,Junagadh,Rabi,Mustard
7.66,0.33,0.67,202,43,386,441,16.5,Loam,Junagadh,Rabi,Mustard
6.84,0.17,0.37,260,34,372,431,24,Loam,Bharuch,Rabi,Mustard
7.48,0.24,0.51,228,54,261,500,17.8,Loam,Navsari,Rabi,Mustard
6.55,0.29,0.67,229,37,381,272,21.1,Loam,Navsari,Rabi,Mustard
7,0.28,0.62,240,30,326,479,16.4,Loam,Mehsana,Rabi,Mustard
6.58,0.26,0.5,201,48,353,408,21.9,Loam,Banaskantha,Rabi,Mustard
6.51,0.14,0.6,198,32,305,494,21,Loam,Surat,Rabi,Mustard
6.62,0.26,0.36,209,53,283,277,19.7,Loam,Vadodara,Rabi,Mustard
6.75,0.46,0.42,203,34,228,391,22.3,Loam,Amreli,Rabi,Mustard
7.52,0.55,0.64,219,49,372,311,21.9,Loam,Junagadh,Rabi,Mustard
7.61,0.49,0.38,191,34,351,318,23.5,Loam,Anand,Rabi,Mustard
7.59,0.17,0.43,213,42,347,374,22.3,Loam,Amreli,Rabi,Mustard
7.65,0.37,0.62,255,31,356,481,24.4,Loam,Anand,Rabi,Mustard
7.9,0.14,0.63,213,34,280,388,17.8,Loam,Banaskantha,Rabi,Mustard
7.12,0.56,0.54,215,48,397,495,16.7,Loam,Gandhinagar,Rabi,Mustard
7.99,0.1,0.36,227,49,249,488,21.7,Loam,Gandhinagar,Rabi,Mustard
6.51,0.33,0.61,208,50,390,498,18.6,Loam,Kutch,Rabi,Mustard
7.6,0.56,0.4,239,51,275,392,23.9,Loam,Navsari,Rabi,Mustard
7.04,0.1,0.49,219,50,395,421,22.3,Loam,Amreli,Rabi,Mustard
6.92,0.31,0.67,199,46,307,398,24.2,Loam,Bhavnagar,Rabi,Mustard
7.01,0.57,0.59,203,54,293,499,17.4,Loam,Bharuch,Rabi,Mustard
7.46,0.38,0.45,224,47,294,309,17.8,Loam,Surat,Rabi,Mustard
7.58,0.59,0.65,184,45,346,284,17.6,Loam,Rajkot,Rabi,Mustard
7.88,0.24,0.49,208,36,266,368,21.2,Loam,Vadodara,Rabi,Mustard
7.69,0.21,0.46,235,49,389,400,21.5,Loam,Mehsana,Rabi,Mustard
7.58,0.18,0.47,201,38,372,289,23.7,Loam,Ahmedabad,Rabi,Mustard
6.9,0.11,0.64,230,48,328,315,20.4,Loam,Rajkot,Rabi,Mustard
7.74,0.3,0.45,197,53,280,467,23.2,Loam,Rajkot,Rabi,Mustard
7.65,0.42,0.37,226,32,231,444,19.5,Loam,Gandhinagar,Rabi,Mustard
7.23,0.26,0.68,245,42,241,416,17.5,Loam,Anand,Rabi,Mustard
7.84,0.44,0.68,237,42,317,290,19.9,Loam,Surendranagar,Rabi,Mustard
7.38,0.14,0.56,235,37,262,309,19.9,Loam,Vadodara,Rabi,Mustard
6.78,0.36,0.42,237,31,250,411,22.3,Loam,Kutch,Rabi,Mustard
7.63,0.48,0.61,250,49,334,384,16.5,Loam,Surat,Rabi,Mustard
7.49,0.48,0.43,234,39,366,488,19.4,Loam,Navsari,Rabi,Mustard
7.85,0.39,0.64,243,31,302,390,23.9,Loam,Surendranagar,Rabi,Mustard
7.89,0.34,0.38,217,43,230,278,16.4,Loam,Mehsana,Rabi,Mustard
7.21,0.23,0.37,191,50,240,445,18.4,Loam,Bhavnagar,Rabi,Mustard
6.85,0.56,0.66,207,32,235,344,24.5,Loam,Bharuch,Rabi,Mustard
7.3,0.49,0.61,234,54,369,498,22.9,Loam,Junagadh,Rabi,Mustard
7.17,0.46,0.48,210,55,257,352,24.4,Loam,Navsari,Rabi,Mustard
6.78,0.21,0.54,199,38,290,471,17.9,Loam,Rajkot,Rabi,Mustard
7.95,0.29,0.54,192,31,265,329,16.3,Loam,Vadodara,Rabi,Mustard
6.78,0.46,0.36,230,43,314,426,18.7,Loam,Rajkot,Rabi,Mustard
7.82,0.21,0.6,180,49,324,486,18.4,Loam,Navsari,Rabi,Mustard
6.59,0.43,0.65,190,49,287,294,25.5,Loam,Amreli,Rabi,Mustard
6.76,0.26,0.42,181,50,221,349,24.9,Loam,Junagadh,Rabi,Mustard
7.91,0.11,0.44,236,47,255,491,20.7,Loam,Navsari,Rabi,Mustard
7.61,0.33,0.68,205,53,382,322,20.2,Loam,Amreli,Rabi,Mustard
7.59,0.34,0.58,219,49,373,391,21.2,Loam,Bhavnagar,Rabi,Mustard
7.6,0.41,0.39,236,37,339,463,20.3,Loam,Ahmedabad,Rabi,Mustard
6.75,0.4,0.62,242,35,293,331,20.5,Loam,Navsari,Rabi,Mustard
7.82,0.52,0.47,258,42,321,481,16.3,Loam,Junagadh,Rabi,Mustard
7.68,0.36,0.55,180,50,239,393,19.7,Loam,Bharuch,Rabi,Mustard
7.37,0.55,0.51,230,47,399,405,19,Loam,Rajkot,Rabi,Mustard
7.27,0.43,0.66,210,39,378,436,18,Loam,Bhavnagar,Rabi,Mustard
7.07,0.34,0.46,183,50,273,478,23.7,Loam,Surendranagar,Rabi,Mustard
6.5,0.2,0.62,245,35,378,343,19.8,Loam,Banaskantha,Rabi,Mustard
7.9,0.21,0.61,242,46,365,420,21.2,Loam,Surendranagar,Rabi,Mustard
6.64,0.57,0.67,202,36,244,317,17.3,Loam,Rajkot,Rabi,Mustard
7.99,0.52,0.41,222,37,289,476,16.1,Loam,Navsari,Rabi,Mustard
7.45,0.1,0.51,196,54,242,466,16.7,Loam,Amreli,Rabi,Mustard
6.98,0.29,0.62,237,48,400,340,20.1,Loam,Surat,Rabi,Mustard
7.42,0.46,0.43,189,48,275,451,20,Loam,Surat,Rabi,Mustard
7.37,0.4,0.68,226,45,341,378,22,Loam,Bharuch,Rabi,Mustard
7.52,0.46,0.49,201,44,327,342,17.1,Loam,Bhavnagar,Rabi,Mustard
7.39,0.26,0.63,193,30,235,455,21.8,Loam,Junagadh,Rabi,Mustard
7.74,0.14,0.69,260,37,325,354,24.7,Loam,Ahmedabad,Rabi,Mustard
7.08,0.31,0.35,201,54,230,270,16.9,Loam,Navsari,Rabi,Mustard
7.05,0.44,0.61,247,54,369,312,18.6,Loam,Surat,Rabi,Mustard
6.61,0.15,0.61,231,31,220,309,16.1,Loam,Banaskantha,Rabi,Mustard
7.21,0.34,0.49,202,38,303,344,19.5,Loam,Surendranagar,Rabi,Mustard
6.6,0.59,0.67,196,35,385,284,20.2,Loam,Junagadh,Rabi,Mustard
7.4,0.37,0.39,186,50,396,340,20.2,Loam,Banaskantha,Rabi,Mustard
7.59,0.12,0.46,249,54,361,320,20.9,Loam,Kutch,Rabi,Mustard
6.82,0.14,0.35,215,52,308,432,24.2,Loam,Mehsana,Rabi,Mustard
6.76,0.37,0.43,230,40,331,497,21.1,Loam,Bhavnagar,Rabi,Mustard
7.32,0.6,0.57,260,38,287,448,18.3,Loam,Gandhinagar,Rabi,Mustard
7.27,0.57,0.38,219,40,331,277,22.3,Loam,Rajkot,Rabi,Mustard
6.75,0.29,0.36,245,36,299,339,22.4,Loam,Ahmedabad,Rabi,Mustard
7.9,0.48,0.4,223,39,237,307,23.7,Loam,Rajkot,Rabi,Mustard
6.93,0.31,0.68,240,47,239,475,21.6,Loam,Surat,Rabi,Mustard
7.93,0.45,0.57,227,50,332,437,21.5,Loam,Gandhinagar,Rabi,Mustard
7.11,0.27,0.47,243,42,346,317,24,Loam,Surat,Rabi,Mustard
6.62,0.56,0.53,233,45,353,282,18,Loam,Surendranagar,Rabi,Mustard
7.52,0.59,0.58,214,53,257,412,18,Loam,Kutch,Rabi,Mustard
6.94,0.26,0.38,189,55,332,342,20.8,Loam,Amreli,Rabi,Mustard
6.72,0.2,0.39,246,33,298,296,16.2,Loam,Amreli,Rabi,Mustard
7.32,0.43,0.44,216,53,221,490,18,Loam,Gandhinagar,Rabi,Mustard
7.44,0.29,0.55,199,34,295,282,22,Loam,Ahmedabad,Rabi,Mustard
7.19,0.45,0.63,186,46,254,358,22.8,Loam,Gandhinagar,Rabi,Mustard
7.02,0.52,0.67,193,44,387,305,16.8,Loam,Ahmedabad,Rabi,Mustard
6.54,0.14,0.64,216,53,223,444,17.9,Loam,Surat,Rabi,Mustard
7.13,0.37,0.51,194,41,333,432,19.6,Loam,Banaskantha,Rabi,Mustard
7.34,0.28,0.47,260,35,353,465,16.7,Loam,Kutch,Rabi,Mustard
7.81,0.39,0.39,257,50,277,381,21.8,Loam,Vadodara,Rabi,Mustard
7.06,0.22,0.43,222,46,327,295,20,Loam,Junagadh,Rabi,Mustard
6.85,0.37,0.57,181,38,288,456,24.9,Loam,Kutch,Rabi,Mustard
6.57,0.12,0.49,206,34,379,264,16,Loam,Kutch,Rabi,Mustard
7.65,0.15,0.56,248,50,365,305,25.1,Loam,Bhavnagar,Rabi,Mustard
7.62,0.35,0.42,203,41,327,428,23.4,Loam,Navsari,Rabi,Mustard
7.83,0.12,0.39,213,54,229,289,18.7,Loam,Anand,Rabi,Mustard
7.97,0.25,0.39,243,33,388,280,19.2,Loam,Surat,Rabi,Mustard
6.68,0.37,0.64,217,32,313,412,25.3,Loam,Gandhinagar,Rabi,Mustard
7.22,0.29,0.6,225,55,365,458,17.8,Loam,Surat,Rabi,Mustard
7.63,0.51,0.68,201,40,288,427,23.9,Loam,Banaskantha,Rabi,Mustard
6.99,0.29,0.46,254,35,372,446,25.5,Loam,Kutch,Rabi,Mustard
6.66,0.56,0.46,246,47,392,475,23.9,Loam,Gandhinagar,Rabi,Mustard
6.56,0.55,0.4,220,47,311,282,17.5,Loam,Anand,Rabi,Mustard
7.5,0.14,0.66,196,31,360,308,23.2,Loam,Bhavnagar,Rabi,Mustard
7.49,0.31,0.58,246,43,263,475,17.8,Loam,Banaskantha,Rabi,Mustard
6.62,0.24,0.62,233,43,379,464,18.6,Loam,Surendranagar,Rabi,Mustard
6.55,0.28,0.48,199,48,334,497,19.4,Loam,Surat,Rabi,Mustard
7.33,0.16,0.59,201,33,375,380,19.5,Loam,Vadodara,Rabi,Mustard
7.06,0.56,0.59,204,47,351,323,23.6,Loam,Vadodara,Rabi,Mustard
7.74,0.22,0.45,207,42,307,395,24.2,Loam,Bhavnagar,Rabi,Mustard
7.15,0.57,0.39,205,33,342,348,23.6,Loam,Anand,Rabi,Mustard
6.99,0.55,0.59,233,41,398,250,24.9,Loam,Junagadh,Rabi,Mustard
7.86,0.53,0.54,200,46,383,323,16.4,Loam,Junagadh,Rabi,Mustard
7.99,0.33,0.6,215,50,390,339,22.6,Loam,Vadodara,Rabi,Mustard
7.14,0.57,0.41,187,52,391,484,16.6,Loam,Surat,Rabi,Mustard
6.73,0.37,0.47,230,40,362,410,16.6,Loam,Vadodara,Rabi,Mustard
7.66,0.41,0.53,224,51,276,318,20.2,Loam,Bharuch,Rabi,Mustard
7.86,0.18,0.6,206,30,341,252,23,Loam,Mehsana,Rabi,Mustard
7.25,0.44,0.58,203,37,382,329,23.6,Loam,Bharuch,Rabi,Mustard
7.21,0.42,0.49,210,46,370,334,22.3,Loam,Mehsana,Rabi,Mustard
7.42,0.54,0.52,204,52,389,445,20,Loam,Surendranagar,Rabi,Mustard
7.23,0.23,0.61,190,51,241,414,16.3,Loam,Surendranagar,Rabi,Mustard
6.78,0.54,0.68,186,32,328,446,24.2,Loam,Vadodara,Rabi,Mustard
7.28,0.28,0.44,182,31,255,330,18,Loam,Banaskantha,Rabi,Mustard
7.63,0.28,0.6,245,50,292,260,18.4,Loam,Navsari,Rabi,Mustard
7.97,0.39,0.37,252,41,285,250,17.2,Loam,Gandhinagar,Rabi,Mustard
6.94,0.41,0.36,220,38,285,406,25.9,Loam,Vadodara,Rabi,Mustard
7.86,0.21,0.37,246,53,400,273,17.9,Loam,Rajkot,Rabi,Mustard
7.87,0.54,0.49,215,30,226,393,22,Loam,Mehsana,Rabi,Mustard
7.49,0.32,0.46,250,50,321,489,21.4,Loam,Ahmedabad,Rabi,Mustard
7.52,0.31,0.45,183,43,335,299,21.2,Loam,Junagadh,Rabi,Mustard
6.72,0.52,0.54,204,42,261,445,24.4,Loam,Mehsana,Rabi,Mustard
6.61,0.33,0.65,222,40,355,324,25,Loam,Rajkot,Rabi,Mustard
7.13,0.15,0.43,215,52,346,324,17.8,Loam,Banaskantha,Rabi,Mustard
7.4,0.24,0.38,180,51,366,362,16.5,Loam,Rajkot,Rabi,Mustard
7.45,0.12,0.57,199,50,275,322,22.1,Loam,Junagadh,Rabi,Mustard
7.42,0.45,0.38,209,30,279,467,21.1,Loam,Amreli,Rabi,Mustard
7.32,0.38,0.65,251,49,376,404,23.5,Loam,Mehsana,Rabi,Mustard
7.87,0.53,0.64,239,46,255,356,24.6,Loam,Rajkot,Rabi,Mustard
7.52,0.19,0.65,213,55,246,482,21.9,Loam,Junagadh,Rabi,Mustard
7.46,0.44,0.41,224,48,397,274,20.2,Loam,Anand,Rabi,Mustard
7.55,0.23,0.42,218,35,383,278,16.2,Loam,Mehsana,Rabi,Mustard
7.55,0.59,0.65,189,49,356,309,17.2,Loam,Junagadh,Rabi,Mustard
7.62,0.28,0.62,182,36,284,315,23.3,Loam,Navsari,Rabi,Mustard
7.65,0.45,0.42,180,45,310,341,25,Loam,Vadodara,Rabi,Mustard
7.64,0.49,0.68,226,51,380,331,21.6,Loam,Navsari,Rabi,Mustard
6.97,0.3,0.49,183,45,262,443,23.1,Loam,Bharuch,Rabi,Mustard
7.5,0.54,0.39,192,50,331,288,25.8,Loam,Navsari,Rabi,Mustard
7.31,0.29,0.68,223,37,398,266,26,Loam,Mehsana,Rabi,Mustard
6.65,0.58,0.63,196,37,383,308,18.1,Loam,Rajkot,Rabi,Mustard
7.39,0.22,0.36,196,31,334,406,16.1,Loam,Gandhinagar,Rabi,Mustard
6.81,0.4,0.46,247,31,225,438,21.4,Loam,Bhavnagar,Rabi,Mustard
7.93,0.34,0.46,191,44,230,446,20.7,Loam,Surendranagar,Rabi,Mustard
6.54,0.57,0.69,256,39,323,353,20.4,Loam,Banaskantha,Rabi,Mustard
7.75,0.33,0.53,224,46,383,446,18.7,Loam,Kutch,Rabi,Mustard
6.64,0.33,0.62,187,37,330,254,17.7,Loam,Banaskantha,Rabi,Mustard
6.82,0.27,0.39,239,32,374,385,16.8,Loam,Bharuch,Rabi,Mustard
6.9,0.58,0.46,197,39,382,462,21.3,Loam,Ahmedabad,Rabi,Mustard
7.03,0.2,0.42,219,31,318,473,18.2,Loam,Bhavnagar,Rabi,Mustard
7.51,0.38,0.48,190,30,270,344,17.6,Loam,Vadodara,Rabi,Mustard
6.93,0.33,0.6,253,40,353,268,23,Loam,Bhavnagar,Rabi,Mustard
7.85,0.16,0.7,247,36,351,397,25.4,Loam,Rajkot,Rabi,Mustard
7.12,0.2,0.52,195,42,313,314,17.2,Loam,Kutch,Rabi,Mustard
7.45,0.36,0.4,207,50,327,456,18.1,Loam,Gandhinagar,Rabi,Mustard
7.49,0.42,0.69,252,45,275,252,17.1,Loam,Rajkot,Rabi,Mustard
6.64,0.12,0.57,217,51,372,378,21.7,Loam,Kutch,Rabi,Mustard
7,0.34,0.67,250,40,349,475,20.1,Loam,Gandhinagar,Rabi,Mustard
7.43,0.16,0.46,186,38,267,415,17,Loam,Ahmedabad,Rabi,Mustard
7.57,0.21,0.58,195,43,322,313,18.2,Loam,Surat,Rabi,Mustard
7.4,0.21,0.52,231,32,346,498,21.8,Loam,Navsari,Rabi,Mustard
7.46,0.39,0.68,205,41,358,481,20.9,Loam,Mehsana,Rabi,Mustard
7.01,0.16,0.4,188,45,315,408,23.5,Loam,Bharuch,Rabi,Mustard
7.81,0.31,0.67,251,50,393,406,24.4,Loam,Kutch,Rabi,Mustard
6.54,0.32,0.62,182,31,249,446,23.4,Loam,Surat,Rabi,Mustard
6.87,0.13,0.57,239,35,321,285,17.1,Loam,Anand,Rabi,Mustard
6.85,0.27,0.51,233,32,310,368,18.9,Loam,Vadodara,Rabi,Mustard
6.99,0.15,0.43,212,55,373,311,22.3,Loam,Anand,Rabi,Mustard
7.08,0.41,0.45,227,34,364,438,24.5,Loam,Gandhinagar,Rabi,Mustard
7.47,0.25,0.43,242,31,240,329,22.1,Loam,Banaskantha,Rabi,Mustard
6.65,0.13,0.66,228,49,347,453,19.1,Loam,Mehsana,Rabi,Mustard
7.43,0.11,0.49,252,31,289,355,18.4,Loam,Navsari,Rabi,Mustard
6.81,0.23,0.61,239,54,375,360,25.3,Loam,Surendranagar,Rabi,Mustard
7.86,0.42,0.69,220,44,318,261,20.1,Loam,Junagadh,Rabi,Mustard
7.63,0.57,0.41,250,30,225,286,19,Loam,Anand,Rabi,Mustard
7.33,0.14,0.36,258,46,261,436,22.4,Loam,Surat,Rabi,Mustard
6.97,0.3,0.67,258,53,293,364,16.1,Loam,Kutch,Rabi,Mustard
7.11,0.43,0.48,252,53,305,358,20.6,Loam,Rajkot,Rabi,Mustard
6.92,0.44,0.7,235,46,315,365,18.7,Loam,Vadodara,Rabi,Mustard
6.75,0.37,0.62,200,40,232,477,21.5,Loam,Anand,Rabi,Mustard
6.81,0.58,0.6,239,46,230,419,21.7,Loam,Amreli,Rabi,Mustard
7.79,0.54,0.48,248,44,368,370,20.5,Loam,Amreli,Rabi,Mustard
7.01,0.39,0.67,204,55,391,429,20.8,Loam,Mehsana,Rabi,Mustard
7.49,0.22,0.65,244,38,382,259,19.6,Loam,Gandhinagar,Rabi,Mustard
6.77,0.29,0.43,210,51,238,483,18.1,Loam,Surat,Rabi,Mustard
7.55,0.57,0.37,205,50,344,368,16.8,Loam,Ahmedabad,Rabi,Mustard
6.61,0.42,0.37,229,38,372,261,16.5,Loam,Mehsana,Rabi,Mustard
7.29,0.1,0.42,249,37,233,322,16.5,Loam,Banaskantha,Rabi,Mustard
6.96,0.59,0.7,194,34,278,354,19.7,Loam,Bharuch,Rabi,Mustard
7.42,0.21,0.62,221,45,301,440,20.5,Loam,Surendranagar,Rabi,Mustard
6.94,0.52,0.41,238,38,263,307,21,Loam,Amreli,Rabi,Mustard
6.55,0.57,0.55,215,40,273,254,18.3,Loam,Rajkot,Rabi,Mustard
7.37,0.3,0.54,247,44,396,278,25.9,Loam,Surendranagar,Rabi,Mustard
6.54,0.44,0.59,226,38,274,300,20.2,Loam,Surendranagar,Rabi,Mustard
7.77,0.59,0.6,258,52,283,293,23.4,Loam,Banaskantha,Rabi,Mustard
7.08,0.33,0.58,192,43,263,330,22.8,Loam,Gandhinagar,Rabi,Mustard
7.31,0.23,0.45,222,47,310,251,21.5,Loam,Mehsana,Rabi,Mustard
7.48,0.13,0.46,239,34,326,417,23,Loam,Mehsana,Rabi,Mustard
7.85,0.54,0.44,190,40,369,351,19.2,Loam,Banaskantha,Rabi,Mustard
6.68,0.11,0.38,234,41,326,471,22.5,Loam,Surendranagar,Rabi,Mustard
7.44,0.55,0.44,197,35,318,335,19.6,Loam,Surat,Rabi,Mustard
7.74,0.52,0.56,259,37,250,477,23.9,Loam,Amreli,Rabi,Mustard
6.87,0.48,0.35,182,40,241,358,23.9,Loam,Amreli,Rabi,Mustard
7.73,0.56,0.63,188,48,290,346,19.4,Loam,Navsari,Rabi,Mustard
7.85,0.41,0.6,188,43,294,425,21.1,Loam,Surendranagar,Rabi,Mustard
6.78,0.47,0.43,195,39,271,334,20.3,Loam,Navsari,Rabi,Mustard
6.61,0.55,0.5,225,48,305,442,18.8,Loam,Bharuch,Rabi,Mustard
7.25,0.44,0.56,258,36,222,336,22.8,Loam,Surat,Rabi,Mustard
6.91,0.13,0.36,219,43,336,323,21.3,Loam,Rajkot,Rabi,Mustard
6.63,0.26,0.7,207,37,371,334,22.7,Loam,Kutch,Rabi,Mustard
7.18,0.49,0.36,239,46,226,467,21.4,Loam,Amreli,Rabi,Mustard
6.88,0.56,0.58,205,53,220,374,23.2,Loam,Bhavnagar,Rabi,Mustard
7.74,0.39,0.55,226,40,257,267,19.1,Loam,Surendranagar,Rabi,Mustard
7.56,0.15,0.55,254,44,381,336,19.7,Loam,Banaskantha,Rabi,Mustard
7.12,0.23,0.39,250,48,253,493,24.5,Loam,Vadodara,Rabi,Mustard
7.08,0.4,0.56,181,47,300,447,23.9,Loam,Banaskantha,Rabi,Mustard
7.75,0.54,0.37,199,47,383,445,17.9,Loam,Bharuch,Rabi,Mustard
7.26,0.29,0.58,222,42,330,370,18.2,Loam,Vadodara,Rabi,Mustard
7.45,0.37,0.44,239,33,290,454,20.6,Loam,Mehsana,Rabi,Mustard
6.98,0.4,0.61,256,30,339,351,23.1,Loam,Vadodara,Rabi,Mustard
7.91,0.17,0.65,207,40,228,379,18.2,Loam,Mehsana,Rabi,Mustard
7.11,0.32,0.68,247,38,299,400,23.5,Loam,Rajkot,Rabi,Mustard
6.68,0.22,0.58,247,50,382,454,21.9,Loam,Kutch,Rabi,Mustard
6.51,0.42,0.56,199,32,373,289,22.1,Loam,Navsari,Rabi,Mustard
6.98,0.32,0.41,248,42,289,317,21.7,Loam,Anand,Rabi,Mustard
7.02,0.44,0.47,238,45,289,312,18.9,Loam,Rajkot,Rabi,Mustard
7.42,0.5,0.66,182,43,276,479,18.7,Loam,Amreli,Rabi,Mustard
6.83,0.53,0.53,204,38,242,343,23.8,Loam,Rajkot,Rabi,Mustard
6.81,0.47,0.52,219,33,384,362,24.6,Loam,Navsari,Rabi,Mustard
7.27,0.47,0.35,239,32,282,393,18.5,Loam,Mehsana,Rabi,Mustard
6.92,0.38,0.38,200,38,348,320,23.8,Loam,Bharuch,Rabi,Mustard
7.67,0.38,0.66,207,53,279,427,16.4,Loam,Navsari,Rabi,Mustard
7.35,0.37,0.64,246,52,376,456,19.2,Loam,Anand,Rabi,Mustard
7.76,0.21,0.57,260,51,320,366,18.2,Loam,Banaskantha,Rabi,Mustard
7.08,0.11,0.5,180,50,344,384,16.3,Loam,Surat,Rabi,Mustard
6.81,0.47,0.59,228,36,246,295,24,Loam,Kutch,Rabi,Mustard
8,0.49,0.62,236,43,372,385,18.1,Loam,Anand,Rabi,Mustard
7.21,0.16,0.66,253,30,361,392,19.6,Loam,Mehsana,Rabi,Mustard
6.99,0.18,0.36,198,54,349,294,20.8,Loam,Vadodara,Rabi,Mustard
6.94,0.14,0.4,245,47,339,263,20.1,Loam,Bharuch,Rabi,Mustard
6.58,0.44,0.68,214,53,313,288,16.6,Loam,Navsari,Rabi,Mustard
7.27,0.38,0.66,217,47,232,416,19.7,Loam,Junagadh,Rabi,Mustard
7.85,0.41,0.53,191,43,348,345,16.2,Loam,Bharuch,Rabi,Mustard
7.79,0.22,0.7,195,30,336,478,24.6,Loam,Bharuch,Rabi,Mustard
6.72,0.36,0.53,203,41,334,317,19.9,Loam,Kutch,Rabi,Mustard
7.73,0.42,0.53,235,36,387,454,18.6,Loam,Bhavnagar,Rabi,Mustard
7.09,0.12,0.43,183,45,225,296,20.1,Loam,Bhavnagar,Rabi,Mustard
7.93,0.48,0.5,193,46,356,444,16.1,Loam,Mehsana,Rabi,Mustard
7.78,0.16,0.46,181,49,346,253,20.6,Loam,Navsari,Rabi,Mustard
7.62,0.38,0.38,253,39,292,274,16.7,Loam,Bharuch,Rabi,Mustard
7.56,0.38,0.49,260,48,291,417,21.5,Loam,Kutch,Rabi,Mustard
6.56,0.31,0.46,228,40,286,345,22.2,Loam,Anand,Rabi,Mustard
6.53,0.43,0.53,242,37,314,261,24.9,Loam,Kutch,Rabi,Mustard
7.82,0.24,0.45,254,55,394,499,22.6,Loam,Navsari,Rabi,Mustard
7.34,0.35,0.43,255,30,377,250,21.8,Loam,Rajkot,Rabi,Mustard
7.18,0.16,0.36,245,31,393,279,18.2,Loam,Anand,Rabi,Mustard
6.7,0.36,0.56,191,48,247,468,19,Loam,Gandhinagar,Rabi,Mustard
7.23,0.51,0.63,224,43,398,377,16.7,Loam,Banaskantha,Rabi,Mustard
7.7,0.27,0.47,250,35,240,436,23.5,Loam,Banaskantha,Rabi,Mustard
6.58,0.37,0.66,183,36,359,376,25.9,Loam,Kutch,Rabi,Mustard
7.04,0.39,0.48,205,51,300,500,19.1,Loam,Bharuch,Rabi,Mustard
7.76,0.41,0.63,249,36,332,377,21.9,Loam,Gandhinagar,Rabi,Mustard
6.93,0.48,0.51,204,44,318,459,25.4,Loam,Bharuch,Rabi,Mustard
6.72,0.37,0.48,198,48,398,469,25.5,Loam,Junagadh,Rabi,Mustard
6.69,0.49,0.44,230,32,294,269,17.5,Loam,Mehsana,Rabi,Mustard
6.51,0.53,0.53,213,48,312,439,17.1,Loam,Vadodara,Rabi,Mustard
7.05,0.3,0.52,197,52,352,372,21.4,Loam,Bharuch,Rabi,Mustard
7.29,0.57,0.49,247,46,323,435,18.2,Loam,Ahmedabad,Rabi,Mustard
6.75,0.39,0.5,242,54,267,444,24.8,Loam,Anand,Rabi,Mustard
6.88,0.44,0.53,236,44,292,316,17.8,Loam,Banaskantha,Rabi,Mustard
7,0.52,0.37,219,51,335,404,18.6,Loam,Kutch,Rabi,Mustard
7.72,0.24,0.58,224,31,398,463,20.8,Loam,Surendranagar,Rabi,Mustard
7.96,0.26,0.4,229,34,309,449,17.7,Loam,Bhavnagar,Rabi,Mustard
6.64,0.4,0.45,212,35,386,412,18.6,Loam,Banaskantha,Rabi,Mustard
7.98,0.6,0.47,246,39,318,266,17,Loam,Mehsana,Rabi,Mustard
6.89,0.54,0.6,204,55,221,496,24.9,Loam,Banaskantha,Rabi,Mustard
7.5,0.49,0.36,183,36,398,434,22.7,Loam,Junagadh,Rabi,Mustard
7.93,0.28,0.66,224,55,227,469,19.5,Loam,Kutch,Rabi,Mustard
6.71,0.23,0.52,213,34,236,262,20.2,Loam,Navsari,Rabi,Mustard
7.09,0.31,0.5,230,31,339,349,23.7,Loam,Ahmedabad,Rabi,Mustard
7.55,0.25,0.37,197,34,266,416,24.6,Loam,Amreli,Rabi,Mustard
7.44,0.59,0.45,228,52,293,394,24.9,Loam,Gandhinagar,Rabi,Mustard
7.45,0.11,0.55,241,43,353,490,17.1,Loam,Junagadh,Rabi,Mustard
7.54,0.13,0.68,180,37,303,349,22.8,Loam,Banaskantha,Rabi,Mustard
7.8,0.41,0.57,212,53,374,292,17.9,Loam,Rajkot,Rabi,Mustard
6.68,0.5,0.5,242,55,286,364,25.2,Loam,Surat,Rabi,Mustard
6.61,0.42,0.44,192,33,343,453,24.5,Loam,Anand,Rabi,Mustard
7.2,0.38,0.61,222,53,309,396,20.7,Loam,Bharuch,Rabi,Mustard
7.53,0.48,0.54,241,32,340,417,21,Loam,Amreli,Rabi,Mustard
7.71,0.23,0.42,255,33,256,259,24.3,Loam,Kutch,Rabi,Mustard
7.01,0.56,0.53,203,46,273,366,23.3,Loam,Anand,Rabi,Mustard
7.03,0.19,0.6,204,41,316,341,25,Loam,Rajkot,Rabi,Mustard
7.6,0.56,0.39,198,45,384,334,23.8,Loam,Rajkot,Rabi,Mustard
7.72,0.31,0.47,225,46,355,445,18.3,Loam,Amreli,Rabi,Mustard
7.92,0.45,0.37,194,48,238,267,17.1,Loam,Mehsana,Rabi,Mustard
7.86,0.1,0.62,194,35,304,399,19.5,Loam,Vadodara,Rabi,Mustard
6.57,0.41,0.46,197,43,391,282,16.2,Loam,Rajkot,Rabi,Mustard
7.58,0.48,0.65,252,31,350,261,18.6,Loam,Bhavnagar,Rabi,Mustard
7.18,0.28,0.45,210,31,316,350,20.2,Loam,Navsari,Rabi,Mustard
7.01,0.53,0.61,209,43,367,284,18.2,Loam,Bharuch,Rabi,Mustard
6.75,0.53,0.48,203,41,357,265,17.5,Loam,Ahmedabad,Rabi,Mustard
7.62,0.37,0.42,183,55,305,309,20.7,Loam,Anand,Rabi,Mustard
6.53,0.36,0.63,234,46,249,404,21.3,Loam,Navsari,Rabi,Mustard
7.54,0.5,0.68,215,51,330,361,19.1,Loam,Vadodara,Rabi,Mustard
6.74,0.22,0.48,192,35,251,415,17.6,Loam,Kutch,Rabi,Mustard
7.23,0.1,0.68,253,34,385,413,18.3,Loam,Gandhinagar,Rabi,Mustard
6.86,0.43,0.61,206,49,279,481,17.9,Loam,Rajkot,Rabi,Mustard
7.75,0.4,0.41,192,48,329,479,23.5,Loam,Surat,Rabi,Mustard
6.68,0.26,0.42,243,33,355,258,25.7,Loam,Junagadh,Rabi,Mustard
7.81,0.57,0.69,204,44,393,477,20.9,Loam,Rajkot,Rabi,Mustard
6.73,0.24,0.51,256,38,282,306,16.8,Loam,Rajkot,Rabi,Mustard
7.11,0.23,0.44,216,40,222,413,20.7,Loam,Amreli,Rabi,Mustard
7.81,0.34,0.52,209,30,232,338,25.1,Loam,Amreli,Rabi,Mustard
7.71,0.35,0.67,245,36,317,489,18.8,Loam,Mehsana,Rabi,Mustard
7.57,0.58,0.64,251,32,222,468,20.3,Loam,Junagadh,Rabi,Mustard
6.53,0.34,0.69,201,33,363,468,17.7,Loam,Bhavnagar,Rabi,Mustard
7.02,0.46,0.47,209,47,261,279,25.2,Loam,Junagadh,Rabi,Mustard
7.32,0.6,0.49,216,34,378,479,18.7,Loam,Amreli,Rabi,Mustard
6.62,0.23,0.45,209,53,303,315,21.7,Loam,Junagadh,Rabi,Mustard
7.42,0.47,0.53,240,53,344,420,24.9,Loam,Kutch,Rabi,Mustard
7.39,0.6,0.55,182,47,334,478,16.6,Loam,Vadodara,Rabi,Mustard
6.9,0.18,0.67,196,49,274,271,20.6,Loam,Junagadh,Rabi,Mustard
7.24,0.58,0.63,210,51,228,421,26,Loam,Ahmedabad,Rabi,Mustard
7.37,0.15,0.69,184,37,248,340,24.6,Loam,Vadodara,Rabi,Mustard
7.77,0.2,0.46,204,30,311,405,20,Loam,Junagadh,Rabi,Mustard
7.83,0.11,0.59,211,40,243,445,21.2,Loam,Mehsana,Rabi,Mustard
7.56,0.12,0.58,182,30,363,277,21.7,Loam,Amreli,Rabi,Mustard
7.48,0.37,0.43,251,50,381,420,16.2,Loam,Vadodara,Rabi,Mustard
7.03,0.25,0.45,247,32,372,365,17.6,Loam,Banaskantha,Rabi,Mustard
7.1,0.48,0.45,196,50,264,361,17,Loam,Surat,Rabi,Mustard
6.87,0.48,0.37,204,46,369,321,18.5,Loam,Navsari,Rabi,Mustard
7.42,0.11,0.46,217,53,237,306,17.6,Loam,Rajkot,Rabi,Mustard
7.03,0.28,0.65,256,40,278,405,23,Loam,Kutch,Rabi,Mustard
7.97,0.4,0.39,260,33,302,428,22.3,Loam,Bharuch,Rabi,Mustard
6.98,0.26,0.63,210,42,313,298,16.9,Loam,Surat,Rabi,Mustard
7.1,0.27,0.58,210,40,289,353,16.9,Loam,Vadodara,Rabi,Mustard
7.44,0.52,0.55,192,36,254,290,19.7,Loam,Ahmedabad,Rabi,Mustard
7.64,0.5,0.36,186,33,235,278,18.9,Loam,Navsari,Rabi,Mustard
7.23,0.58,0.5,215,37,338,316,21.1,Loam,Kutch,Rabi,Mustard
7.1,0.17,0.4,252,51,362,354,25.2,Loam,Mehsana,Rabi,Mustard
7.61,0.41,0.37,230,36,310,446,22,Loam,Amreli,Rabi,Mustard
7.71,0.32,0.45,204,33,383,287,18.6,Loam,Amreli,Rabi,Mustard
7.46,0.24,0.57,192,52,292,453,21.9,Loam,Rajkot,Rabi,Mustard
6.9,0.53,0.39,190,49,243,452,25.7,Loam,Navsari,Rabi,Mustard
6.58,0.54,0.62,249,53,235,356,18.5,Loam,Navsari,Rabi,Mustard
7.78,0.58,0.54,234,36,273,420,17.7,Loam,Bhavnagar,Rabi,Mustard
6.78,0.36,0.56,187,30,337,298,25.6,Loam,Surat,Rabi,Mustard
7.3,0.16,0.39,211,43,242,492,25.9,Loam,Surendranagar,Rabi,Mustard
6.56,0.56,0.65,219,44,310,347,23.4,Loam,Rajkot,Rabi,Mustard
6.79,0.59,0.38,186,45,321,445,23.7,Loam,Gandhinagar,Rabi,Mustard
6.84,0.12,0.43,192,55,393,384,18.6,Loam,Rajkot,Rabi,Mustard
6.91,0.49,0.6,248,50,301,493,24.9,Loam,Bharuch,Rabi,Mustard
7.78,0.51,0.53,188,46,294,352,24.3,Loam,Surat,Rabi,Mustard
7.89,0.58,0.66,237,45,265,353,24,Loam,Vadodara,Rabi,Mustard
7.15,0.37,0.56,211,33,385,322,25.1,Loam,Mehsana,Rabi,Mustard
7.58,0.48,0.43,249,47,278,324,21.5,Loam,Kutch,Rabi,Mustard
7.98,0.2,0.36,247,47,295,329,19.3,Loam,Bhavnagar,Rabi,Mustard
6.74,0.5,0.55,208,33,258,448,24.5,Loam,Navsari,Rabi,Mustard
6.85,0.21,0.65,184,37,315,295,23.7,Loam,Gandhinagar,Rabi,Mustard
6.76,0.52,0.55,181,54,316,364,17.8,Loam,Vadodara,Rabi,Mustard
6.75,0.24,0.64,212,35,272,311,22.7,Loam,Kutch,Rabi,Mustard
6.63,0.19,0.66,206,38,255,280,25.5,Loam,Bhavnagar,Rabi,Mustard
7.88,0.33,0.55,241,31,374,407,22.7,Loam,Vadodara,Rabi,Mustard
6.75,0.57,0.36,253,52,342,446,22,Loam,Kutch,Rabi,Mustard
7.61,0.28,0.46,240,53,276,250,19.5,Loam,Ahmedabad,Rabi,Mustard
7.84,0.46,0.64,181,46,239,413,21.2,Loam,Amreli,Rabi,Mustard
7.84,0.16,0.55,238,35,330,364,24,Loam,Bharuch,Rabi,Mustard
7.72,0.37,0.51,184,40,374,273,23.2,Loam,Banaskantha,Rabi,Mustard
7.72,0.53,0.53,198,38,329,301,19.5,Loam,Bhavnagar,Rabi,Mustard
7.66,0.21,0.38,259,47,304,494,19.5,Loam,Anand,Rabi,Mustard
7.22,0.37,0.39,248,34,373,413,26,Loam,Mehsana,Rabi,Mustard
7.91,0.59,0.6,258,46,314,271,19.5,Loam,Banaskantha,Rabi,Mustard
7.09,0.5,0.58,251,32,324,415,22.1,Loam,Surendranagar,Rabi,Mustard
6.73,0.48,0.39,183,38,251,334,18.5,Loam,Surendranagar,Rabi,Mustard
7.28,0.19,0.37,234,55,351,499,24.6,Loam,Junagadh,Rabi,Mustard
7.94,0.11,0.65,250,35,232,406,18.4,Loam,Gandhinagar,Rabi,Mustard
6.94,0.58,0.67,247,33,293,488,20.1,Loam,Kutch,Rabi,Mustard
7.46,0.54,0.61,218,32,315,443,21,Loam,Ahmedabad,Rabi,Mustard
7.03,0.17,0.38,237,55,257,378,23.1,Loam,Surat,Rabi,Mustard
7.74,0.41,0.57,186,36,315,347,19.4,Loam,Ahmedabad,Rabi,Mustard
7.77,0.4,0.5,243,55,346,415,21.2,Loam,Bharuch,Rabi,Mustard
7.98,0.21,0.59,183,41,374,422,19.3,Loam,Amreli,Rabi,Mustard
7.9,0.45,0.53,226,46,226,317,22.7,Loam,Bharuch,Rabi,Mustard
7.18,0.32,0.5,251,34,296,442,21.9,Loam,Bharuch,Rabi,Mustard
7.91,0.23,0.57,221,49,332,356,21.7,Loam,Ahmedabad,Rabi,Mustard
7.47,0.36,0.45,206,54,304,286,20.1,Loam,Surendranagar,Rabi,Mustard
6.76,0.24,0.52,219,38,281,370,17.1,Loam,Anand,Rabi,Mustard
6.85,0.49,0.46,258,32,258,264,24.4,Loam,Junagadh,Rabi,Mustard
7.6,0.12,0.42,237,42,276,268,19.4,Loam,Bharuch,Rabi,Mustard
7.4,0.11,0.46,226,32,281,291,22.2,Loam,Surendranagar,Rabi,Mustard
6.63,0.51,0.39,211,39,361,419,18.4,Loam,Bhavnagar,Rabi,Mustard
6.86,0.13,0.66,193,34,330,377,23.3,Loam,Junagadh,Rabi,Mustard
7.16,0.23,0.45,196,46,265,316,21.3,Loam,Rajkot,Rabi,Mustard
6.96,0.44,0.54,187,38,224,270,24.8,Loam,Kutch,Rabi,Mustard
7.24,0.24,0.56,181,51,223,413,20.1,Loam,Surat,Rabi,Mustard
7.97,0.48,0.55,224,52,343,348,24.7,Loam,Anand,Rabi,Mustard
6.82,0.32,0.38,192,37,252,273,16.3,Loam,Bhavnagar,Rabi,Mustard
7.78,0.58,0.45,197,44,397,279,23.9,Loam,Surendranagar,Rabi,Mustard
7.95,0.3,0.68,255,54,299,385,18.6,Loam,Banaskantha,Rabi,Mustard
7.26,0.57,0.65,220,30,257,386,24.5,Loam,Junagadh,Rabi,Mustard
6.65,0.32,0.56,236,36,309,302,22.9,Loam,Kutch,Rabi,Mustard
7.07,0.5,0.6,233,32,333,410,16.4,Loam,Anand,Rabi,Mustard
7.2,0.54,0.61,189,32,225,365,22.9,Loam,Bharuch,Rabi,Mustard
7.29,0.26,0.61,233,45,221,276,16.3,Loam,Gandhinagar,Rabi,Mustard
7,0.31,0.54,235,51,379,432,19.2,Loam,Ahmedabad,Rabi,Mustard
7.22,0.51,0.67,223,35,264,277,21.8,Loam,Ahmedabad,Rabi,Mustard
7.71,0.48,0.64,186,44,242,403,23.6,Loam,Ahmedabad,Rabi,Mustard
6.92,0.33,0.37,199,38,321,289,25.4,Loam,Kutch,Rabi,Mustard
7.78,0.29,0.53,183,41,238,267,26,Loam,Gandhinagar,Rabi,Mustard
6.72,0.43,0.56,217,46,333,456,20.8,Loam,Rajkot,Rabi,Mustard
7.87,0.32,0.68,223,37,238,322,22.9,Loam,Surendranagar,Rabi,Mustard
7.54,0.1,0.41,240,43,342,304,20.3,Loam,Rajkot,Rabi,Mustard
7.17,0.22,0.49,215,40,375,500,25.2,Loam,Surat,Rabi,Mustard
7.14,0.51,0.56,255,47,312,270,17.3,Loam,Rajkot,Rabi,Mustard
7.57,0.18,0.66,224,49,301,429,20.2,Loam,Surendranagar,Rabi,Mustard
7.7,0.13,0.63,194,52,288,456,17.7,Loam,Ahmedabad,Rabi,Mustard
6.56,0.28,0.61,207,45,272,312,22.2,Loam,Kutch,Rabi,Mustard
7.82,0.36,0.36,235,32,393,334,22.4,Loam,Mehsana,Rabi,Mustard
7.04,0.36,0.46,206,48,230,498,25.4,Loam,Bhavnagar,Rabi,Mustard
7.72,0.35,0.59,193,38,234,437,21.9,Loam,Ahmedabad,Rabi,Mustard
7.06,0.19,0.55,189,47,263,468,26,Loam,Bharuch,Rabi,Mustard
6.94,0.57,0.67,239,52,248,327,22.3,Loam,Navsari,Rabi,Mustard
7.25,0.15,0.48,215,48,371,448,23.9,Loam,Bhavnagar,Rabi,Mustard
6.9,0.18,0.43,235,42,241,434,16.8,Loam,Rajkot,Rabi,Mustard
6.91,0.11,0.41,237,49,394,422,18.6,Loam,Navsari,Rabi,Mustard
7.38,0.36,0.63,189,33,246,364,17.7,Loam,Kutch,Rabi,Mustard
7.57,0.5,0.64,258,33,285,420,20.2,Loam,Bhavnagar,Rabi,Mustard
6.91,0.29,0.65,202,38,228,494,16,Loam,Junagadh,Rabi,Mustard
6.73,0.35,0.57,225,52,298,457,21.3,Loam,Bharuch,Rabi,Mustard
7.19,0.3,0.7,209,32,390,286,24.8,Loam,Navsari,Rabi,Mustard
6.56,0.33,0.38,240,38,314,412,25.8,Loam,Bharuch,Rabi,Mustard
6.59,0.47,0.63,188,39,228,352,17.5,Loam,Kutch,Rabi,Mustard
6.8,0.57,0.59,250,42,284,391,22,Loam,Rajkot,Rabi,Mustard
7.82,0.49,0.44,235,43,381,414,22.4,Loam,Banaskantha,Rabi,Mustard
7.76,0.3,0.54,182,30,236,450,25.1,Loam,Junagadh,Rabi,Mustard
6.79,0.49,0.35,225,45,306,495,16.9,Loam,Banaskantha,Rabi,Mustard
7.72,0.21,0.66,186,33,391,338,19.1,Loam,Vadodara,Rabi,Mustard
7.92,0.5,0.41,252,51,303,401,19.7,Loam,Vadodara,Rabi,Mustard
6.81,0.56,0.68,224,39,335,357,22,Loam,Banaskantha,Rabi,Mustard
6.9,0.27,0.48,208,33,367,344,24.4,Loam,Surat,Rabi,Mustard
7.01,0.49,0.55,232,35,389,290,18.7,Loam,Surat,Rabi,Mustard
7.78,0.54,0.59,255,54,390,316,24.9,Loam,Amreli,Rabi,Mustard
7.83,0.31,0.37,195,53,296,258,17.6,Loam,Bharuch,Rabi,Mustard
6.53,0.35,0.62,204,33,381,256,19.8,Loam,Amreli,Rabi,Mustard
7.07,0.34,0.51,210,48,249,368,23.7,Loam,Navsari,Rabi,Mustard
7.52,0.23,0.65,184,52,321,283,21.1,Loam,Gandhinagar,Rabi,Mustard
7.44,0.19,0.38,229,32,393,275,18.6,Loam,Navsari,Rabi,Mustard
7.81,0.37,0.64,235,38,253,352,19,Loam,Banaskantha,Rabi,Mustard
7.5,0.41,0.68,256,33,309,279,22.7,Loam,Rajkot,Rabi,Mustard
6.87,0.52,0.6,259,44,397,268,25.2,Loam,Vadodara,Rabi,Mustard
7.87,0.23,0.41,182,53,249,448,23.3,Loam,Gandhinagar,Rabi,Mustard
7.89,0.5,0.64,256,55,269,287,24.5,Loam,Ahmedabad,Rabi,Mustard
7.05,0.17,0.49,226,37,223,363,25.9,Loam,Bhavnagar,Rabi,Mustard
7.61,0.12,0.59,204,42,328,420,18.5,Loam,Bhavnagar,Rabi,Mustard
7.86,0.38,0.41,260,43,322,357,25.4,Loam,Kutch,Rabi,Mustard
7.03,0.16,0.55,189,53,349,396,18.3,Loam,Banaskantha,Rabi,Mustard
6.89,0.54,0.62,210,40,262,484,23.3,Loam,Gandhinagar,Rabi,Mustard
7.47,0.41,0.58,231,37,243,327,17.4,Loam,Mehsana,Rabi,Mustard
7,0.29,0.48,194,34,297,308,21.7,Loam,Vadodara,Rabi,Mustard
7.41,0.33,0.42,214,47,390,427,25.9,Loam,Kutch,Rabi,Mustard
6.67,0.14,0.56,213,35,366,483,19.9,Loam,Vadodara,Rabi,Mustard
7.24,0.16,0.57,236,35,323,254,20.9,Loam,Anand,Rabi,Mustard
7.62,0.5,0.63,223,34,361,488,19.2,Loam,Amreli,Rabi,Mustard
7.97,0.41,0.55,239,33,281,362,23.5,Loam,Mehsana,Rabi,Mustard
7.32,0.4,0.46,246,36,394,456,25.9,Loam,Surat,Rabi,Mustard
6.98,0.56,0.45,243,51,399,294,23.3,Loam,Gandhinagar,Rabi,Mustard
7.37,0.21,0.47,186,48,292,461,21.6,Loam,Ahmedabad,Rabi,Mustard
6.61,0.34,0.44,232,47,342,442,23.5,Loam,Ahmedabad,Rabi,Mustard
7.32,0.32,0.51,245,52,321,440,23.2,Loam,Junagadh,Rabi,Mustard
7.03,0.37,0.61,258,31,376,417,24,Loam,Junagadh,Rabi,Mustard
7.61,0.25,0.5,246,36,266,288,20.6,Loam,Banaskantha,Rabi,Mustard
7.63,0.35,0.46,225,53,306,474,18.4,Loam,Kutch,Rabi,Mustard
6.55,0.12,0.55,230,52,326,417,23.2,Loam,Gandhinagar,Rabi,Mustard
7.36,0.59,0.58,238,52,269,370,16.2,Loam,Bhavnagar,Rabi,Mustard
7.53,0.51,0.45,236,41,395,481,16.4,Loam,Surendranagar,Rabi,Mustard
7.35,0.36,0.7,256,43,303,479,19.4,Loam,Navsari,Rabi,Mustard
6.76,0.13,0.48,245,40,241,476,23.9,Loam,Vadodara,Rabi,Mustard
7.24,0.18,0.53,239,49,246,415,24.9,Loam,Ahmedabad,Rabi,Mustard
6.62,0.25,0.58,256,51,277,477,22.1,Loam,Rajkot,Rabi,Mustard
7.09,0.16,0.65,256,48,306,383,23.1,Loam,Navsari,Rabi,Mustard
6.7,0.43,0.58,248,53,237,466,24.5,Loam,Mehsana,Rabi,Mustard
6.87,0.13,0.36,226,37,343,470,16.9,Loam,Amreli,Rabi,Mustard
6.74,0.3,0.64,211,43,262,350,24.9,Loam,Navsari,Rabi,Mustard
6.83,0.51,0.4,238,47,353,337,19.6,Loam,Kutch,Rabi,Mustard
7.64,0.16,0.48,198,45,337,437,20.5,Loam,Kutch,Rabi,Mustard
6.7,0.56,0.37,193,43,312,259,21.1,Loam,Surendranagar,Rabi,Mustard
7.06,0.59,0.52,253,49,254,414,16.4,Loam,Anand,Rabi,Mustard
7.79,0.44,0.68,239,32,350,391,21.5,Loam,Navsari,Rabi,Mustard
7.39,0.23,0.6,207,33,352,497,17.2,Loam,Junagadh,Rabi,Mustard
7.48,0.44,0.69,192,49,245,430,22.9,Loam,Vadodara,Rabi,Mustard
7.63,0.59,0.61,208,35,322,459,24.1,Loam,Navsari,Rabi,Mustard
7.95,0.47,0.5,251,44,327,304,24.7,Loam,Vadodara,Rabi,Mustard
6.88,0.5,0.65,196,34,273,479,16.5,Loam,Bharuch,Rabi,Mustard
7.28,0.57,0.43,250,45,229,341,25.4,Loam,Ahmedabad,Rabi,Mustard
7.27,0.18,0.36,212,44,392,497,25.7,Loam,Surat,Rabi,Mustard
6.63,0.18,0.66,187,46,240,252,21.6,Loam,Surendranagar,Rabi,Mustard
7.56,0.2,0.45,246,50,230,478,23.3,Loam,Surat,Rabi,Mustard
7.64,0.57,0.43,217,41,268,350,19.2,Loam,Vadodara,Rabi,Mustard
7.39,0.38,0.46,230,51,348,423,17.9,Loam,Vadodara,Rabi,Mustard
6.57,0.18,0.49,245,43,325,452,20.9,Loam,Ahmedabad,Rabi,Mustard
6.9,0.3,0.35,252,36,227,312,20.7,Loam,Bhavnagar,Rabi,Mustard
7.95,0.42,0.61,235,50,277,407,17.4,Loam,Surendranagar,Rabi,Mustard
7.75,0.45,0.37,192,37,384,313,21.2,Loam,Kutch,Rabi,Mustard
7.71,0.33,0.41,214,35,355,461,19.2,Loam,Kutch,Rabi,Mustard
7.24,0.28,0.47,222,47,352,429,18.5,Loam,Mehsana,Rabi,Mustard
6.62,0.26,0.44,235,37,316,381,23.3,Loam,Amreli,Rabi,Mustard
6.88,0.33,0.56,223,32,332,261,19.8,Loam,Banaskantha,Rabi,Mustard
7.04,0.48,0.52,190,42,309,339,18.5,Loam,Kutch,Rabi,Mustard
7.49,0.32,0.41,222,32,368,424,25.1,Loam,Amreli,Rabi,Mustard
6.64,0.58,0.67,196,42,326,478,18.4,Loam,Junagadh,Rabi,Mustard
6.98,0.53,0.52,222,48,246,441,23.5,Loam,Mehsana,Rabi,Mustard
7.45,0.3,0.57,218,35,360,456,18.2,Loam,Surat,Rabi,Mustard
7.6,0.44,0.53,225,43,261,374,23.4,Loam,Gandhinagar,Rabi,Mustard
6.64,0.38,0.64,199,30,322,250,19,Loam,Anand,Rabi,Mustard
6.54,0.32,0.57,245,35,272,416,23.2,Loam,Rajkot,Rabi,Mustard
7.66,0.2,0.54,201,43,314,437,19.3,Loam,Mehsana,Rabi,Mustard
7.89,0.42,0.5,204,38,350,440,16.7,Loam,Gandhinagar,Rabi,Mustard
6.65,0.5,0.49,257,45,227,405,16.1,Loam,Anand,Rabi,Mustard
7.91,0.44,0.63,201,50,365,366,25.2,Loam,Vadodara,Rabi,Mustard
6.54,0.33,0.4,210,36,355,431,18,Loam,Kutch,Rabi,Mustard
7.13,0.41,0.38,194,37,244,384,23.7,Loam,Surat,Rabi,Mustard
7.07,0.46,0.56,215,54,259,469,20.5,Loam,Mehsana,Rabi,Mustard
7.98,0.31,0.66,225,37,340,352,20.4,Loam,Rajkot,Rabi,Mustard
7.34,0.46,0.38,210,45,297,297,19.6,Loam,Rajkot,Rabi,Mustard
6.65,0.54,0.38,196,35,334,343,19,Loam,Banaskantha,Rabi,Mustard
6.98,0.41,0.46,244,40,296,287,16.2,Loam,Gandhinagar,Rabi,Mustard
7.88,0.19,0.57,214,37,297,380,24,Loam,Amreli,Rabi,Mustard
6.54,0.49,0.55,260,51,328,477,16.2,Loam,Mehsana,Rabi,Mustard
6.89,0.44,0.42,252,36,367,297,22.9,Loam,Kutch,Rabi,Mustard
7.48,0.36,0.37,197,50,268,410,20.2,Loam,Mehsana,Rabi,Mustard
7.73,0.58,0.53,238,44,344,388,23.3,Loam,Surat,Rabi,Mustard
6.69,0.21,0.66,209,41,342,316,18.5,Loam,Surendranagar,Rabi,Mustard
7.84,0.59,0.58,204,48,332,385,24.4,Loam,Surat,Rabi,Mustard
6.5,0.23,0.36,217,33,372,378,21,Loam,Ahmedabad,Rabi,Mustard
6.86,0.53,0.53,230,45,294,355,22.7,Loam,Kutch,Rabi,Mustard
7.7,0.13,0.45,255,38,319,368,23.7,Loam,Amreli,Rabi,Mustard
7.7,0.56,0.52,251,30,383,356,20.7,Loam,Mehsana,Rabi,Mustard
6.57,0.37,0.45,204,54,223,361,22.2,Loam,Bharuch,Rabi,Mustard
6.87,0.47,0.47,214,53,239,348,20.5,Loam,Junagadh,Rabi,Mustard
7.43,0.32,0.39,201,33,363,407,21.2,Loam,Kutch,Rabi,Mustard
6.72,0.21,0.36,211,55,350,392,16.5,Loam,Amreli,Rabi,Mustard
7.4,0.47,0.48,232,35,375,288,17.9,Loam,Kutch,Rabi,Mustard
6.75,0.3,0.5,227,41,276,488,21.4,Loam,Kutch,Rabi,Mustard
6.81,0.55,0.52,259,46,346,422,24.7,Loam,Navsari,Rabi,Mustard
7.82,0.3,0.6,210,49,245,391,23.8,Loam,Surendranagar,Rabi,Mustard
7.67,0.16,0.66,212,44,364,451,19.1,Loam,Mehsana,Rabi,Mustard
7.13,0.21,0.42,184,54,282,478,25.6,Loam,Bhavnagar,Rabi,Mustard
7.73,0.33,0.4,253,41,377,420,25.9,Loam,Rajkot,Rabi,Mustard
6.69,0.24,0.47,245,41,316,280,21.6,Loam,Anand,Rabi,Mustard
8,0.54,0.63,251,53,245,451,21,Loam,Amreli,Rabi,Mustard
7.38,0.15,0.61,190,47,241,468,25.3,Loam,Junagadh,Rabi,Mustard
7.19,0.58,0.4,214,47,356,476,25.4,Loam,Mehsana,Rabi,Mustard
6.6,0.12,0.65,183,55,312,425,24.8,Loam,Surat,Rabi,Mustard
7.24,0.22,0.42,244,44,245,321,24.7,Loam,Rajkot,Rabi,Mustard
7.38,0.24,0.62,203,35,227,300,17.6,Loam,Navsari,Rabi,Mustard
6.92,0.37,0.39,243,55,262,431,20.9,Loam,Ahmedabad,Rabi,Mustard
7.61,0.15,0.38,220,32,283,354,24.1,Loam,Rajkot,Rabi,Mustard
7.67,0.47,0.36,240,49,240,457,18.1,Loam,Surat,Rabi,Mustard
7.56,0.46,0.43,189,46,293,363,19.9,Loam,Navsari,Rabi,Mustard
6.55,0.44,0.67,256,51,272,364,21.1,Loam,Kutch,Rabi,Mustard
7.95,0.13,0.44,242,45,370,313,24.8,Loam,Mehsana,Rabi,Mustard
7.74,0.37,0.46,246,50,362,487,21.7,Loam,Banaskantha,Rabi,Mustard
6.99,0.54,0.44,195,36,323,417,21.2,Loam,Anand,Rabi,Mustard
7.46,0.31,0.39,246,32,240,373,18.2,Loam,Surendranagar,Rabi,Mustard
6.5,0.18,0.61,190,40,325,296,21,Loam,Rajkot,Rabi,Mustard
7.69,0.21,0.45,258,51,382,405,17.6,Loam,Anand,Rabi,Mustard
7.22,0.42,0.5,186,37,223,266,24,Loam,Junagadh,Rabi,Mustard
7.18,0.34,0.36,227,40,390,406,23.3,Loam,Kutch,Rabi,Mustard
6.67,0.21,0.68,235,48,244,486,20.4,Loam,Banaskantha,Rabi,Mustard
7.51,0.5,0.37,228,39,295,325,20.1,Loam,Navsari,Rabi,Mustard
6.6,0.57,0.68,242,39,327,492,20.1,Loam,Navsari,Rabi,Mustard
7.57,0.49,0.56,225,52,338,330,17.6,Loam,Surendranagar,Rabi,Mustard
6.76,0.25,0.58,233,36,247,419,25.1,Loam,Navsari,Rabi,Mustard
6.8,0.52,0.55,204,34,222,416,17.1,Loam,Gandhinagar,Rabi,Mustard
7.07,0.29,0.36,219,55,227,304,24.9,Loam,Junagadh,Rabi,Mustard
7.59,0.5,0.51,200,41,393,368,17.9,Loam,Amreli,Rabi,Mustard
6.66,0.33,0.61,219,34,345,297,19.2,Loam,Junagadh,Rabi,Mustard
7.66,0.4,0.5,239,45,241,353,25.3,Loam,Vadodara,Rabi,Mustard
6.92,0.5,0.5,257,51,298,433,21.2,Loam,Surendranagar,Rabi,Mustard
7.23,0.54,0.38,251,45,353,486,16.8,Loam,Gandhinagar,Rabi,Mustard
7.93,0.4,0.49,203,49,258,303,20.5,Loam,Bharuch,Rabi,Mustard
7.95,0.27,0.66,199,53,278,441,23.1,Loam,Bharuch,Rabi,Mustard
7.67,0.25,0.59,203,39,222,383,22.9,Loam,Amreli,Rabi,Mustard
7.27,0.15,0.54,199,51,317,390,21.3,Loam,Gandhinagar,Rabi,Mustard
7.66,0.59,0.53,226,31,261,267,23.3,Loam,Ahmedabad,Rabi,Mustard
6.57,0.12,0.49,251,37,382,270,23.3,Loam,Navsari,Rabi,Mustard
7.45,0.17,0.52,216,46,371,402,21.5,Loam,Ahmedabad,Rabi,Mustard
7.62,0.38,0.54,219,46,294,293,25.5,Loam,Bhavnagar,Rabi,Mustard
7.06,0.11,0.38,251,40,312,352,19.5,Loam,Rajkot,Rabi,Mustard
7.92,0.38,0.41,246,37,286,359,21.7,Loam,Ahmedabad,Rabi,Mustard
7.81,0.27,0.44,229,53,271,459,17.9,Loam,Vadodara,Rabi,Mustard
7.87,0.31,0.46,250,53,267,347,21.1,Loam,Bhavnagar,Rabi,Mustard
6.58,0.26,0.66,234,34,307,261,20.3,Loam,Surat,Rabi,Mustard
7.45,0.56,0.41,220,33,317,308,19.2,Loam,Gandhinagar,Rabi,Mustard
6.79,0.56,0.42,217,35,375,264,25.4,Loam,Bhavnagar,Rabi,Mustard
6.88,0.31,0.49,258,50,285,494,19.2,Loam,Surendranagar,Rabi,Mustard
7.15,0.11,0.61,239,55,278,260,25.3,Loam,Banaskantha,Rabi,Mustard
7.44,0.18,0.65,228,36,249,315,19.4,Loam,Surendranagar,Rabi,Mustard
7.91,0.28,0.41,224,41,302,276,24.5,Loam,Gandhinagar,Rabi,Mustard
6.97,0.35,0.38,214,53,348,265,23.8,Loam,Bharuch,Rabi,Mustard
7.84,0.52,0.62,182,50,222,481,20.3,Loam,Rajkot,Rabi,Mustard
7.54,0.37,0.42,227,46,328,302,20,Loam,Mehsana,Rabi,Mustard
7.36,0.14,0.44,246,55,373,265,19,Loam,Amreli,Rabi,Mustard
7.12,0.58,0.65,226,44,234,419,25.3,Loam,Surendranagar,Rabi,Mustard
7.54,0.3,0.69,257,33,299,479,25.6,Loam,Navsari,Rabi,Mustard
6.57,0.23,0.4,208,36,293,496,19.7,Loam,Surendranagar,Rabi,Mustard
7.07,0.19,0.43,247,39,342,474,24.2,Loam,Surat,Rabi,Mustard
7.09,0.18,0.53,259,42,387,264,20.6,Loam,Vadodara,Rabi,Mustard
7.74,0.4,0.65,232,49,376,325,18.5,Loam,Banaskantha,Rabi,Mustard
7.67,0.55,0.59,192,55,278,399,19,Loam,Banaskantha,Rabi,Mustard
6.96,0.24,0.49,237,44,363,370,22.4,Loam,Rajkot,Rabi,Mustard
7.5,0.19,0.6,205,37,234,416,23.4,Loam,Amreli,Rabi,Mustard
7.81,0.34,0.5,238,32,236,411,18.5,Loam,Banaskantha,Rabi,Mustard
7.69,0.52,0.52,188,35,330,374,18.2,Loam,Junagadh,Rabi,Mustard
7.21,0.2,0.43,212,30,341,315,22.1,Loam,Junagadh,Rabi,Mustard
7.14,0.22,0.41,198,31,265,419,17.1,Loam,Surat,Rabi,Mustard
6.53,0.11,0.54,194,35,224,378,21.4,Loam,Junagadh,Rabi,Mustard
7.07,0.53,0.49,210,37,398,467,19.7,Loam,Mehsana,Rabi,Mustard
7.8,0.45,0.36,197,51,286,269,23,Loam,Bharuch,Rabi,Mustard
6.97,0.17,0.43,217,30,270,256,23.2,Loam,Gandhinagar,Rabi,Mustard
6.98,0.41,0.67,256,53,244,494,25.1,Loam,Vadodara,Rabi,Mustard
7.93,0.26,0.58,259,30,294,375,19.8,Loam,Surat,Rabi,Mustard
7.39,0.6,0.59,224,34,368,335,24.9,Loam,Ahmedabad,Rabi,Mustard
6.79,0.4,0.45,215,34,227,368,19.5,Loam,Surendranagar,Rabi,Mustard
7.09,0.14,0.35,182,43,386,251,17.1,Loam,Ahmedabad,Rabi,Mustard
7.16,0.2,0.63,250,38,256,449,17.4,Loam,Mehsana,Rabi,Mustard
7.4,0.13,0.55,198,49,225,433,19.4,Loam,Navsari,Rabi,Mustard
7.5,0.36,0.4,225,52,358,297,21.9,Loam,Anand,Rabi,Mustard
7.31,0.54,0.41,219,33,263,353,25.2,Loam,Surat,Rabi,Mustard
7,0.56,0.41,260,52,363,341,24.6,Loam,Mehsana,Rabi,Mustard
7.95,0.12,0.7,204,34,319,319,19,Loam,Bharuch,Rabi,Mustard
7.38,0.37,0.52,259,45,387,323,21.3,Loam,Kutch,Rabi,Mustard
7.55,0.21,0.68,202,52,388,391,22.5,Loam,Surendranagar,Rabi,Mustard
6.76,0.4,0.64,257,54,270,347,19.9,Loam,Navsari,Rabi,Mustard
7.26,0.43,0.58,194,50,396,264,18.3,Loam,Gandhinagar,Rabi,Mustard
7.53,0.58,0.53,242,30,292,273,23.9,Loam,Surendranagar,Rabi,Mustard
7.99,0.32,0.65,211,55,224,366,21,Loam,Ahmedabad,Rabi,Mustard
7.02,0.58,0.51,207,50,355,446,16.9,Loam,Vadodara,Rabi,Mustard
7.86,0.43,0.6,237,36,398,432,18,Loam,Rajkot,Rabi,Mustard
7.01,0.28,0.4,191,41,343,364,22,Loam,Mehsana,Rabi,Mustard
7.44,0.26,0.67,183,48,256,291,20.4,Loam,Vadodara,Rabi,Mustard
7.93,0.36,0.61,260,50,280,479,22.6,Loam,Surendranagar,Rabi,Mustard
7.63,0.24,0.7,256,36,267,391,22,Loam,Vadodara,Rabi,Mustard
7.18,0.16,0.59,222,36,272,370,23.3,Loam,Kutch,Rabi,Mustard
6.67,0.52,0.41,202,53,366,343,22.4,Loam,Bharuch,Rabi,Mustard
7,0.32,0.49,181,41,330,466,17.1,Loam,Rajkot,Rabi,Mustard
7.69,0.49,0.61,214,47,349,347,21.1,Loam,Vadodara,Rabi,Mustard
7.16,0.44,0.5,244,38,390,375,17.8,Loam,Surat,Rabi,Mustard
6.5,0.16,0.61,190,48,330,365,22.3,Loam,Kutch,Rabi,Mustard
7.41,0.16,0.63,260,42,274,372,25,Loam,Amreli,Rabi,Mustard
7.22,0.11,0.58,217,30,353,343,16.3,Loam,Junagadh,Rabi,Mustard
7.27,0.5,0.51,236,40,399,270,22.6,Loam,Rajkot,Rabi,Mustard
6.55,0.59,0.52,236,48,363,466,21.1,Loam,Surat,Rabi,Mustard
6.83,0.4,0.38,205,51,351,271,23.8,Loam,Mehsana,Rabi,Mustard
7.6,0.49,0.44,238,49,326,429,23,Loam,Bhavnagar,Rabi,Mustard
6.51,0.52,0.52,226,48,345,254,22.2,Loam,Amreli,Rabi,Mustard
6.66,0.16,0.62,249,39,278,450,23.6,Loam,Bhavnagar,Rabi,Mustard
7.43,0.15,0.6,182,37,379,471,20.4,Loam,Bhavnagar,Rabi,Mustard
6.78,0.24,0.58,191,55,301,327,18.2,Loam,Junagadh,Rabi,Mustard
7.73,0.16,0.66,252,34,273,357,19.5,Loam,Bharuch,Rabi,Mustard
7.4,0.39,0.45,251,40,330,435,18.6,Loam,Amreli,Rabi,Mustard
7.14,0.13,0.41,241,34,312,436,18.8,Loam,Rajkot,Rabi,Mustard
6.88,0.38,0.64,192,34,332,274,25.2,Loam,Vadodara,Rabi,Mustard
6.79,0.16,0.37,243,55,241,422,18.3,Loam,Surat,Rabi,Mustard
7.95,0.43,0.56,252,42,381,400,19.5,Loam,Kutch,Rabi,Mustard
7.78,0.4,0.4,199,39,222,332,21.6,Loam,Surendranagar,Rabi,Mustard
7.6,0.22,0.5,225,42,240,271,21.1,Loam,Bhavnagar,Rabi,Mustard
7.63,0.13,0.52,213,49,370,424,16.7,Loam,Anand,Rabi,Mustard
7.04,0.28,0.57,195,41,367,409,24.6,Loam,Surat,Rabi,Mustard
7.1,0.25,0.43,221,53,227,415,20.7,Loam,Kutch,Rabi,Mustard
7.71,0.18,0.68,227,30,383,340,24.5,Loam,Surendranagar,Rabi,Mustard
7.68,0.14,0.66,193,53,396,360,19.6,Loam,Kutch,Rabi,Mustard
7.46,0.41,0.55,247,31,308,251,19,Loam,Amreli,Rabi,Mustard
6.63,0.36,0.69,196,31,283,496,22.4,Loam,Ahmedabad,Rabi,Mustard
7.98,0.48,0.43,228,40,328,324,18.4,Loam,Kutch,Rabi,Mustard
6.77,0.6,0.48,216,34,302,338,17.7,Loam,Bhavnagar,Rabi,Mustard
7.54,0.53,0.6,196,54,291,271,19.2,Loam,Mehsana,Rabi,Mustard
7.33,0.58,0.62,238,34,361,335,20.3,Loam,Gandhinagar,Rabi,Mustard
6.83,0.37,0.63,182,50,385,280,24.9,Loam,Surendranagar,Rabi,Mustard
7.51,0.27,0.7,227,33,398,459,23.2,Loam,Rajkot,Rabi,Mustard
7.63,0.24,0.36,194,32,381,343,21,Loam,Amreli,Rabi,Mustard
7.29,0.26,0.48,237,30,262,394,21.6,Loam,Gandhinagar,Rabi,Mustard
7.56,0.16,0.62,227,43,227,338,25.3,Loam,Mehsana,Rabi,Mustard
7.76,0.57,0.6,228,34,307,333,22.4,Loam,Bhavnagar,Rabi,Mustard
7.63,0.22,0.5,228,43,241,448,21.3,Loam,Junagadh,Rabi,Mustard
7.42,0.49,0.51,215,41,374,345,25,Loam,Rajkot,Rabi,Mustard
7.87,0.52,0.4,222,41,323,424,17.9,Loam,Kutch,Rabi,Mustard
6.89,0.11,0.46,235,46,287,482,24.4,Loam,Vadodara,Rabi,Mustard
7.75,0.18,0.57,216,35,261,415,25.8,Loam,Gandhinagar,Rabi,Mustard
6.66,0.29,0.56,241,42,334,330,23.3,Loam,Kutch,Rabi,Mustard
7.28,0.51,0.38,248,33,262,299,18.7,Loam,Anand,Rabi,Mustard
6.78,0.29,0.57,191,51,249,389,25.5,Loam,Banaskantha,Rabi,Mustard
7.28,0.14,0.61,235,30,361,436,22.6,Loam,Banaskantha,Rabi,Mustard
6.93,0.52,0.49,194,37,235,301,16.2,Loam,Bharuch,Rabi,Mustard
7.02,0.17,0.57,190,36,306,253,25.6,Loam,Gandhinagar,Rabi,Mustard
7.92,0.44,0.58,255,41,356,370,20,Loam,Bhavnagar,Rabi,Mustard
7.45,0.18,0.68,191,37,396,306,16.5,Loam,Gandhinagar,Rabi,Mustard
7.5,0.59,0.63,226,33,373,475,19.6,Loam,Surat,Rabi,Mustard
7.22,0.17,0.38,208,47,330,499,23.6,Loam,Vadodara,Rabi,Mustard
6.93,0.37,0.59,244,40,341,300,17.2,Loam,Gandhinagar,Rabi,Mustard
6.82,0.54,0.36,220,36,283,394,24,Loam,Bharuch,Rabi,Mustard
7.49,0.31,0.56,235,42,304,255,24.3,Loam,Anand,Rabi,Mustard
7.22,0.58,0.37,192,43,270,391,21.4,Loam,Gandhinagar,Rabi,Mustard
7.23,0.44,0.4,191,30,381,434,25.2,Loam,Anand,Rabi,Mustard
7.99,0.36,0.43,190,32,221,473,17.9,Loam,Navsari,Rabi,Mustard
7.21,0.58,0.63,256,41,331,429,23.5,Loam,Kutch,Rabi,Mustard
7.36,0.42,0.52,189,37,398,260,24.1,Loam,Surendranagar,Rabi,Mustard
6.53,0.15,0.41,210,38,366,359,22.4,Loam,Kutch,Rabi,Mustard
7.82,0.15,0.61,250,36,249,297,18,Loam,Mehsana,Rabi,Mustard
6.61,0.57,0.61,240,46,248,414,22.3,Loam,Kutch,Rabi,Mustard
6.59,0.17,0.41,185,43,383,275,17.4,Loam,Anand,Rabi,Mustard
6.55,0.31,0.38,202,38,300,390,20.3,Loam,Navsari,Rabi,Mustard
7,0.52,0.41,188,36,398,387,23.8,Loam,Mehsana,Rabi,Mustard
7.91,0.51,0.42,205,30,332,364,25.6,Loam,Anand,Rabi,Mustard
7.05,0.25,0.44,215,55,317,326,16.1,Loam,Junagadh,Rabi,Mustard
7.03,0.58,0.58,190,34,249,290,19.1,Loam,Mehsana,Rabi,Mustard
7.85,0.27,0.57,260,38,320,486,16.7,Loam,Junagadh,Rabi,Mustard
7.85,0.6,0.39,215,31,281,309,19.9,Loam,Banaskantha,Rabi,Mustard
7.57,0.17,0.47,237,48,246,455,16.3,Loam,Surat,Rabi,Mustard
6.65,0.55,0.6,227,52,376,252,19.9,Loam,Gandhinagar,Rabi,Mustard
7.96,0.1,0.55,247,42,335,455,22.8,Loam,Rajkot,Rabi,Mustard
6.95,0.46,0.37,227,52,348,342,19.2,Loam,Anand,Rabi,Mustard
7.53,0.28,0.67,215,47,251,491,22.3,Loam,Junagadh,Rabi,Mustard
7.51,0.14,0.52,190,41,324,354,17.9,Loam,Amreli,Rabi,Mustard
7.18,0.56,0.44,259,36,234,325,16.5,Loam,Bhavnagar,Rabi,Mustard
7.71,0.38,0.63,189,30,256,370,23.4,Loam,Banaskantha,Rabi,Mustard
6.81,0.47,0.48,214,33,245,370,20.8,Loam,Navsari,Rabi,Mustard
7.42,0.12,0.64,228,32,325,464,16.4,Loam,Banaskantha,Rabi,Mustard
7.43,0.15,0.68,187,52,400,255,16.7,Loam,Bhavnagar,Rabi,Mustard
7.86,0.53,0.68,207,50,332,259,17.5,Loam,Amreli,Rabi,Mustard
6.55,0.56,0.54,209,55,313,353,17.3,Loam,Navsari,Rabi,Mustard
6.83,0.35,0.57,186,31,305,320,16.7,Loam,Ahmedabad,Rabi,Mustard
6.98,0.58,0.51,195,34,231,340,16.5,Loam,Amreli,Rabi,Mustard
7.49,0.54,0.52,209,34,225,403,16.6,Loam,Anand,Rabi,Mustard
7.08,0.44,0.66,197,49,322,462,18.4,Loam,Surendranagar,Rabi,Mustard
7.05,0.39,0.52,240,52,238,497,20.2,Loam,Gandhinagar,Rabi,Mustard
7.85,0.17,0.69,190,38,310,416,19.9,Loam,Bhavnagar,Rabi,Mustard
7.18,0.26,0.41,231,33,388,341,21.2,Loam,Mehsana,Rabi,Mustard
7.44,0.14,0.64,219,44,237,377,20,Loam,Kutch,Rabi,Mustard
6.79,0.33,0.55,249,54,326,472,23.9,Loam,Surendranagar,Rabi,Mustard
6.88,0.5,0.62,256,45,275,363,21.6,Loam,Ahmedabad,Rabi,Mustard
7.03,0.4,0.65,241,49,378,349,18,Loam,Rajkot,Rabi,Mustard
7.23,0.19,0.67,249,46,350,309,18.7,Loam,Kutch,Rabi,Mustard
7.44,0.35,0.41,207,47,227,382,24.1,Loam,Gandhinagar,Rabi,Mustard
6.86,0.16,0.36,247,44,280,371,20.5,Loam,Amreli,Rabi,Mustard
7.98,0.25,0.62,220,43,296,381,16,Loam,Junagadh,Rabi,Mustard
7.09,0.32,0.43,223,44,372,456,23.6,Loam,Navsari,Rabi,Mustard
6.85,0.38,0.62,206,39,316,291,17.6,Loam,Navsari,Rabi,Mustard
6.91,0.37,0.62,201,35,276,275,25.2,Loam,Surendranagar,Rabi,Mustard
6.51,0.24,0.67,180,50,305,492,16.6,Loam,Mehsana,Rabi,Mustard
7.12,0.41,0.47,182,39,375,341,18,Loam,Junagadh,Rabi,Mustard
6.85,0.28,0.5,207,51,381,293,16.1,Loam,Kutch,Rabi,Mustard
8,0.59,0.38,228,34,322,306,21.8,Loam,Bharuch,Rabi,Mustard
7.91,0.24,0.67,203,39,359,271,17.5,Loam,Mehsana,Rabi,Mustard
7.41,0.24,0.38,227,34,325,282,24.2,Loam,Junagadh,Rabi,Mustard
7.32,0.12,0.68,184,53,373,275,23.3,Loam,Ahmedabad,Rabi,Mustard
7,0.4,0.39,226,31,268,275,21.9,Loam,Bharuch,Rabi,Mustard
6.62,0.47,0.58,248,45,363,441,17.4,Loam,Mehsana,Rabi,Mustard
7,0.25,0.65,232,50,349,316,20.6,Loam,Gandhinagar,Rabi,Mustard
6.97,0.59,0.59,229,36,291,314,20.7,Loam,Navsari,Rabi,Mustard
6.95,0.35,0.37,231,43,291,326,18.9,Loam,Surendranagar,Rabi,Mustard
7.07,0.39,0.37,245,55,382,329,23.5,Loam,Amreli,Rabi,Mustard
6.72,0.54,0.43,249,45,395,360,20.5,Loam,Amreli,Rabi,Mustard
7.38,0.13,0.46,228,54,244,286,17.4,Loam,Mehsana,Rabi,Mustard
6.7,0.47,0.58,192,53,293,438,16.3,Loam,Anand,Rabi,Mustard
7.65,0.22,0.36,259,35,320,477,19.9,Loam,Rajkot,Rabi,Mustard
7.13,0.37,0.57,183,39,268,376,24.8,Loam,Navsari,Rabi,Mustard
6.86,0.47,0.51,226,38,254,307,21.8,Loam,Mehsana,Rabi,Mustard
6.51,0.15,0.61,251,45,225,459,19.4,Loam,Mehsana,Rabi,Mustard
6.88,0.22,0.38,225,54,355,366,16.4,Loam,Kutch,Rabi,Mustard
7.98,0.23,0.6,204,49,352,463,17.6,Loam,Kutch,Rabi,Mustard
6.51,0.58,0.49,218,38,381,483,17,Loam,Mehsana,Rabi,Mustard
6.99,0.53,0.54,246,32,291,399,19.8,Loam,Navsari,Rabi,Mustard
7.47,0.21,0.61,192,53,301,499,21.9,Loam,Bharuch,Rabi,Mustard
7.95,0.21,0.45,214,32,251,447,22.3,Loam,Kutch,Rabi,Mustard
7.61,0.28,0.58,215,47,322,439,22.9,Loam,Bharuch,Rabi,Mustard
6.71,0.59,0.44,244,37,235,427,23.5,Loam,Junagadh,Rabi,Mustard
7.6,0.36,0.41,237,39,390,307,22.5,Loam,Surat,Rabi,Mustard
7.53,0.38,0.49,197,33,281,411,17.2,Loam,Rajkot,Rabi,Mustard
7.84,0.38,0.36,241,33,382,363,25.9,Loam,Banaskantha,Rabi,Mustard
7.33,0.3,0.48,246,41,297,268,25.8,Loam,Amreli,Rabi,Mustard
7.96,0.25,0.41,195,36,349,454,25.8,Loam,Gandhinagar,Rabi,Mustard
6.98,0.26,0.46,238,36,385,489,22.8,Loam,Surendranagar,Rabi,Mustard
6.75,0.18,0.36,260,50,328,486,24.1,Loam,Bharuch,Rabi,Mustard
7.61,0.23,0.7,201,30,311,384,23.6,Loam,Bhavnagar,Rabi,Mustard
7.54,0.52,0.54,216,53,238,425,25.4,Loam,Bhavnagar,Rabi,Mustard
6.91,0.36,0.67,207,31,224,425,23.9,Loam,Bhavnagar,Rabi,Mustard
6.52,0.42,0.42,204,40,268,295,18.6,Loam,Banaskantha,Rabi,Mustard
6.73,0.44,0.67,240,55,372,367,21.5,Loam,Amreli,Rabi,Mustard
7.34,0.3,0.37,212,34,262,470,22.5,Loam,Ahmedabad,Rabi,Mustard
6.7,0.24,0.68,243,45,302,269,20,Loam,Surat,Rabi,Mustard
6.5,0.58,0.52,199,33,245,358,17.6,Loam,Bhavnagar,Rabi,Mustard
7.62,0.51,0.41,233,53,392,396,19.8,Loam,Ahmedabad,Rabi,Mustard
6.56,0.58,0.35,218,31,399,386,23.2,Loam,Bharuch,Rabi,Mustard
7.9,0.38,0.5,230,51,324,348,20,Loam,Ahmedabad,Rabi,Mustard
7.84,0.35,0.56,223,52,304,390,25.5,Loam,Kutch,Rabi,Mustard
7.97,0.54,0.66,206,40,381,334,21.6,Loam,Surat,Rabi,Mustard
7.93,0.35,0.55,210,39,250,369,19.1,Loam,Gandhinagar,Rabi,Mustard
6.62,0.28,0.56,252,33,255,428,17.2,Loam,Bharuch,Rabi,Mustard
7.96,0.37,0.52,183,55,284,302,17.4,Loam,Surendranagar,Rabi,Mustard
7.31,0.45,0.69,233,46,365,407,16.6,Loam,Vadodara,Rabi,Mustard
7.15,0.48,0.42,214,50,314,400,21,Loam,Junagadh,Rabi,Mustard
7.62,0.34,0.62,239,40,399,293,19,Loam,Banaskantha,Rabi,Mustard
6.85,0.38,0.47,199,30,222,458,24.2,Loam,Amreli,Rabi,Mustard
7.39,0.3,0.68,200,42,386,291,19,Loam,Mehsana,Rabi,Mustard
7.15,0.19,0.51,189,55,300,325,16.1,Loam,Amreli,Rabi,Mustard
7.25,0.36,0.38,210,39,251,386,22.8,Loam,Vadodara,Rabi,Mustard
6.78,0.38,0.35,239,45,259,290,19,Loam,Banaskantha,Rabi,Mustard
6.52,0.38,0.61,219,50,260,292,18.2,Loam,Bharuch,Rabi,Mustard
6.63,0.56,0.61,188,34,360,306,18.2,Loam,Bhavnagar,Rabi,Mustard
7.16,0.5,0.36,187,35,265,321,22.3,Loam,Banaskantha,Rabi,Mustard
7.56,0.15,0.49,198,38,241,494,21,Loam,Bharuch,Rabi,Mustard
7.84,0.57,0.62,251,55,299,481,23.4,Loam,Vadodara,Rabi,Mustard
6.71,0.28,0.54,244,30,398,463,24.4,Loam,Rajkot,Rabi,Mustard
6.69,0.23,0.67,247,45,234,270,20.5,Loam,Rajkot,Rabi,Mustard
6.93,0.17,0.54,257,55,240,405,17.5,Loam,Surat,Rabi,Mustard
7.22,0.49,0.55,218,41,393,402,18.3,Loam,Junagadh,Rabi,Mustard
7.56,0.43,0.5,255,39,253,463,23.4,Loam,Kutch,Rabi,Mustard
7.7,0.31,0.43,191,55,238,293,25.6,Loam,Rajkot,Rabi,Mustard
7.9,0.23,0.6,253,46,291,283,20.6,Loam,Mehsana,Rabi,Mustard
7.34,0.32,0.36,196,44,275,396,20.8,Loam,Navsari,Rabi,Mustard
6.99,0.16,0.52,250,46,314,440,16.2,Loam,Mehsana,Rabi,Mustard
6.5,0.5,0.66,186,32,276,412,16.8,Loam,Kutch,Rabi,Mustard
7.31,0.5,0.61,184,43,261,440,24,Loam,Banaskantha,Rabi,Mustard
7.21,0.14,0.52,247,34,267,293,17.9,Loam,Surat,Rabi,Mustard
6.75,0.45,0.36,238,50,234,429,16.9,Loam,Ahmedabad,Rabi,Mustard
7.32,0.5,0.62,210,36,288,282,24.3,Loam,Navsari,Rabi,Mustard
7.92,0.21,0.63,198,54,254,300,25,Loam,Gandhinagar,Rabi,Mustard
6.58,0.29,0.4,215,36,366,373,22.3,Loam,Amreli,Rabi,Mustard
6.77,0.39,0.67,234,35,388,409,16.4,Loam,Bharuch,Rabi,Mustard
7.87,0.18,0.52,247,46,355,365,17.2,Loam,Bhavnagar,Rabi,Mustard
7.1,0.22,0.55,213,44,374,370,16.5,Loam,Mehsana,Rabi,Mustard
7.31,0.47,0.44,217,43,312,360,19.4,Loam,Mehsana,Rabi,Mustard
7.45,0.58,0.49,241,48,253,482,24.7,Loam,Vadodara,Rabi,Mustard
7.1,0.45,0.6,182,45,305,372,24.1,Loam,Kutch,Rabi,Mustard
7.33,0.18,0.5,195,45,235,272,22.4,Loam,Surat,Rabi,Mustard
7.72,0.21,0.35,213,50,330,341,22.9,Loam,Bharuch,Rabi,Mustard
7.41,0.36,0.55,239,40,279,340,24.4,Loam,Mehsana,Rabi,Mustard
6.75,0.35,0.62,228,47,252,266,18.3,Loam,Rajkot,Rabi,Mustard
7.96,0.32,0.63,245,38,367,392,18.3,Loam,Surat,Rabi,Mustard
6.95,0.51,0.52,186,47,246,472,20.9,Loam,Kutch,Rabi,Mustard
7.53,0.25,0.43,216,45,379,420,22.6,Loam,Bharuch,Rabi,Mustard
7.77,0.26,0.62,183,48,314,286,22.3,Loam,Rajkot,Rabi,Mustard
7.53,0.38,0.64,227,43,280,316,20.5,Loam,Mehsana,Rabi,Mustard
7.8,0.18,0.6,197,40,365,405,20.7,Loam,Navsari,Rabi,Mustard
7.03,0.27,0.36,219,33,300,390,23.6,Loam,Bharuch,Rabi,Mustard
6.92,0.5,0.67,185,54,322,369,24.2,Loam,Surendranagar,Rabi,Mustard
6.92,0.23,0.69,209,49,252,299,16.9,Loam,Junagadh,Rabi,Mustard
6.99,0.53,0.37,230,47,295,461,16.4,Loam,Bharuch,Rabi,Mustard
6.5,0.23,0.67,213,45,288,481,25.3,Loam,Banaskantha,Rabi,Mustard
7.65,0.34,0.52,199,43,350,471,20.2,Loam,Vadodara,Rabi,Mustard
7.88,0.36,0.38,217,31,367,279,22.9,Loam,Rajkot,Rabi,Mustard
6.9,0.19,0.36,210,54,378,300,21.9,Loam,Kutch,Rabi,Mustard
7.38,0.38,0.68,221,36,278,354,17.4,Loam,Gandhinagar,Rabi,Mustard
7.2,0.13,0.42,241,50,396,406,18.2,Loam,Bhavnagar,Rabi,Mustard
7.88,0.27,0.44,185,38,248,433,24,Loam,Vadodara,Rabi,Mustard
7.26,0.59,0.49,205,48,239,300,22.2,Loam,Gandhinagar,Rabi,Mustard
6.96,0.23,0.65,193,50,288,346,24.8,Loam,Gandhinagar,Rabi,Mustard
7.48,0.13,0.5,221,35,343,303,19.5,Loam,Rajkot,Rabi,Mustard
6.84,0.25,0.61,229,48,296,477,19.8,Loam,Banaskantha,Rabi,Mustard
6.93,0.28,0.35,183,33,334,365,24.2,Loam,Anand,Rabi,Mustard
7.19,0.29,0.66,180,37,298,397,22,Loam,Kutch,Rabi,Mustard
7.83,0.49,0.46,257,48,261,353,18.9,Loam,Mehsana,Rabi,Mustard
7.45,0.15,0.69,249,42,340,289,18.9,Loam,Junagadh,Rabi,Mustard
7,0.43,0.44,226,47,389,377,24.8,Loam,Bharuch,Rabi,Mustard
6.94,0.51,0.64,235,46,300,481,16.9,Loam,Anand,Rabi,Mustard
7.58,0.4,0.65,235,36,267,367,18.2,Loam,Anand,Rabi,Mustard
6.67,0.18,0.55,253,54,360,382,18.3,Loam,Bharuch,Rabi,Mustard
7.54,0.16,0.56,206,44,325,441,22.1,Loam,Mehsana,Rabi,Mustard
7.15,0.18,0.47,243,40,362,318,21.8,Loam,Anand,Rabi,Mustard
7.38,0.45,0.44,199,45,245,464,18.6,Loam,Kutch,Rabi,Mustard
7.78,0.35,0.4,199,47,281,254,19,Loam,Anand,Rabi,Mustard
7.19,0.36,0.66,244,40,273,373,22.3,Loam,Mehsana,Rabi,Mustard
7.45,0.15,0.63,254,52,322,295,18.4,Loam,Kutch,Rabi,Mustard
6.51,0.47,0.41,228,38,326,450,20.2,Loam,Rajkot,Rabi,Mustard
7.42,0.24,0.58,199,49,356,356,17.3,Loam,Banaskantha,Rabi,Mustard
7.51,0.19,0.64,212,37,253,291,22.9,Loam,Bharuch,Rabi,Mustard
6.66,0.58,0.46,196,36,308,435,20.9,Loam,Navsari,Rabi,Mustard
7.93,0.38,0.65,187,35,229,344,23,Loam,Bharuch,Rabi,Mustard
6.52,0.36,0.52,258,49,237,321,16.1,Loam,Bhavnagar,Rabi,Mustard
7.33,0.31,0.56,224,42,281,378,16.2,Loam,Junagadh,Rabi,Mustard
6.96,0.28,0.64,199,43,300,321,19.9,Loam,Ahmedabad,Rabi,Mustard
7.23,0.19,0.53,245,37,283,325,23,Loam,Banaskantha,Rabi,Mustard
7.15,0.41,0.43,253,40,322,465,20.7,Loam,Junagadh,Rabi,Mustard
7.48,0.32,0.68,231,51,297,439,25.6,Loam,Surat,Rabi,Mustard
8,0.41,0.35,218,43,261,382,20,Loam,Rajkot,Rabi,Mustard
6.58,0.27,0.35,248,36,313,378,22.9,Loam,Ahmedabad,Rabi,Mustard
7.09,0.54,0.66,189,51,375,391,22.9,Loam,Kutch,Rabi,Mustard
6.58,0.53,0.44,233,44,228,427,18.5,Loam,Rajkot,Rabi,Mustard
6.52,0.14,0.41,222,34,235,353,25.3,Loam,Gandhinagar,Rabi,Mustard
6.51,0.38,1.09,281,36,196,1716,32.2,Clay Loam,Mehsana,Kharif,Rice
7.05,0.63,0.65,336,56,325,1332,28,Clay Loam,Ahmedabad,Kharif,Rice
6.8,0.58,0.88,271,32,309,1552,33,Clay Loam,Surendranagar,Kharif,Rice
5.78,0.22,0.79,281,36,275,1724,26.4,Clay Loam,Junagadh,Kharif,Rice
6.18,0.29,0.95,277,53,239,1487,31.5,Clay Loam,Surendranagar,Kharif,Rice
7.06,0.72,1.01,279,43,185,1160,24.4,Clay Loam,Rajkot,Kharif,Rice
6.69,0.78,0.99,378,40,246,1525,28.2,Clay Loam,Vadodara,Kharif,Rice
7.02,0.86,1.19,376,45,246,1192,34,Clay Loam,Anand,Kharif,Rice
6.98,0.94,1.03,324,29,349,1169,33.4,Clay Loam,Bhavnagar,Kharif,Rice
5.8,0.8,1.17,280,50,329,1450,31.2,Clay Loam,Anand,Kharif,Rice
6.99,0.52,0.76,384,27,190,1285,26,Clay Loam,Bharuch,Kharif,Rice
6.06,0.53,0.91,271,60,290,1739,34,Clay Loam,Surat,Kharif,Rice
6.55,0.96,0.63,250,48,323,1773,26.8,Clay Loam,Surat,Kharif,Rice
6.2,0.8,0.96,338,51,261,1423,27.4,Clay Loam,Ahmedabad,Kharif,Rice
6.17,0.36,1.01,391,25,221,1339,26.6,Clay Loam,Surat,Kharif,Rice
5.67,0.51,0.85,378,54,260,1127,31.4,Clay Loam,Bhavnagar,Kharif,Rice
6.18,0.97,0.61,351,36,260,1730,30.7,Clay Loam,Junagadh,Kharif,Rice
5.96,0.95,0.7,379,28,198,1685,28.6,Clay Loam,Vadodara,Kharif,Rice
6.02,0.68,0.84,358,43,317,1585,30.4,Clay Loam,Surat,Kharif,Rice
7.1,0.2,0.71,266,48,340,1404,27.9,Clay Loam,Banaskantha,Kharif,Rice
6.31,0.47,0.81,349,26,284,1287,29.7,Clay Loam,Surendranagar,Kharif,Rice
5.7,0.65,0.86,379,58,282,1673,24.3,Clay Loam,Bhavnagar,Kharif,Rice
6.94,0.33,1.13,271,38,238,1633,29.2,Clay Loam,Gandhinagar,Kharif,Rice
5.79,0.6,1.19,396,41,197,1389,33.6,Clay Loam,Junagadh,Kharif,Rice
7.01,0.74,1.11,373,37,288,1243,27.6,Clay Loam,Anand,Kharif,Rice
6.98,0.8,0.62,286,59,228,1795,27.9,Clay Loam,Ahmedabad,Kharif,Rice
6.87,0.29,0.86,252,39,204,1265,33.5,Clay Loam,Kutch,Kharif,Rice
6.98,0.49,0.99,287,52,211,1659,31.3,Clay Loam,Navsari,Kharif,Rice
7.19,0.41,0.86,390,35,348,1025,30.3,Clay Loam,Surat,Kharif,Rice
5.66,0.73,0.85,373,35,286,1278,32.9,Clay Loam,Kutch,Kharif,Rice
6.26,0.34,0.66,300,58,298,1121,31.8,Clay Loam,Junagadh,Kharif,Rice
6.39,0.67,1.17,278,46,230,1783,31.4,Clay Loam,Mehsana,Kharif,Rice
7.19,0.56,1.17,328,27,316,1794,25.9,Clay Loam,Surendranagar,Kharif,Rice
6.1,0.57,0.65,323,48,268,1144,25.5,Clay Loam,Bharuch,Kharif,Rice
6.35,0.95,1.1,333,25,190,1755,28.6,Clay Loam,Banaskantha,Kharif,Rice
5.67,0.33,0.71,321,54,201,1596,33.6,Clay Loam,Vadodara,Kharif,Rice
6.29,0.4,1.07,303,36,201,1663,27.5,Clay Loam,Junagadh,Kharif,Rice
6.51,0.58,1.07,381,33,284,1117,30.1,Clay Loam,Surendranagar,Kharif,Rice
7.08,0.32,0.84,393,31,253,1561,29.2,Clay Loam,Junagadh,Kharif,Rice
7.12,0.67,1.03,349,36,263,1793,24.8,Clay Loam,Vadodara,Kharif,Rice
6.8,0.67,0.71,350,50,240,1077,28.4,Clay Loam,Bhavnagar,Kharif,Rice
5.71,0.27,0.62,346,32,221,1092,25.8,Clay Loam,Surendranagar,Kharif,Rice
5.93,0.37,1.19,278,52,288,1695,24.4,Clay Loam,Surendranagar,Kharif,Rice
6.64,0.59,1,399,44,271,1248,25,Clay Loam,Amreli,Kharif,Rice
7.12,0.83,0.6,352,50,308,1282,24.1,Clay Loam,Navsari,Kharif,Rice
5.71,0.94,1,393,40,310,1451,32.7,Clay Loam,Rajkot,Kharif,Rice
7,0.59,0.93,387,29,199,1107,32.3,Clay Loam,Anand,Kharif,Rice
6.25,0.64,1.14,340,60,227,1076,24.3,Clay Loam,Amreli,Kharif,Rice
6.19,0.84,0.68,287,43,185,1512,30.7,Clay Loam,Kutch,Kharif,Rice
6.14,0.86,0.69,352,35,255,1629,32.6,Clay Loam,Anand,Kharif,Rice
7.06,0.44,0.79,378,28,290,1622,31.6,Clay Loam,Junagadh,Kharif,Rice
5.74,0.71,0.72,336,44,210,1237,29.7,Clay Loam,Mehsana,Kharif,Rice
6.1,0.89,0.88,376,25,228,1329,27,Clay Loam,Bharuch,Kharif,Rice
6.11,0.77,0.79,316,25,249,1260,27,Clay Loam,Kutch,Kharif,Rice
5.85,0.52,1.07,265,51,301,1468,33.1,Clay Loam,Surat,Kharif,Rice
5.51,0.52,1.19,357,36,203,1144,27.8,Clay Loam,Gandhinagar,Kharif,Rice
5.64,0.44,0.75,318,60,296,1640,31.4,Clay Loam,Vadodara,Kharif,Rice
6.28,0.23,1.11,368,29,204,1440,31.4,Clay Loam,Gandhinagar,Kharif,Rice
7.03,0.42,0.94,380,52,203,1657,31,Clay Loam,Mehsana,Kharif,Rice
6.24,0.36,0.77,359,25,210,1050,26.5,Clay Loam,Gandhinagar,Kharif,Rice
6.9,0.36,1.08,310,25,349,1080,32.6,Clay Loam,Bharuch,Kharif,Rice
5.61,0.23,0.8,298,58,269,1142,28.5,Clay Loam,Kutch,Kharif,Rice
5.74,0.35,0.91,375,46,308,1640,32.9,Clay Loam,Rajkot,Kharif,Rice
6.74,0.78,0.7,318,43,335,1284,33.4,Clay Loam,Junagadh,Kharif,Rice
6.73,0.76,0.73,353,53,255,1655,31.3,Clay Loam,Bhavnagar,Kharif,Rice
6.72,0.68,0.96,346,40,279,1411,25.7,Clay Loam,Gandhinagar,Kharif,Rice
6.75,0.21,0.76,365,59,295,1454,31.6,Clay Loam,Amreli,Kharif,Rice
7.04,0.91,0.64,279,37,206,1394,29,Clay Loam,Anand,Kharif,Rice
6.96,0.68,0.94,279,53,310,1382,27.2,Clay Loam,Vadodara,Kharif,Rice
6.27,0.23,0.87,272,35,191,1515,33.4,Clay Loam,Surat,Kharif,Rice
6.67,0.43,1.09,331,43,324,1435,24,Clay Loam,Bhavnagar,Kharif,Rice
5.85,0.97,0.92,343,37,280,1537,25,Clay Loam,Banaskantha,Kharif,Rice
6.41,0.85,1.09,371,43,325,1422,28.5,Clay Loam,Bharuch,Kharif,Rice
7.07,0.87,0.69,260,40,300,1061,32,Clay Loam,Rajkot,Kharif,Rice
5.7,0.78,0.72,371,55,264,1290,28.2,Clay Loam,Mehsana,Kharif,Rice
6.01,0.23,0.66,302,36,308,1211,29.7,Clay Loam,Gandhinagar,Kharif,Rice
6.26,0.49,1.09,377,36,335,1551,33.1,Clay Loam,Junagadh,Kharif,Rice
6.29,0.29,0.94,400,30,322,1621,30.8,Clay Loam,Amreli,Kharif,Rice
5.66,0.92,1.15,310,58,218,1230,31.9,Clay Loam,Navsari,Kharif,Rice
7.09,0.79,0.6,349,59,294,1110,33,Clay Loam,Rajkot,Kharif,Rice
5.74,0.2,1.13,359,53,199,1328,27.7,Clay Loam,Ahmedabad,Kharif,Rice
6.08,0.41,1,348,53,278,1373,32.2,Clay Loam,Vadodara,Kharif,Rice
6.93,0.24,1.02,284,38,276,1654,26.8,Clay Loam,Navsari,Kharif,Rice
6.44,0.2,0.68,252,55,288,1492,24.8,Clay Loam,Bhavnagar,Kharif,Rice
7.02,0.55,0.72,277,32,344,1799,31.1,Clay Loam,Kutch,Kharif,Rice
6.69,0.34,1.12,390,44,267,1547,25.2,Clay Loam,Kutch,Kharif,Rice
6.98,0.34,0.87,278,29,240,1077,27.5,Clay Loam,Ahmedabad,Kharif,Rice
6.32,0.96,0.69,341,48,199,1225,27.6,Clay Loam,Gandhinagar,Kharif,Rice
6.1,0.31,0.81,322,27,237,1515,24.6,Clay Loam,Bharuch,Kharif,Rice
6.45,0.9,0.91,266,44,349,1371,26.5,Clay Loam,Amreli,Kharif,Rice
6.37,0.62,1.08,314,54,185,1652,29.9,Clay Loam,Surat,Kharif,Rice
6.22,0.97,0.88,315,38,228,1577,27.2,Clay Loam,Bhavnagar,Kharif,Rice
6.15,0.32,0.74,327,43,328,1042,29.3,Clay Loam,Gandhinagar,Kharif,Rice
5.8,0.85,0.82,265,37,328,1730,28.9,Clay Loam,Mehsana,Kharif,Rice
5.69,0.53,1.17,304,51,255,1584,27.4,Clay Loam,Gandhinagar,Kharif,Rice
6.04,0.88,0.76,259,30,232,1750,27.9,Clay Loam,Amreli,Kharif,Rice
5.75,0.83,1.09,304,37,282,1029,28,Clay Loam,Junagadh,Kharif,Rice
5.81,0.58,0.96,321,47,247,1144,27.5,Clay Loam,Kutch,Kharif,Rice
7.18,0.78,0.95,393,26,261,1252,24.4,Clay Loam,Ahmedabad,Kharif,Rice
6.52,0.58,1.17,390,53,218,1215,24.2,Clay Loam,Navsari,Kharif,Rice
6.08,0.73,0.9,262,47,204,1696,25.4,Clay Loam,Ahmedabad,Kharif,Rice
5.82,0.63,0.64,387,30,268,1614,25.9,Clay Loam,Ahmedabad,Kharif,Rice
6.51,0.87,1.08,335,33,347,1383,30.3,Clay Loam,Ahmedabad,Kharif,Rice
6.96,0.87,0.76,341,54,244,1552,33.8,Clay Loam,Ahmedabad,Kharif,Rice
5.83,0.55,0.77,343,39,267,1236,28.1,Clay Loam,Surat,Kharif,Rice
6.4,0.44,0.87,349,41,256,1355,33.7,Clay Loam,Anand,Kharif,Rice
5.74,0.91,0.62,334,38,242,1119,33.5,Clay Loam,Junagadh,Kharif,Rice
6.68,0.86,0.88,396,49,274,1526,29.6,Clay Loam,Banaskantha,Kharif,Rice
6.26,0.51,1.01,394,25,205,1489,26.7,Clay Loam,Anand,Kharif,Rice
6.38,0.57,0.87,338,55,187,1512,26.6,Clay Loam,Surendranagar,Kharif,Rice
6.24,0.56,1.03,264,26,255,1148,32.1,Clay Loam,Gandhinagar,Kharif,Rice
6.75,0.69,0.95,332,39,254,1668,31,Clay Loam,Gandhinagar,Kharif,Rice
6.81,0.44,0.63,294,26,321,1116,31.3,Clay Loam,Anand,Kharif,Rice
7.02,0.61,0.67,392,50,257,1191,25.4,Clay Loam,Banaskantha,Kharif,Rice
7.19,0.22,1.17,394,51,220,1307,32.1,Clay Loam,Vadodara,Kharif,Rice
5.99,0.61,1.18,324,58,292,1115,25.5,Clay Loam,Bharuch,Kharif,Rice
7.11,0.33,0.85,367,34,248,1218,28.8,Clay Loam,Junagadh,Kharif,Rice
6.37,0.88,1.02,352,40,203,1565,32.5,Clay Loam,Banaskantha,Kharif,Rice
5.51,0.46,0.75,257,29,256,1013,25,Clay Loam,Bhavnagar,Kharif,Rice
6.74,0.46,1.14,265,38,190,1689,33.6,Clay Loam,Kutch,Kharif,Rice
7.18,0.89,1.1,275,56,243,1097,30.7,Clay Loam,Mehsana,Kharif,Rice
5.55,0.69,0.77,337,49,300,1651,25.6,Clay Loam,Mehsana,Kharif,Rice
5.64,0.75,1.14,324,29,244,1349,31,Clay Loam,Surendranagar,Kharif,Rice
6.02,0.25,0.76,361,37,270,1751,32.4,Clay Loam,Rajkot,Kharif,Rice
5.99,0.75,0.66,263,58,257,1575,33.1,Clay Loam,Banaskantha,Kharif,Rice
7.03,0.25,0.99,398,45,275,1450,24.8,Clay Loam,Kutch,Kharif,Rice
6.52,0.44,0.85,333,39,215,1250,25.5,Clay Loam,Surat,Kharif,Rice
6.28,0.3,0.61,296,46,191,1644,32.6,Clay Loam,Ahmedabad,Kharif,Rice
6.17,0.31,0.99,293,50,253,1559,25,Clay Loam,Amreli,Kharif,Rice
6.92,0.4,0.61,317,49,309,1320,28.3,Clay Loam,Kutch,Kharif,Rice
5.98,0.77,1.02,283,36,194,1494,24.7,Clay Loam,Amreli,Kharif,Rice
6.1,0.49,0.95,289,59,252,1796,29,Clay Loam,Anand,Kharif,Rice
7.15,0.68,1.1,266,33,329,1739,25.6,Clay Loam,Rajkot,Kharif,Rice
7.15,0.33,0.78,320,54,287,1267,24.7,Clay Loam,Rajkot,Kharif,Rice
7.11,0.28,0.64,384,56,317,1227,33.3,Clay Loam,Surendranagar,Kharif,Rice
5.67,0.61,0.81,314,40,253,1699,30.8,Clay Loam,Navsari,Kharif,Rice
7.13,0.99,0.84,251,30,305,1056,29.5,Clay Loam,Surendranagar,Kharif,Rice
7.06,0.58,0.61,319,25,319,1341,26,Clay Loam,Bhavnagar,Kharif,Rice
6.31,0.57,0.64,353,48,250,1390,24.1,Clay Loam,Kutch,Kharif,Rice
6.77,0.31,0.66,324,48,294,1445,25.2,Clay Loam,Junagadh,Kharif,Rice
5.76,0.99,0.81,325,43,283,1285,29.4,Clay Loam,Surat,Kharif,Rice
6.94,0.99,0.86,365,29,303,1673,30.7,Clay Loam,Amreli,Kharif,Rice
7.06,0.81,0.91,319,36,304,1068,30.5,Clay Loam,Anand,Kharif,Rice
5.56,0.5,0.74,325,39,280,1415,33.1,Clay Loam,Rajkot,Kharif,Rice
7.05,0.73,0.88,364,38,197,1618,29.3,Clay Loam,Junagadh,Kharif,Rice
6.18,0.28,0.68,377,40,318,1088,29.4,Clay Loam,Vadodara,Kharif,Rice
6.19,0.47,0.79,365,31,307,1368,25.7,Clay Loam,Anand,Kharif,Rice
5.96,0.33,0.71,362,57,224,1502,32.2,Clay Loam,Gandhinagar,Kharif,Rice
6.97,0.32,0.62,254,47,231,1258,31.9,Clay Loam,Bharuch,Kharif,Rice
6.68,0.98,1.08,322,49,190,1500,24.2,Clay Loam,Rajkot,Kharif,Rice
6.5,0.44,0.65,272,27,237,1125,27.1,Clay Loam,Mehsana,Kharif,Rice
5.82,0.5,0.81,395,27,312,1206,24.5,Clay Loam,Bharuch,Kharif,Rice
5.77,0.55,1.07,372,51,258,1272,31.9,Clay Loam,Banaskantha,Kharif,Rice
6.66,0.83,0.7,400,33,238,1688,28.5,Clay Loam,Gandhinagar,Kharif,Rice
6.92,0.38,0.77,251,55,198,1594,30.2,Clay Loam,Rajkot,Kharif,Rice
6.55,0.84,0.64,348,26,199,1326,30.8,Clay Loam,Navsari,Kharif,Rice
6.79,0.72,0.73,342,36,312,1429,29.9,Clay Loam,Rajkot,Kharif,Rice
7.19,0.92,1.01,373,26,257,1251,31.6,Clay Loam,Gandhinagar,Kharif,Rice
6.49,0.91,0.62,298,33,233,1773,32.2,Clay Loam,Junagadh,Kharif,Rice
6.56,0.61,0.88,392,30,226,1722,29.7,Clay Loam,Ahmedabad,Kharif,Rice
7.07,0.75,0.72,399,56,218,1593,26.1,Clay Loam,Anand,Kharif,Rice
5.81,0.73,1.14,379,36,339,1494,30.5,Clay Loam,Ahmedabad,Kharif,Rice
6.49,0.8,0.93,322,56,198,1651,26.8,Clay Loam,Banaskantha,Kharif,Rice
6.24,0.8,1.13,292,40,297,1791,32.4,Clay Loam,Rajkot,Kharif,Rice
6.35,0.88,0.75,307,38,306,1550,32.9,Clay Loam,Navsari,Kharif,Rice
6.41,0.2,1.01,286,38,207,1747,25.5,Clay Loam,Mehsana,Kharif,Rice
6.8,0.65,0.79,286,25,345,1260,32.7,Clay Loam,Vadodara,Kharif,Rice
6.22,0.44,0.71,266,36,210,1720,32.4,Clay Loam,Banaskantha,Kharif,Rice
5.6,0.67,0.95,349,26,281,1709,30.3,Clay Loam,Mehsana,Kharif,Rice
6.28,0.22,1.12,373,50,224,1340,29.8,Clay Loam,Amreli,Kharif,Rice
7.03,0.42,0.71,270,43,221,1365,24.6,Clay Loam,Kutch,Kharif,Rice
6.37,0.75,0.8,347,59,234,1406,26.1,Clay Loam,Surat,Kharif,Rice
7.18,0.68,1.01,301,40,318,1178,31.8,Clay Loam,Ahmedabad,Kharif,Rice
6.15,0.91,1.17,299,56,242,1799,33.6,Clay Loam,Anand,Kharif,Rice
5.6,0.92,0.67,339,28,291,1510,27.5,Clay Loam,Junagadh,Kharif,Rice
6.93,0.77,0.92,259,40,347,1147,25.1,Clay Loam,Bhavnagar,Kharif,Rice
6.18,0.41,0.96,385,50,331,1034,30.9,Clay Loam,Amreli,Kharif,Rice
5.79,0.33,0.78,384,29,254,1091,25.5,Clay Loam,Surendranagar,Kharif,Rice
7.19,0.47,0.85,320,48,301,1686,28.6,Clay Loam,Junagadh,Kharif,Rice
6.44,0.22,0.82,381,27,246,1364,29.4,Clay Loam,Navsari,Kharif,Rice
5.76,0.47,0.73,333,59,331,1622,29.2,Clay Loam,Amreli,Kharif,Rice
6.01,0.33,0.75,362,38,317,1399,28.2,Clay Loam,Ahmedabad,Kharif,Rice
6.81,0.26,0.62,329,47,182,1630,30.5,Clay Loam,Navsari,Kharif,Rice
7.06,0.67,0.82,370,47,283,1065,33.9,Clay Loam,Surendranagar,Kharif,Rice
7.11,0.35,1.06,373,58,335,1273,33.7,Clay Loam,Bharuch,Kharif,Rice
5.76,0.5,0.84,375,50,260,1284,26.3,Clay Loam,Surat,Kharif,Rice
6.95,0.23,0.72,301,41,234,1157,27.8,Clay Loam,Gandhinagar,Kharif,Rice
6.19,0.63,1.16,339,25,341,1545,29,Clay Loam,Junagadh,Kharif,Rice
6.95,0.33,0.96,263,56,294,1426,27.5,Clay Loam,Surendranagar,Kharif,Rice
6.41,0.71,1.05,377,40,275,1557,28.3,Clay Loam,Amreli,Kharif,Rice
6.38,0.23,1.15,383,58,291,1580,25.1,Clay Loam,Anand,Kharif,Rice
6.87,0.2,1.07,310,55,201,1751,32.5,Clay Loam,Gandhinagar,Kharif,Rice
6.53,0.24,0.69,298,52,237,1471,30.4,Clay Loam,Vadodara,Kharif,Rice
6.67,1,1.06,322,41,203,1265,26.4,Clay Loam,Vadodara,Kharif,Rice
6.51,0.4,0.77,277,33,214,1521,29.7,Clay Loam,Bhavnagar,Kharif,Rice
6.95,0.96,0.7,372,42,332,1268,24.5,Clay Loam,Ahmedabad,Kharif,Rice
6.26,0.82,0.74,261,39,338,1202,31.9,Clay Loam,Bhavnagar,Kharif,Rice
6.45,0.78,1.16,367,31,224,1149,25.9,Clay Loam,Banaskantha,Kharif,Rice
5.74,0.33,0.73,264,54,275,1023,31.3,Clay Loam,Bharuch,Kharif,Rice
6.73,0.25,1.14,359,27,300,1578,24.4,Clay Loam,Banaskantha,Kharif,Rice
6.39,0.57,1.13,291,30,282,1025,33.7,Clay Loam,Bharuch,Kharif,Rice
6.72,0.23,1.08,400,35,287,1344,24.5,Clay Loam,Banaskantha,Kharif,Rice
6.46,0.25,0.83,300,44,232,1285,33.3,Clay Loam,Bharuch,Kharif,Rice
6.63,0.37,0.99,299,47,335,1150,32.3,Clay Loam,Ahmedabad,Kharif,Rice
6.43,0.54,0.6,361,58,308,1723,26.2,Clay Loam,Vadodara,Kharif,Rice
6.32,0.27,1.17,255,50,334,1173,34,Clay Loam,Anand,Kharif,Rice
6.34,0.29,0.75,274,54,238,1346,29.7,Clay Loam,Bharuch,Kharif,Rice
5.76,0.81,1.16,323,37,296,1397,30.5,Clay Loam,Surendranagar,Kharif,Rice
5.61,0.36,0.63,344,47,290,1047,27.1,Clay Loam,Gandhinagar,Kharif,Rice
6.17,0.44,0.99,327,29,295,1482,28.4,Clay Loam,Surat,Kharif,Rice
5.67,0.47,0.92,357,42,297,1046,32.2,Clay Loam,Junagadh,Kharif,Rice
5.64,0.54,0.63,314,55,248,1203,28.1,Clay Loam,Anand,Kharif,Rice
6.68,0.95,0.64,323,50,238,1344,31.1,Clay Loam,Bharuch,Kharif,Rice
5.65,0.4,0.79,385,52,241,1491,28.6,Clay Loam,Surat,Kharif,Rice
7.18,0.68,1.11,394,29,257,1445,32.5,Clay Loam,Mehsana,Kharif,Rice
6.09,0.31,0.84,374,39,330,1016,31.3,Clay Loam,Banaskantha,Kharif,Rice
6.94,0.92,0.75,308,58,229,1498,26.5,Clay Loam,Vadodara,Kharif,Rice
6.67,0.34,1.06,386,42,188,1679,32.8,Clay Loam,Kutch,Kharif,Rice
6.11,0.96,0.76,322,45,292,1419,29,Clay Loam,Surat,Kharif,Rice
6.05,0.51,0.62,372,37,313,1438,27.9,Clay Loam,Surat,Kharif,Rice
6.85,0.61,1.15,354,59,278,1462,25.1,Clay Loam,Rajkot,Kharif,Rice
6.73,0.35,0.96,287,39,227,1735,28.1,Clay Loam,Surendranagar,Kharif,Rice
7.19,0.33,1.01,377,34,237,1163,26.1,Clay Loam,Anand,Kharif,Rice
6.47,0.71,0.6,336,52,315,1119,29.6,Clay Loam,Banaskantha,Kharif,Rice
6.1,0.9,0.87,317,53,278,1714,30,Clay Loam,Bhavnagar,Kharif,Rice
6.56,0.28,0.96,269,26,336,1661,29.4,Clay Loam,Banaskantha,Kharif,Rice
7.01,0.43,1.16,261,25,258,1637,28,Clay Loam,Anand,Kharif,Rice
7,0.79,0.91,308,52,205,1403,32.1,Clay Loam,Amreli,Kharif,Rice
5.78,0.9,0.63,295,50,203,1443,28.4,Clay Loam,Surat,Kharif,Rice
6.8,0.38,0.97,265,49,348,1265,27.9,Clay Loam,Bharuch,Kharif,Rice
5.65,0.5,0.81,351,52,181,1485,25.8,Clay Loam,Vadodara,Kharif,Rice
6.37,0.38,1.19,381,39,291,1430,30.5,Clay Loam,Anand,Kharif,Rice
6.21,0.21,0.88,349,48,280,1492,32.7,Clay Loam,Gandhinagar,Kharif,Rice
6.13,0.93,0.65,322,47,223,1171,27.1,Clay Loam,Bhavnagar,Kharif,Rice
6.63,0.29,1.03,396,26,340,1331,32.7,Clay Loam,Navsari,Kharif,Rice
5.57,0.92,1.04,316,31,321,1116,31.8,Clay Loam,Ahmedabad,Kharif,Rice
7.11,0.38,0.63,305,55,342,1032,24.5,Clay Loam,Vadodara,Kharif,Rice
6.37,0.75,1.01,400,36,233,1751,32.2,Clay Loam,Surendranagar,Kharif,Rice
6.95,0.68,0.61,301,59,186,1488,32.1,Clay Loam,Banaskantha,Kharif,Rice
7.08,0.32,0.62,264,49,249,1245,30.7,Clay Loam,Amreli,Kharif,Rice
6.38,0.4,1.08,309,32,283,1735,32.8,Clay Loam,Junagadh,Kharif,Rice
6.04,0.58,0.9,365,40,264,1271,32.3,Clay Loam,Ahmedabad,Kharif,Rice
7.19,0.66,0.77,284,45,264,1315,25.4,Clay Loam,Vadodara,Kharif,Rice
6.65,0.67,1.08,383,46,240,1204,32.5,Clay Loam,Ahmedabad,Kharif,Rice
6.05,0.91,0.82,286,41,187,1567,26.3,Clay Loam,Vadodara,Kharif,Rice
6.37,0.47,0.73,298,49,282,1050,27.3,Clay Loam,Kutch,Kharif,Rice
6.58,0.55,0.91,396,31,263,1583,27.6,Clay Loam,Bhavnagar,Kharif,Rice
5.67,0.3,0.9,345,43,304,1276,25.5,Clay Loam,Vadodara,Kharif,Rice
6.31,0.87,1.2,398,47,346,1528,33.2,Clay Loam,Amreli,Kharif,Rice
7.14,0.69,0.8,295,43,337,1422,32.1,Clay Loam,Ahmedabad,Kharif,Rice
6.5,0.27,0.98,295,37,319,1013,27.3,Clay Loam,Surat,Kharif,Rice
6.03,0.45,0.81,341,38,341,1677,29.5,Clay Loam,Mehsana,Kharif,Rice
5.83,0.47,0.64,264,38,347,1362,32.1,Clay Loam,Gandhinagar,Kharif,Rice
6.86,0.76,0.82,310,57,321,1355,33.5,Clay Loam,Surat,Kharif,Rice
6.65,0.85,0.96,310,47,270,1666,28.3,Clay Loam,Bhavnagar,Kharif,Rice
6.88,0.7,0.88,366,59,225,1203,33.6,Clay Loam,Mehsana,Kharif,Rice
5.62,0.94,1.08,319,40,259,1134,24,Clay Loam,Bharuch,Kharif,Rice
6.03,0.81,1.11,366,52,314,1266,33.1,Clay Loam,Banaskantha,Kharif,Rice
5.54,0.9,1.14,346,27,341,1198,25.5,Clay Loam,Banaskantha,Kharif,Rice
7.11,0.9,0.95,303,32,258,1331,27.8,Clay Loam,Amreli,Kharif,Rice
6.05,0.87,0.7,341,31,341,1390,27,Clay Loam,Bhavnagar,Kharif,Rice
6.95,0.86,1.13,334,39,345,1000,24.9,Clay Loam,Mehsana,Kharif,Rice
7.15,0.74,0.62,328,53,295,1726,33.8,Clay Loam,Rajkot,Kharif,Rice
6.11,0.77,1.19,348,36,320,1529,27.2,Clay Loam,Vadodara,Kharif,Rice
7.19,0.82,0.71,272,51,303,1199,33.9,Clay Loam,Navsari,Kharif,Rice
7.01,0.53,1.1,371,59,346,1251,30.1,Clay Loam,Mehsana,Kharif,Rice
5.86,0.83,0.77,321,28,238,1706,31.8,Clay Loam,Rajkot,Kharif,Rice
5.59,0.7,0.97,297,36,264,1341,30,Clay Loam,Rajkot,Kharif,Rice
6.94,0.65,1.16,371,33,212,1219,30.4,Clay Loam,Kutch,Kharif,Rice
5.9,0.24,0.73,373,60,242,1175,29.1,Clay Loam,Ahmedabad,Kharif,Rice
6.21,0.27,0.83,383,31,208,1642,31.5,Clay Loam,Kutch,Kharif,Rice
6.02,0.76,0.72,288,60,234,1163,27.3,Clay Loam,Kutch,Kharif,Rice
7.05,0.44,0.8,357,40,274,1548,26.3,Clay Loam,Rajkot,Kharif,Rice
5.6,0.36,1.04,368,60,320,1465,32.5,Clay Loam,Anand,Kharif,Rice
7.12,0.54,0.67,250,31,244,1290,27,Clay Loam,Surendranagar,Kharif,Rice
5.58,0.95,1.13,356,58,338,1021,28.3,Clay Loam,Anand,Kharif,Rice
6.17,0.26,1.2,315,58,331,1055,27.9,Clay Loam,Gandhinagar,Kharif,Rice
7.05,0.38,0.6,304,31,195,1341,31.2,Clay Loam,Rajkot,Kharif,Rice
6.23,0.97,1.04,327,39,324,1088,31.1,Clay Loam,Surendranagar,Kharif,Rice
6.8,0.51,0.86,370,44,346,1559,30.5,Clay Loam,Surendranagar,Kharif,Rice
7.18,0.62,1.04,273,58,305,1338,26.8,Clay Loam,Kutch,Kharif,Rice
6.23,0.45,0.6,288,34,255,1343,29.6,Clay Loam,Gandhinagar,Kharif,Rice
6.34,0.3,0.74,339,55,289,1111,32.4,Clay Loam,Rajkot,Kharif,Rice
6.12,0.5,1.14,298,43,205,1173,26,Clay Loam,Vadodara,Kharif,Rice
5.59,0.87,0.75,374,55,350,1700,32.4,Clay Loam,Surendranagar,Kharif,Rice
6.74,0.58,1.11,361,55,240,1759,29.2,Clay Loam,Bhavnagar,Kharif,Rice
5.54,0.24,1.07,258,49,281,1235,24.8,Clay Loam,Bharuch,Kharif,Rice
6.66,0.93,1.01,289,60,192,1304,31.1,Clay Loam,Navsari,Kharif,Rice
6.93,0.29,0.85,261,56,223,1610,32.3,Clay Loam,Vadodara,Kharif,Rice
5.83,0.43,0.89,351,58,237,1302,32.2,Clay Loam,Kutch,Kharif,Rice
5.74,0.58,0.92,301,41,314,1257,30.4,Clay Loam,Surendranagar,Kharif,Rice
5.87,0.52,1.17,380,28,181,1020,32.2,Clay Loam,Banaskantha,Kharif,Rice
7.09,0.65,1.09,354,30,340,1677,31.5,Clay Loam,Surat,Kharif,Rice
7.11,0.35,1.12,282,28,282,1760,30.7,Clay Loam,Surendranagar,Kharif,Rice
6.47,0.5,0.74,276,25,240,1797,31.5,Clay Loam,Bhavnagar,Kharif,Rice
6.99,1,1.17,338,28,207,1269,33.3,Clay Loam,Junagadh,Kharif,Rice
6.65,0.59,1.05,305,28,187,1178,25.3,Clay Loam,Junagadh,Kharif,Rice
6.64,0.55,0.89,360,45,275,1377,24.4,Clay Loam,Surendranagar,Kharif,Rice
6.02,0.88,1.16,297,36,183,1778,30.8,Clay Loam,Banaskantha,Kharif,Rice
6.52,0.67,0.88,338,40,312,1045,33.3,Clay Loam,Banaskantha,Kharif,Rice
6.49,0.96,0.66,297,26,213,1534,32.6,Clay Loam,Rajkot,Kharif,Rice
5.89,0.75,0.76,251,30,207,1402,33.3,Clay Loam,Mehsana,Kharif,Rice
6.55,0.32,0.94,311,28,318,1095,32,Clay Loam,Vadodara,Kharif,Rice
6.1,0.57,1.16,358,31,243,1695,24.5,Clay Loam,Mehsana,Kharif,Rice
6.7,0.79,0.61,263,32,294,1436,33.3,Clay Loam,Surendranagar,Kharif,Rice
5.56,0.89,0.97,261,54,220,1770,28.6,Clay Loam,Surendranagar,Kharif,Rice
6.56,0.21,0.99,342,34,267,1793,29.6,Clay Loam,Surat,Kharif,Rice
5.56,0.62,0.94,359,44,291,1586,27.8,Clay Loam,Anand,Kharif,Rice
5.82,0.42,0.74,394,34,265,1366,26.9,Clay Loam,Banaskantha,Kharif,Rice
6.13,0.34,1.1,289,30,290,1742,28.9,Clay Loam,Surendranagar,Kharif,Rice
6.7,0.4,0.62,390,54,330,1674,33.8,Clay Loam,Surat,Kharif,Rice
6.22,0.39,0.98,366,45,334,1583,27.2,Clay Loam,Navsari,Kharif,Rice
6.78,0.51,0.93,352,56,277,1711,31.6,Clay Loam,Ahmedabad,Kharif,Rice
5.64,0.38,1.06,394,51,266,1261,24.6,Clay Loam,Vadodara,Kharif,Rice
6.23,0.91,0.91,326,33,337,1079,25.4,Clay Loam,Junagadh,Kharif,Rice
6,0.27,1.01,309,27,203,1149,31.7,Clay Loam,Vadodara,Kharif,Rice
7.07,0.23,0.88,396,35,215,1333,32.3,Clay Loam,Ahmedabad,Kharif,Rice
6.61,0.42,0.92,317,34,334,1280,31.1,Clay Loam,Ahmedabad,Kharif,Rice
5.98,0.81,1.01,261,50,312,1782,27.3,Clay Loam,Surendranagar,Kharif,Rice
6.63,1,1.09,393,42,240,1306,30.4,Clay Loam,Banaskantha,Kharif,Rice
6.95,0.68,0.91,292,40,218,1305,28.7,Clay Loam,Rajkot,Kharif,Rice
7.07,0.55,0.98,364,55,216,1000,29.5,Clay Loam,Gandhinagar,Kharif,Rice
6.6,0.85,0.93,300,45,274,1197,33.9,Clay Loam,Junagadh,Kharif,Rice
6.17,0.92,0.65,391,31,277,1282,25.2,Clay Loam,Anand,Kharif,Rice
6.68,0.22,1.02,351,38,342,1797,27.2,Clay Loam,Bharuch,Kharif,Rice
6.48,0.87,0.69,334,30,288,1014,32.4,Clay Loam,Vadodara,Kharif,Rice
6.59,0.28,1.2,345,55,255,1114,30.1,Clay Loam,Surendranagar,Kharif,Rice
6.83,0.92,0.65,300,42,340,1444,24.8,Clay Loam,Banaskantha,Kharif,Rice
6.85,0.87,0.92,334,60,213,1456,25.9,Clay Loam,Amreli,Kharif,Rice
5.85,0.51,0.62,296,55,188,1205,25.2,Clay Loam,Bharuch,Kharif,Rice
6.01,0.33,1.06,278,28,208,1690,32.7,Clay Loam,Anand,Kharif,Rice
6.52,0.21,0.6,343,38,340,1450,24.5,Clay Loam,Kutch,Kharif,Rice
7.08,0.3,0.89,295,59,312,1219,25.4,Clay Loam,Bharuch,Kharif,Rice
6.33,0.54,0.7,256,54,193,1463,26,Clay Loam,Rajkot,Kharif,Rice
6.31,0.76,0.84,381,38,292,1618,32.7,Clay Loam,Vadodara,Kharif,Rice
7.07,0.51,0.73,366,50,240,1752,32.6,Clay Loam,Surat,Kharif,Rice
6.83,0.9,1.11,314,54,216,1781,31.4,Clay Loam,Rajkot,Kharif,Rice
6.39,0.25,0.97,275,25,322,1702,27.4,Clay Loam,Surendranagar,Kharif,Rice
5.69,0.87,0.82,299,45,199,1766,33.9,Clay Loam,Kutch,Kharif,Rice
6.74,0.33,1.13,367,50,286,1498,29.9,Clay Loam,Mehsana,Kharif,Rice
5.94,0.85,0.9,392,43,341,1397,31.8,Clay Loam,Surat,Kharif,Rice
6.02,0.68,1.08,296,33,297,1557,28.7,Clay Loam,Bharuch,Kharif,Rice
6.39,0.58,0.81,257,58,210,1062,29.8,Clay Loam,Navsari,Kharif,Rice
6.84,0.85,0.69,357,51,259,1216,24.9,Clay Loam,Mehsana,Kharif,Rice
6.59,0.46,0.92,272,50,247,1784,25.5,Clay Loam,Junagadh,Kharif,Rice
6.53,0.2,0.95,364,59,277,1613,28.4,Clay Loam,Banaskantha,Kharif,Rice
7.18,0.49,1.16,279,26,205,1001,26.4,Clay Loam,Surat,Kharif,Rice
7.02,0.41,0.75,354,56,228,1614,28.8,Clay Loam,Navsari,Kharif,Rice
6.32,0.84,0.97,376,43,216,1719,31.1,Clay Loam,Surendranagar,Kharif,Rice
6.11,0.33,0.67,307,28,227,1791,26.2,Clay Loam,Bhavnagar,Kharif,Rice
6.88,0.25,0.94,368,40,234,1089,24.4,Clay Loam,Junagadh,Kharif,Rice
6.9,0.84,0.84,272,48,329,1669,30.4,Clay Loam,Vadodara,Kharif,Rice
6.38,0.83,1.03,400,31,347,1630,27.2,Clay Loam,Banaskantha,Kharif,Rice
6.8,0.86,1.09,378,51,267,1109,27.9,Clay Loam,Anand,Kharif,Rice
6.95,0.7,0.95,279,35,336,1052,28.3,Clay Loam,Mehsana,Kharif,Rice
5.81,0.28,0.73,281,50,206,1198,28.1,Clay Loam,Gandhinagar,Kharif,Rice
5.53,0.46,0.95,324,60,223,1704,31.8,Clay Loam,Banaskantha,Kharif,Rice
6.39,0.56,0.72,252,31,284,1600,26.3,Clay Loam,Surat,Kharif,Rice
7.15,0.72,0.66,394,27,297,1184,28.4,Clay Loam,Surendranagar,Kharif,Rice
6.6,0.77,1,372,29,285,1139,30.7,Clay Loam,Ahmedabad,Kharif,Rice
5.76,0.9,1.05,372,59,206,1395,27.7,Clay Loam,Bharuch,Kharif,Rice
7.17,0.84,0.91,287,57,344,1133,32.3,Clay Loam,Bhavnagar,Kharif,Rice
6.92,0.31,1.04,258,30,331,1787,30.8,Clay Loam,Bhavnagar,Kharif,Rice
6.29,0.32,0.85,350,31,333,1118,27.7,Clay Loam,Ahmedabad,Kharif,Rice
6.08,0.96,0.98,274,38,291,1352,30.8,Clay Loam,Bhavnagar,Kharif,Rice
5.95,0.65,1.13,302,46,289,1660,29.4,Clay Loam,Bhavnagar,Kharif,Rice
5.53,0.23,1.06,338,59,277,1078,27.4,Clay Loam,Bharuch,Kharif,Rice
5.89,0.65,0.99,280,44,338,1064,30.8,Clay Loam,Navsari,Kharif,Rice
5.85,0.55,1.04,374,47,322,1035,24.4,Clay Loam,Ahmedabad,Kharif,Rice
5.77,0.59,0.65,289,31,182,1169,33.1,Clay Loam,Navsari,Kharif,Rice
5.92,0.3,1.18,264,46,290,1628,31,Clay Loam,Bharuch,Kharif,Rice
6.25,0.52,0.76,319,43,210,1096,31.1,Clay Loam,Rajkot,Kharif,Rice
6.26,0.83,1.13,382,42,201,1660,28.9,Clay Loam,Kutch,Kharif,Rice
5.82,0.84,0.89,389,39,350,1106,25.2,Clay Loam,Amreli,Kharif,Rice
5.92,0.49,1.02,299,35,347,1174,24.6,Clay Loam,Surat,Kharif,Rice
5.77,0.42,1.04,365,35,350,1110,25.3,Clay Loam,Mehsana,Kharif,Rice
7.18,0.97,1.19,332,43,345,1178,28.8,Clay Loam,Junagadh,Kharif,Rice
6.5,0.96,0.78,337,54,244,1714,28.2,Clay Loam,Bharuch,Kharif,Rice
7.13,0.81,1.03,278,52,322,1148,24.3,Clay Loam,Mehsana,Kharif,Rice
6.13,0.84,0.8,284,27,280,1657,25,Clay Loam,Navsari,Kharif,Rice
6.93,0.93,0.96,367,31,228,1225,29.7,Clay Loam,Bharuch,Kharif,Rice
6.08,0.33,1.14,342,40,207,1092,27.7,Clay Loam,Navsari,Kharif,Rice
6.54,0.64,0.86,356,43,230,1626,25.1,Clay Loam,Bharuch,Kharif,Rice
6.18,0.43,0.8,293,45,250,1003,29.3,Clay Loam,Navsari,Kharif,Rice
7.02,0.26,0.94,332,59,343,1483,24.5,Clay Loam,Amreli,Kharif,Rice
6.23,0.5,0.99,363,42,225,1141,27.2,Clay Loam,Surat,Kharif,Rice
6.48,0.39,0.8,289,58,235,1697,33,Clay Loam,Vadodara,Kharif,Rice
6.32,0.2,0.92,364,41,295,1421,33,Clay Loam,Mehsana,Kharif,Rice
6.18,0.37,0.93,316,37,220,1280,28.8,Clay Loam,Rajkot,Kharif,Rice
7.06,0.45,0.76,380,39,240,1380,24.3,Clay Loam,Kutch,Kharif,Rice
6.62,0.44,0.75,393,54,211,1459,26.8,Clay Loam,Banaskantha,Kharif,Rice
6.64,0.46,0.79,389,25,295,1093,28.9,Clay Loam,Bhavnagar,Kharif,Rice
6.12,0.34,0.86,250,32,207,1505,31.8,Clay Loam,Bhavnagar,Kharif,Rice
6.94,0.43,1.1,350,44,277,1756,27.3,Clay Loam,Banaskantha,Kharif,Rice
5.74,0.74,0.9,387,45,293,1060,33.5,Clay Loam,Junagadh,Kharif,Rice
6.48,0.68,1.04,290,50,250,1654,26.1,Clay Loam,Banaskantha,Kharif,Rice
6.61,0.3,0.82,382,45,264,1776,25.8,Clay Loam,Ahmedabad,Kharif,Rice
5.7,0.86,1.1,332,43,187,1090,28.5,Clay Loam,Vadodara,Kharif,Rice
7.06,0.62,0.98,393,40,245,1197,28.8,Clay Loam,Navsari,Kharif,Rice
6.97,0.24,0.7,310,48,336,1423,31.2,Clay Loam,Junagadh,Kharif,Rice
5.58,0.83,1.18,362,41,210,1510,25.8,Clay Loam,Surendranagar,Kharif,Rice
7.2,0.4,1.06,367,60,187,1632,27.9,Clay Loam,Bhavnagar,Kharif,Rice
6.98,0.24,0.81,277,36,341,1528,32.1,Clay Loam,Navsari,Kharif,Rice
6.26,0.97,1.02,298,33,185,1711,24.2,Clay Loam,Bhavnagar,Kharif,Rice
5.98,0.54,1.07,302,50,242,1184,28,Clay Loam,Gandhinagar,Kharif,Rice
6.24,0.83,0.61,311,56,206,1707,31.2,Clay Loam,Rajkot,Kharif,Rice
6.43,0.88,1.07,302,59,251,1117,25.7,Clay Loam,Rajkot,Kharif,Rice
5.54,0.8,0.94,274,46,211,1530,31.8,Clay Loam,Banaskantha,Kharif,Rice
7.17,0.91,1.09,305,55,303,1042,30.7,Clay Loam,Junagadh,Kharif,Rice
5.55,0.34,1.06,251,26,349,1768,27.4,Clay Loam,Banaskantha,Kharif,Rice
6.53,0.62,1.04,293,49,221,1438,28.1,Clay Loam,Ahmedabad,Kharif,Rice
6.93,0.23,0.77,287,59,271,1012,26,Clay Loam,Anand,Kharif,Rice
6.84,0.55,1.14,268,54,279,1326,26.1,Clay Loam,Gandhinagar,Kharif,Rice
5.89,0.39,0.71,277,43,342,1068,32.4,Clay Loam,Bharuch,Kharif,Rice
6.62,0.41,1.08,277,57,318,1234,24.2,Clay Loam,Bhavnagar,Kharif,Rice
6.67,0.23,0.65,292,54,246,1506,24.3,Clay Loam,Navsari,Kharif,Rice
5.6,0.68,0.92,350,54,190,1389,31.4,Clay Loam,Vadodara,Kharif,Rice
5.93,0.51,1.04,325,55,335,1780,33.7,Clay Loam,Rajkot,Kharif,Rice
6.43,0.58,0.78,379,52,284,1131,27.6,Clay Loam,Bharuch,Kharif,Rice
6.81,0.42,0.79,389,30,309,1349,32.2,Clay Loam,Kutch,Kharif,Rice
5.8,0.4,1.01,301,30,206,1276,25.1,Clay Loam,Banaskantha,Kharif,Rice
6.67,0.57,0.7,398,42,202,1708,33.2,Clay Loam,Ahmedabad,Kharif,Rice
6.04,0.39,0.63,316,58,221,1465,30.9,Clay Loam,Vadodara,Kharif,Rice
6.09,0.81,0.95,360,57,186,1126,24.7,Clay Loam,Rajkot,Kharif,Rice
6.42,0.93,0.75,349,41,325,1158,31.2,Clay Loam,Gandhinagar,Kharif,Rice
5.92,0.5,0.98,350,33,189,1134,30.9,Clay Loam,Banaskantha,Kharif,Rice
5.93,0.43,0.82,274,37,341,1072,33.5,Clay Loam,Kutch,Kharif,Rice
6.58,0.62,0.79,373,27,300,1067,31.1,Clay Loam,Bharuch,Kharif,Rice
5.53,0.35,0.81,257,31,232,1760,29.9,Clay Loam,Surendranagar,Kharif,Rice
6.89,0.58,0.8,380,42,269,1471,28,Clay Loam,Bhavnagar,Kharif,Rice
6.56,0.72,0.7,257,52,317,1123,32.6,Clay Loam,Banaskantha,Kharif,Rice
6.89,0.28,0.93,363,40,347,1293,26.2,Clay Loam,Anand,Kharif,Rice
5.63,0.27,1.12,255,33,238,1319,28.4,Clay Loam,Navsari,Kharif,Rice
6.3,0.31,0.94,291,37,312,1555,32.3,Clay Loam,Kutch,Kharif,Rice
5.87,0.97,0.73,284,59,209,1571,28.9,Clay Loam,Amreli,Kharif,Rice
6.97,0.92,0.99,262,58,202,1749,26.8,Clay Loam,Junagadh,Kharif,Rice
6.91,0.86,1.13,355,42,319,1177,31.9,Clay Loam,Kutch,Kharif,Rice
5.64,0.86,0.77,311,43,281,1179,28.5,Clay Loam,Rajkot,Kharif,Rice
5.93,0.99,0.81,348,40,239,1052,28.9,Clay Loam,Kutch,Kharif,Rice
5.86,0.25,1.04,337,52,325,1797,27.9,Clay Loam,Bhavnagar,Kharif,Rice
5.99,0.51,1.13,341,50,208,1263,33.6,Clay Loam,Bharuch,Kharif,Rice
6.2,0.78,0.99,330,39,228,1761,29.7,Clay Loam,Surat,Kharif,Rice
5.87,1,0.61,386,59,337,1210,29.9,Clay Loam,Surendranagar,Kharif,Rice
6.06,0.45,0.73,317,33,321,1540,24.9,Clay Loam,Mehsana,Kharif,Rice
6.02,0.52,1.18,296,57,347,1179,24.1,Clay Loam,Surendranagar,Kharif,Rice
6.33,0.34,0.92,279,30,285,1292,33.9,Clay Loam,Mehsana,Kharif,Rice
6.65,0.63,0.74,374,39,226,1031,32.1,Clay Loam,Surat,Kharif,Rice
7.17,0.38,1.17,356,45,350,1288,24.1,Clay Loam,Surendranagar,Kharif,Rice
6.41,0.86,0.8,356,27,306,1282,24.7,Clay Loam,Kutch,Kharif,Rice
5.63,0.85,1.18,394,58,250,1091,30.2,Clay Loam,Vadodara,Kharif,Rice
7.05,0.62,0.74,275,56,267,1652,24.6,Clay Loam,Anand,Kharif,Rice
6.75,0.47,0.98,316,60,316,1022,33.8,Clay Loam,Banaskantha,Kharif,Rice
5.86,0.42,0.77,311,58,302,1081,26.3,Clay Loam,Navsari,Kharif,Rice
5.91,0.29,1,304,51,307,1361,26.3,Clay Loam,Ahmedabad,Kharif,Rice
6.02,0.58,0.71,359,35,210,1773,30.4,Clay Loam,Surendranagar,Kharif,Rice
5.86,0.92,1,373,50,181,1147,24.1,Clay Loam,Vadodara,Kharif,Rice
6.07,0.62,1.05,278,31,285,1303,32,Clay Loam,Surat,Kharif,Rice
5.71,0.25,0.69,313,39,200,1001,31.1,Clay Loam,Kutch,Kharif,Rice
6.17,0.92,0.69,330,32,215,1653,26.7,Clay Loam,Banaskantha,Kharif,Rice
5.8,0.97,0.64,260,28,350,1029,29.8,Clay Loam,Bharuch,Kharif,Rice
5.72,0.98,0.64,276,34,330,1738,24.5,Clay Loam,Gandhinagar,Kharif,Rice
7.02,0.34,1.07,253,25,241,1708,30.5,Clay Loam,Bharuch,Kharif,Rice
6.79,0.49,0.72,293,48,186,1371,26.4,Clay Loam,Surat,Kharif,Rice
5.94,0.47,0.79,342,26,225,1289,26.3,Clay Loam,Junagadh,Kharif,Rice
6.02,0.28,0.62,363,41,190,1575,28.3,Clay Loam,Bharuch,Kharif,Rice
6.8,0.24,0.98,333,32,215,1396,33.1,Clay Loam,Navsari,Kharif,Rice
6.51,0.58,0.93,319,44,236,1494,31.3,Clay Loam,Junagadh,Kharif,Rice
6.49,0.32,1.07,321,43,275,1160,29.3,Clay Loam,Anand,Kharif,Rice
6.5,0.71,0.67,383,58,198,1677,31.1,Clay Loam,Navsari,Kharif,Rice
6.83,0.97,0.82,275,33,331,1082,25.8,Clay Loam,Gandhinagar,Kharif,Rice
6.69,0.51,0.89,268,27,190,1462,30.2,Clay Loam,Rajkot,Kharif,Rice
7.02,0.34,1.12,276,59,195,1275,32.5,Clay Loam,Banaskantha,Kharif,Rice
5.77,0.59,0.67,361,37,245,1222,25.1,Clay Loam,Vadodara,Kharif,Rice
5.74,0.98,0.72,344,34,286,1712,24.1,Clay Loam,Mehsana,Kharif,Rice
6.23,0.51,1.15,338,56,230,1773,27.1,Clay Loam,Amreli,Kharif,Rice
5.9,0.83,1.13,272,50,315,1173,26.9,Clay Loam,Banaskantha,Kharif,Rice
6.25,0.4,1.13,392,42,188,1599,33.5,Clay Loam,Amreli,Kharif,Rice
6.84,0.49,0.62,308,37,288,1333,32.9,Clay Loam,Navsari,Kharif,Rice
5.65,0.9,0.67,289,38,181,1608,25.7,Clay Loam,Gandhinagar,Kharif,Rice
6.37,0.71,1.01,349,59,332,1083,24.4,Clay Loam,Mehsana,Kharif,Rice
6.84,0.33,1.06,315,33,328,1588,29.8,Clay Loam,Surendranagar,Kharif,Rice
6.97,0.5,1.04,396,51,305,1463,26.2,Clay Loam,Bharuch,Kharif,Rice
6.6,0.72,1.09,296,46,210,1126,25.7,Clay Loam,Surat,Kharif,Rice
6.83,0.9,1.08,322,39,191,1088,28.9,Clay Loam,Anand,Kharif,Rice
5.58,0.46,1.04,370,44,267,1566,24.4,Clay Loam,Navsari,Kharif,Rice
6.98,0.27,0.85,294,53,238,1024,27.4,Clay Loam,Banaskantha,Kharif,Rice
5.86,0.29,0.77,282,51,194,1648,25.5,Clay Loam,Bhavnagar,Kharif,Rice
5.8,0.67,0.99,381,47,320,1628,33.2,Clay Loam,Kutch,Kharif,Rice
5.63,0.56,0.61,362,38,335,1346,33.5,Clay Loam,Surat,Kharif,Rice
6.79,0.82,0.66,292,55,306,1555,26.7,Clay Loam,Rajkot,Kharif,Rice
7.14,0.81,0.94,378,55,216,1702,31.8,Clay Loam,Mehsana,Kharif,Rice
6.11,0.26,0.83,291,51,225,1575,28.4,Clay Loam,Surendranagar,Kharif,Rice
5.98,0.57,1.07,272,58,213,1791,24.7,Clay Loam,Rajkot,Kharif,Rice
6.34,0.6,0.8,252,31,214,1414,30.6,Clay Loam,Vadodara,Kharif,Rice
5.87,0.84,1.19,324,26,269,1599,31.5,Clay Loam,Navsari,Kharif,Rice
6.35,0.22,1.17,288,50,275,1056,27.8,Clay Loam,Surendranagar,Kharif,Rice
5.84,0.59,0.83,306,48,305,1529,25.8,Clay Loam,Bhavnagar,Kharif,Rice
7.09,0.87,0.72,397,43,200,1076,24.9,Clay Loam,Mehsana,Kharif,Rice
6.22,0.95,1.15,384,26,324,1316,32.6,Clay Loam,Bharuch,Kharif,Rice
6.9,0.26,0.91,263,44,185,1352,24.4,Clay Loam,Bhavnagar,Kharif,Rice
5.77,0.59,0.87,386,50,291,1255,32.5,Clay Loam,Vadodara,Kharif,Rice
7.02,0.38,0.62,320,56,191,1225,31.9,Clay Loam,Bhavnagar,Kharif,Rice
7.06,0.5,1.03,319,41,229,1232,32.4,Clay Loam,Mehsana,Kharif,Rice
6.9,0.44,0.78,362,28,320,1281,33.8,Clay Loam,Junagadh,Kharif,Rice
5.97,0.59,0.72,373,29,348,1129,27.3,Clay Loam,Rajkot,Kharif,Rice
5.52,0.4,0.98,387,46,240,1786,25.1,Clay Loam,Navsari,Kharif,Rice
6.68,0.83,1.1,265,31,297,1515,29.6,Clay Loam,Surendranagar,Kharif,Rice
7.16,0.49,0.76,284,30,316,1788,24.7,Clay Loam,Ahmedabad,Kharif,Rice
5.99,0.48,1.14,334,51,305,1782,33.6,Clay Loam,Kutch,Kharif,Rice
6.58,0.54,1.06,267,36,191,1107,26.2,Clay Loam,Mehsana,Kharif,Rice
5.87,0.33,1.19,396,57,216,1391,31.8,Clay Loam,Rajkot,Kharif,Rice
6.51,0.46,1.13,293,46,245,1383,33.4,Clay Loam,Amreli,Kharif,Rice
6.36,0.35,0.68,287,53,288,1477,29.8,Clay Loam,Bhavnagar,Kharif,Rice
6.48,0.97,0.8,315,29,234,1192,25.2,Clay Loam,Bhavnagar,Kharif,Rice
6.23,0.39,0.92,354,38,284,1591,32.5,Clay Loam,Junagadh,Kharif,Rice
6.33,0.25,0.76,274,34,186,1298,28.4,Clay Loam,Surat,Kharif,Rice
6.51,0.34,0.75,353,49,228,1741,25.4,Clay Loam,Junagadh,Kharif,Rice
5.85,0.6,0.91,250,53,235,1403,30.4,Clay Loam,Rajkot,Kharif,Rice
5.64,0.92,0.72,367,42,247,1619,28.7,Clay Loam,Junagadh,Kharif,Rice
5.7,0.44,0.91,273,57,316,1041,31,Clay Loam,Banaskantha,Kharif,Rice
5.56,0.71,0.76,312,56,243,1750,31.7,Clay Loam,Navsari,Kharif,Rice
5.52,0.93,0.66,284,34,289,1231,33.8,Clay Loam,Junagadh,Kharif,Rice
6.78,0.68,1.16,292,60,315,1043,30.2,Clay Loam,Mehsana,Kharif,Rice
6.37,0.89,0.68,260,47,264,1024,29.4,Clay Loam,Banaskantha,Kharif,Rice
5.66,0.55,1.02,344,41,276,1190,28.2,Clay Loam,Amreli,Kharif,Rice
5.75,0.55,0.92,386,25,323,1083,27.8,Clay Loam,Gandhinagar,Kharif,Rice
5.91,0.21,0.7,267,40,253,1770,32.6,Clay Loam,Amreli,Kharif,Rice
6.75,0.4,0.77,306,52,290,1339,32.5,Clay Loam,Navsari,Kharif,Rice
5.68,0.8,0.84,382,26,237,1253,32.3,Clay Loam,Bharuch,Kharif,Rice
6.15,0.69,0.63,393,54,223,1733,26.4,Clay Loam,Rajkot,Kharif,Rice
6.31,0.76,0.94,266,41,232,1078,33.9,Clay Loam,Amreli,Kharif,Rice
6.9,0.63,0.9,391,33,281,1291,31.1,Clay Loam,Mehsana,Kharif,Rice
5.75,0.32,0.77,384,50,228,1614,30.3,Clay Loam,Gandhinagar,Kharif,Rice
6.71,0.45,0.8,265,27,210,1535,24,Clay Loam,Vadodara,Kharif,Rice
6.23,0.75,1.04,272,46,226,1285,24.2,Clay Loam,Bhavnagar,Kharif,Rice
6.41,0.88,0.68,331,50,200,1461,24.8,Clay Loam,Banaskantha,Kharif,Rice
6.91,0.93,1.13,346,56,213,1773,28.6,Clay Loam,Surendranagar,Kharif,Rice
5.96,0.92,1.13,352,34,247,1522,31.7,Clay Loam,Surendranagar,Kharif,Rice
6.51,0.9,0.72,371,35,270,1422,30.6,Clay Loam,Bharuch,Kharif,Rice
5.52,0.61,0.79,290,37,316,1064,31.5,Clay Loam,Amreli,Kharif,Rice
6.85,0.78,0.99,359,47,234,1693,29.2,Clay Loam,Gandhinagar,Kharif,Rice
6.28,0.39,0.99,291,38,252,1182,30.3,Clay Loam,Mehsana,Kharif,Rice
6.51,0.54,0.6,316,53,266,1223,25.6,Clay Loam,Anand,Kharif,Rice
6.81,0.36,0.68,255,53,331,1713,25.9,Clay Loam,Vadodara,Kharif,Rice
5.82,0.88,1.15,379,57,318,1718,27.6,Clay Loam,Junagadh,Kharif,Rice
6.99,0.81,0.7,260,50,232,1252,28.9,Clay Loam,Kutch,Kharif,Rice
7.09,0.56,1.09,257,42,214,1573,31.9,Clay Loam,Bharuch,Kharif,Rice
6.33,1,0.89,288,32,282,1152,31.7,Clay Loam,Surat,Kharif,Rice
5.55,0.63,1,309,48,274,1631,29.5,Clay Loam,Rajkot,Kharif,Rice
5.95,0.89,0.67,293,39,289,1267,27.9,Clay Loam,Junagadh,Kharif,Rice
5.98,0.49,0.96,335,40,218,1558,26.7,Clay Loam,Vadodara,Kharif,Rice
6.26,0.88,1.08,385,41,296,1790,31.5,Clay Loam,Bhavnagar,Kharif,Rice
6.8,0.29,0.96,250,47,245,1795,24.9,Clay Loam,Navsari,Kharif,Rice
6.1,0.23,1.03,308,40,260,1446,28.2,Clay Loam,Anand,Kharif,Rice
6.28,0.89,0.86,297,47,285,1174,28,Clay Loam,Mehsana,Kharif,Rice
6.07,0.88,1.09,334,50,348,1045,29.1,Clay Loam,Mehsana,Kharif,Rice
6.05,0.85,0.93,378,28,182,1312,27.5,Clay Loam,Navsari,Kharif,Rice
5.64,0.68,1.11,364,51,253,1273,26.4,Clay Loam,Gandhinagar,Kharif,Rice
6.19,0.65,0.75,323,59,331,1521,28.9,Clay Loam,Bharuch,Kharif,Rice
6.75,0.65,0.94,337,41,317,1360,24.6,Clay Loam,Kutch,Kharif,Rice
6.37,0.25,0.78,361,42,329,1301,30.4,Clay Loam,Navsari,Kharif,Rice
6.43,0.48,1.05,281,27,291,1085,33.6,Clay Loam,Bharuch,Kharif,Rice
5.98,0.39,0.84,371,31,224,1564,31.3,Clay Loam,Surendranagar,Kharif,Rice
5.58,0.99,1.12,268,26,313,1259,32.2,Clay Loam,Navsari,Kharif,Rice
5.68,0.65,0.83,345,36,226,1359,27.8,Clay Loam,Banaskantha,Kharif,Rice
6.12,0.96,0.72,250,48,236,1006,27.5,Clay Loam,Amreli,Kharif,Rice
6.34,0.6,1.1,333,44,282,1406,25.6,Clay Loam,Junagadh,Kharif,Rice
6.42,0.51,0.67,335,58,325,1164,27.3,Clay Loam,Rajkot,Kharif,Rice
5.82,0.36,1.05,336,54,261,1131,32.7,Clay Loam,Bharuch,Kharif,Rice
6.27,0.51,0.95,270,44,334,1088,31.5,Clay Loam,Junagadh,Kharif,Rice
6.29,0.49,0.88,321,27,338,1224,27.9,Clay Loam,Amreli,Kharif,Rice
6.02,0.23,0.65,362,27,214,1326,33.7,Clay Loam,Amreli,Kharif,Rice
5.87,0.44,0.85,302,57,285,1211,28.2,Clay Loam,Gandhinagar,Kharif,Rice
6.01,0.87,1.06,362,51,301,1051,26.5,Clay Loam,Junagadh,Kharif,Rice
6.69,0.3,0.65,293,56,296,1445,31.7,Clay Loam,Mehsana,Kharif,Rice
6.19,0.56,0.95,307,60,347,1758,33.7,Clay Loam,Kutch,Kharif,Rice
7.15,0.49,1.14,337,48,317,1722,24.7,Clay Loam,Surendranagar,Kharif,Rice
6.36,0.63,1,335,27,263,1442,26.5,Clay Loam,Anand,Kharif,Rice
5.51,0.53,0.91,306,60,255,1074,24.8,Clay Loam,Surat,Kharif,Rice
6.63,0.32,0.76,346,43,199,1756,24.9,Clay Loam,Anand,Kharif,Rice
7.01,0.88,0.94,389,50,235,1057,33.2,Clay Loam,Mehsana,Kharif,Rice
5.73,0.84,0.95,383,34,313,1120,25.6,Clay Loam,Ahmedabad,Kharif,Rice
6.75,0.74,0.7,304,38,222,1581,26.6,Clay Loam,Banaskantha,Kharif,Rice
7.04,0.98,1.1,251,55,321,1667,27.3,Clay Loam,Vadodara,Kharif,Rice
6.72,0.78,0.82,319,30,207,1633,24.1,Clay Loam,Gandhinagar,Kharif,Rice
6.38,0.29,0.84,293,33,230,1590,33.1,Clay Loam,Mehsana,Kharif,Rice
7.1,0.74,0.95,354,40,211,1747,32.8,Clay Loam,Mehsana,Kharif,Rice
6.24,0.64,0.93,379,58,323,1130,30.5,Clay Loam,Bhavnagar,Kharif,Rice
5.58,0.48,0.69,381,35,255,1074,33,Clay Loam,Kutch,Kharif,Rice
6.13,0.81,0.72,314,55,283,1144,28.3,Clay Loam,Mehsana,Kharif,Rice
6.01,0.24,0.98,262,59,306,1684,33.7,Clay Loam,Rajkot,Kharif,Rice
5.66,0.26,0.75,312,48,345,1158,28.5,Clay Loam,Mehsana,Kharif,Rice
6.98,0.58,0.6,304,36,252,1007,30.8,Clay Loam,Surendranagar,Kharif,Rice
6.85,0.54,0.92,320,56,266,1318,29.3,Clay Loam,Anand,Kharif,Rice
7.04,0.91,0.97,319,52,307,1168,28.1,Clay Loam,Mehsana,Kharif,Rice
6.45,0.24,1.1,256,55,214,1184,26.1,Clay Loam,Junagadh,Kharif,Rice
6.43,0.84,1.04,336,34,190,1641,32.9,Clay Loam,Bhavnagar,Kharif,Rice
5.7,0.71,0.78,262,27,203,1740,33.9,Clay Loam,Bharuch,Kharif,Rice
5.65,0.84,0.67,357,53,281,1074,32.8,Clay Loam,Mehsana,Kharif,Rice
7.19,0.62,1.01,272,25,232,1100,29.7,Clay Loam,Junagadh,Kharif,Rice
6.96,0.97,0.79,373,44,209,1187,26.1,Clay Loam,Surendranagar,Kharif,Rice
7.18,0.6,0.6,307,39,180,1076,32.8,Clay Loam,Mehsana,Kharif,Rice
7.01,0.7,0.68,268,40,208,1746,24.4,Clay Loam,Ahmedabad,Kharif,Rice
5.83,0.22,0.96,322,28,308,1433,26.1,Clay Loam,Ahmedabad,Kharif,Rice
6.81,0.73,0.94,391,46,289,1605,25.9,Clay Loam,Anand,Kharif,Rice
5.56,0.6,0.8,357,31,316,1614,26.5,Clay Loam,Banaskantha,Kharif,Rice
5.76,0.36,0.95,380,33,289,1666,26.1,Clay Loam,Vadodara,Kharif,Rice
6.52,0.66,0.76,251,31,219,1233,28.3,Clay Loam,Ahmedabad,Kharif,Rice
5.56,0.38,1.18,365,25,260,1688,29.3,Clay Loam,Rajkot,Kharif,Rice
6.88,0.86,0.85,335,37,346,1103,25.4,Clay Loam,Rajkot,Kharif,Rice
6.06,0.58,0.8,251,32,245,1695,32.5,Clay Loam,Rajkot,Kharif,Rice
6.93,0.65,1.02,306,27,295,1780,28.9,Clay Loam,Amreli,Kharif,Rice
5.84,0.29,0.86,259,33,249,1300,29.1,Clay Loam,Gandhinagar,Kharif,Rice
5.81,0.32,0.88,260,30,263,1372,30.2,Clay Loam,Kutch,Kharif,Rice
6.05,0.81,0.85,275,39,188,1752,31,Clay Loam,Anand,Kharif,Rice
6.24,0.59,1.09,282,26,308,1004,30.2,Clay Loam,Banaskantha,Kharif,Rice
5.78,0.93,1.14,347,54,219,1720,30.1,Clay Loam,Surat,Kharif,Rice
6.79,0.24,0.79,303,38,248,1618,25.8,Clay Loam,Ahmedabad,Kharif,Rice
6.3,0.43,1.18,304,37,196,1399,28.8,Clay Loam,Kutch,Kharif,Rice
6.48,0.95,1.06,389,44,280,1427,25.1,Clay Loam,Surat,Kharif,Rice
6.75,0.31,0.85,383,32,312,1200,31.3,Clay Loam,Amreli,Kharif,Rice
6.15,0.69,1.19,344,41,274,1757,25.8,Clay Loam,Amreli,Kharif,Rice
5.93,0.51,0.83,349,40,308,1498,25.8,Clay Loam,Banaskantha,Kharif,Rice
6.11,0.27,1.01,331,29,316,1272,29.3,Clay Loam,Surat,Kharif,Rice
5.75,0.74,0.86,301,38,244,1293,32.6,Clay Loam,Mehsana,Kharif,Rice
5.85,0.65,1.11,287,50,272,1294,32.8,Clay Loam,Surendranagar,Kharif,Rice
5.77,0.84,0.89,301,36,187,1702,26,Clay Loam,Surat,Kharif,Rice
7.04,0.29,0.75,365,40,239,1788,27.8,Clay Loam,Bharuch,Kharif,Rice
5.87,0.45,0.74,360,32,302,1222,25.9,Clay Loam,Amreli,Kharif,Rice
6.09,0.24,0.65,344,34,319,1464,32,Clay Loam,Kutch,Kharif,Rice
5.9,0.31,0.72,258,55,299,1698,31.1,Clay Loam,Junagadh,Kharif,Rice
5.67,0.33,0.85,387,42,239,1108,24.8,Clay Loam,Banaskantha,Kharif,Rice
7.15,0.21,0.85,261,42,277,1477,32,Clay Loam,Amreli,Kharif,Rice
7.08,0.36,0.88,344,40,286,1731,30.4,Clay Loam,Vadodara,Kharif,Rice
5.69,0.89,0.82,300,41,337,1063,33.2,Clay Loam,Mehsana,Kharif,Rice
7.05,0.48,1.01,329,49,343,1582,32.4,Clay Loam,Rajkot,Kharif,Rice
7.05,0.73,1.15,310,37,339,1633,27.9,Clay Loam,Surat,Kharif,Rice
5.89,0.56,0.71,301,38,336,1509,30.4,Clay Loam,Amreli,Kharif,Rice
7.2,0.76,0.68,305,37,228,1284,29.5,Clay Loam,Junagadh,Kharif,Rice
5.6,0.54,1.11,250,25,316,1396,33.9,Clay Loam,Navsari,Kharif,Rice
6.5,0.97,0.95,293,56,337,1147,26.6,Clay Loam,Mehsana,Kharif,Rice
6.13,0.75,1.1,276,59,334,1274,26.6,Clay Loam,Ahmedabad,Kharif,Rice
6.47,0.71,0.82,343,33,334,1106,29.8,Clay Loam,Vadodara,Kharif,Rice
6.69,0.59,0.8,316,54,225,1778,28.3,Clay Loam,Mehsana,Kharif,Rice
6.72,0.24,0.75,288,25,338,1448,31.7,Clay Loam,Mehsana,Kharif,Rice
6.85,0.67,1.11,299,38,196,1473,31,Clay Loam,Surat,Kharif,Rice
6.98,0.49,1.19,277,52,246,1371,26.6,Clay Loam,Bharuch,Kharif,Rice
5.87,0.69,0.99,268,50,186,1216,32.4,Clay Loam,Surendranagar,Kharif,Rice
6.67,0.21,1.17,281,30,294,1796,26.1,Clay Loam,Surat,Kharif,Rice
6.3,0.93,1.08,270,36,259,1775,30.1,Clay Loam,Junagadh,Kharif,Rice
6.71,0.61,0.79,337,44,270,1631,27.6,Clay Loam,Rajkot,Kharif,Rice
6.45,0.24,1,375,48,250,1254,29.4,Clay Loam,Bhavnagar,Kharif,Rice
5.52,0.97,0.9,300,56,320,1222,25.6,Clay Loam,Junagadh,Kharif,Rice
6.53,0.55,0.9,264,40,242,1786,29.6,Clay Loam,Gandhinagar,Kharif,Rice
5.71,0.36,0.89,260,38,239,1171,33.5,Clay Loam,Kutch,Kharif,Rice
7.13,0.7,1.15,326,29,188,1022,29.3,Clay Loam,Navsari,Kharif,Rice
6.63,0.82,0.91,290,37,186,1687,30.7,Clay Loam,Anand,Kharif,Rice
7.05,0.97,0.61,326,34,294,1490,25.4,Clay Loam,Gandhinagar,Kharif,Rice
5.81,0.43,0.66,375,26,222,1640,25.4,Clay Loam,Kutch,Kharif,Rice
6.62,0.57,1.11,284,59,276,1341,27.3,Clay Loam,Amreli,Kharif,Rice
7.19,0.76,0.84,365,32,346,1799,28.1,Clay Loam,Mehsana,Kharif,Rice
5.61,0.43,1.1,383,32,300,1144,32.8,Clay Loam,Navsari,Kharif,Rice
7.16,0.49,0.65,382,29,252,1693,26.1,Clay Loam,Surat,Kharif,Rice
5.91,0.82,0.69,272,29,340,1480,24.7,Clay Loam,Surat,Kharif,Rice
5.6,0.45,0.8,345,44,207,1648,32.8,Clay Loam,Banaskantha,Kharif,Rice
6.46,0.59,0.76,358,42,222,1092,31.2,Clay Loam,Bharuch,Kharif,Rice
6.01,0.89,0.81,387,58,216,1131,32.5,Clay Loam,Bhavnagar,Kharif,Rice
6.63,0.38,0.72,307,36,305,1694,32.4,Clay Loam,Amreli,Kharif,Rice
5.71,0.85,0.97,385,54,277,1672,33.6,Clay Loam,Vadodara,Kharif,Rice
5.98,0.74,0.79,276,53,331,1169,25.4,Clay Loam,Surat,Kharif,Rice
6.14,0.29,0.77,390,50,212,1288,28.6,Clay Loam,Bhavnagar,Kharif,Rice
6.28,0.22,1.1,278,51,308,1391,25.9,Clay Loam,Kutch,Kharif,Rice
6.28,0.7,0.77,310,42,279,1572,25.3,Clay Loam,Bhavnagar,Kharif,Rice
5.77,0.27,0.76,314,52,316,1265,27.6,Clay Loam,Junagadh,Kharif,Rice
6.86,0.73,1.06,284,53,246,1634,29.6,Clay Loam,Rajkot,Kharif,Rice
5.91,0.38,0.88,381,60,187,1266,31.9,Clay Loam,Navsari,Kharif,Rice
6.83,0.49,0.63,373,39,285,1200,25.7,Clay Loam,Bhavnagar,Kharif,Rice
6.98,0.96,0.61,361,49,294,1115,26.6,Clay Loam,Junagadh,Kharif,Rice
5.62,0.94,0.86,334,55,288,1183,32,Clay Loam,Surendranagar,Kharif,Rice
6.85,0.8,0.87,300,60,198,1675,26.2,Clay Loam,Rajkot,Kharif,Rice
6.2,0.35,0.67,339,55,198,1629,25.9,Clay Loam,Bharuch,Kharif,Rice
6.41,0.86,1.02,314,43,231,1559,25.3,Clay Loam,Kutch,Kharif,Rice
6.92,0.69,0.83,309,29,300,1283,29.5,Clay Loam,Ahmedabad,Kharif,Rice
6.67,0.64,0.67,264,29,255,1636,29.4,Clay Loam,Surendranagar,Kharif,Rice
7.01,0.32,0.8,250,53,315,1705,32.8,Clay Loam,Ahmedabad,Kharif,Rice
6.11,0.84,0.92,345,29,286,1388,32.2,Clay Loam,Bharuch,Kharif,Rice
5.93,0.32,0.8,299,43,198,1499,31.5,Clay Loam,Amreli,Kharif,Rice
7.04,0.6,1.06,270,42,278,1565,25.6,Clay Loam,Navsari,Kharif,Rice
6.58,0.86,1,288,26,330,1252,24.7,Clay Loam,Surat,Kharif,Rice
6.42,0.64,0.68,282,34,307,1521,28,Clay Loam,Amreli,Kharif,Rice
6.53,0.38,0.62,260,40,204,1623,24.8,Clay Loam,Ahmedabad,Kharif,Rice
7.17,0.92,0.77,266,44,277,1507,32.3,Clay Loam,Rajkot,Kharif,Rice
6.15,0.72,0.89,336,40,339,1241,29.6,Clay Loam,Amreli,Kharif,Rice
6.14,0.93,0.77,259,57,313,1795,28.8,Clay Loam,Gandhinagar,Kharif,Rice
6.01,0.94,0.88,295,45,276,1736,31.6,Clay Loam,Surat,Kharif,Rice
6.7,0.74,1.18,299,29,184,1431,25.9,Clay Loam,Surat,Kharif,Rice
6.68,0.96,0.63,395,51,280,1167,25.6,Clay Loam,Ahmedabad,Kharif,Rice
5.89,0.44,0.89,251,32,349,1750,31.6,Clay Loam,Surat,Kharif,Rice
6.82,0.33,1,371,51,250,1188,32,Clay Loam,Bharuch,Kharif,Rice
6.51,0.36,0.63,362,29,237,1132,30,Clay Loam,Vadodara,Kharif,Rice
7.12,0.39,1.04,308,46,304,1215,30.8,Clay Loam,Junagadh,Kharif,Rice
6.14,0.9,0.6,326,41,192,1388,29.2,Clay Loam,Surat,Kharif,Rice
6.1,0.23,0.85,391,40,350,1551,33.6,Clay Loam,Rajkot,Kharif,Rice
5.77,0.68,0.61,340,27,191,1091,27.3,Clay Loam,Mehsana,Kharif,Rice
6.53,0.7,0.91,361,28,333,1351,33.3,Clay Loam,Amreli,Kharif,Rice
6.1,0.95,0.73,323,48,282,1428,34,Clay Loam,Surat,Kharif,Rice
6.32,0.43,1.18,262,45,348,1681,29,Clay Loam,Gandhinagar,Kharif,Rice
6.2,0.49,1.16,373,57,239,1694,27,Clay Loam,Navsari,Kharif,Rice
6.45,0.62,0.73,321,58,235,1000,26.2,Clay Loam,Amreli,Kharif,Rice
6.07,0.75,1.05,323,47,255,1743,26.4,Clay Loam,Bharuch,Kharif,Rice
7.07,0.96,0.89,321,36,195,1129,30.7,Clay Loam,Mehsana,Kharif,Rice
5.64,0.7,1.03,381,60,342,1771,31.9,Clay Loam,Anand,Kharif,Rice
6.91,0.39,1.03,273,37,216,1081,33.2,Clay Loam,Banaskantha,Kharif,Rice
7.11,0.25,0.61,369,48,227,1710,33.2,Clay Loam,Amreli,Kharif,Rice
6.4,0.43,0.89,281,46,314,1604,32.8,Clay Loam,Banaskantha,Kharif,Rice
5.93,0.91,0.89,290,51,340,1036,29.1,Clay Loam,Surat,Kharif,Rice
6.57,0.69,0.7,394,35,238,1124,32.5,Clay Loam,Anand,Kharif,Rice
6.36,0.53,1.02,337,49,206,1452,31.1,Clay Loam,Surat,Kharif,Rice
7.14,0.6,0.93,283,55,324,1482,33.1,Clay Loam,Rajkot,Kharif,Rice
5.92,0.72,0.86,269,56,306,1007,27.8,Clay Loam,Ahmedabad,Kharif,Rice
5.68,0.66,0.62,380,45,319,1298,27.7,Clay Loam,Rajkot,Kharif,Rice
5.62,0.69,0.79,302,47,248,1026,24.6,Clay Loam,Bhavnagar,Kharif,Rice
5.65,0.99,0.9,386,58,203,1608,24.2,Clay Loam,Junagadh,Kharif,Rice
6.33,0.52,1.04,324,47,287,1364,24.6,Clay Loam,Surat,Kharif,Rice
6.43,0.79,1,338,55,243,1070,30.1,Clay Loam,Bharuch,Kharif,Rice
7.02,0.91,1.06,367,26,321,1105,26.7,Clay Loam,Junagadh,Kharif,Rice
6.36,0.84,1.19,305,53,318,1245,29,Clay Loam,Bharuch,Kharif,Rice
6.97,0.84,1.02,300,35,268,1444,32.4,Clay Loam,Mehsana,Kharif,Rice
6.82,0.65,0.73,280,53,233,1033,29.9,Clay Loam,Bhavnagar,Kharif,Rice
6.56,0.8,0.73,327,52,318,1693,32.7,Clay Loam,Kutch,Kharif,Rice
5.89,0.7,0.65,337,42,217,1798,28.3,Clay Loam,Ahmedabad,Kharif,Rice
6.33,0.7,0.64,272,60,349,1065,29.9,Clay Loam,Rajkot,Kharif,Rice
6.63,0.42,1.08,314,54,250,1399,27.3,Clay Loam,Anand,Kharif,Rice
5.87,0.53,0.72,273,36,320,1676,33.3,Clay Loam,Rajkot,Kharif,Rice
6.82,0.85,0.92,399,34,257,1564,30,Clay Loam,Surendranagar,Kharif,Rice
7,0.85,0.81,328,60,339,1273,28.6,Clay Loam,Mehsana,Kharif,Rice
6.85,0.25,1.06,341,44,246,1277,24.2,Clay Loam,Banaskantha,Kharif,Rice
6.51,0.92,0.89,362,47,273,1682,33,Clay Loam,Bharuch,Kharif,Rice
6.32,0.58,0.75,257,42,325,1024,29.8,Clay Loam,Banaskantha,Kharif,Rice
5.99,0.43,0.78,265,48,290,1381,27.6,Clay Loam,Bharuch,Kharif,Rice
5.62,0.59,1.1,375,31,317,1783,25.4,Clay Loam,Surat,Kharif,Rice
6.64,0.23,0.92,281,48,215,1499,28.4,Clay Loam,Bharuch,Kharif,Rice
5.58,0.3,0.99,385,47,251,1058,33,Clay Loam,Gandhinagar,Kharif,Rice
7.06,0.38,0.76,265,34,277,1680,25.6,Clay Loam,Surendranagar,Kharif,Rice
6.52,0.65,0.69,326,26,346,1487,28.9,Clay Loam,Vadodara,Kharif,Rice
6.64,0.64,0.83,310,51,259,1320,29.4,Clay Loam,Surendranagar,Kharif,Rice
6.95,0.92,1.07,359,55,208,1412,24.2,Clay Loam,Ahmedabad,Kharif,Rice
6.85,0.58,1.05,327,34,212,1708,31.1,Clay Loam,Bharuch,Kharif,Rice
5.71,0.76,0.79,257,28,221,1193,31.6,Clay Loam,Gandhinagar,Kharif,Rice
7.1,0.79,1.19,250,41,334,1115,32.3,Clay Loam,Amreli,Kharif,Rice
6.23,0.4,0.92,368,47,240,1243,32.5,Clay Loam,Banaskantha,Kharif,Rice
6.44,0.69,0.84,312,35,222,1791,32.3,Clay Loam,Surendranagar,Kharif,Rice
5.62,0.56,0.95,346,39,266,1786,31.7,Clay Loam,Junagadh,Kharif,Rice
6,0.62,0.84,400,33,349,1520,25.7,Clay Loam,Bharuch,Kharif,Rice
6.99,0.55,1.11,353,35,200,1188,30.2,Clay Loam,Anand,Kharif,Rice
5.95,0.46,0.89,392,41,349,1769,29.9,Clay Loam,Amreli,Kharif,Rice
6.75,0.7,0.82,270,55,287,1082,31.6,Clay Loam,Navsari,Kharif,Rice
5.86,0.2,0.7,378,38,191,1393,30.3,Clay Loam,Bhavnagar,Kharif,Rice
5.78,0.91,0.9,277,33,294,1473,27.4,Clay Loam,Surat,Kharif,Rice
5.54,0.7,0.91,319,32,250,1774,25,Clay Loam,Anand,Kharif,Rice
6.53,0.61,0.87,257,41,272,1735,27.1,Clay Loam,Anand,Kharif,Rice
5.82,0.8,0.92,272,50,305,1289,28.9,Clay Loam,Amreli,Kharif,Rice
6.34,0.63,1.03,271,44,277,1728,25,Clay Loam,Anand,Kharif,Rice
6,0.52,0.9,379,52,320,1158,25.1,Clay Loam,Surat,Kharif,Rice
6.97,0.47,1.2,348,44,218,1360,30.1,Clay Loam,Surendranagar,Kharif,Rice
6.7,0.93,0.72,398,55,246,1550,31.4,Clay Loam,Mehsana,Kharif,Rice
6.7,0.79,0.86,251,27,283,1627,24.7,Clay Loam,Bharuch,Kharif,Rice
7.01,0.44,0.8,272,56,326,1682,31.6,Clay Loam,Mehsana,Kharif,Rice
6.32,0.77,0.94,390,58,255,1265,25.9,Clay Loam,Surendranagar,Kharif,Rice
6.15,0.81,0.88,287,57,279,1297,33.6,Clay Loam,Kutch,Kharif,Rice
6.82,0.37,0.69,310,44,338,1768,25.4,Clay Loam,Bharuch,Kharif,Rice
6.36,0.28,0.73,290,41,202,1111,33.6,Clay Loam,Amreli,Kharif,Rice
5.99,0.97,0.98,336,49,221,1540,27.1,Clay Loam,Ahmedabad,Kharif,Rice
6.64,0.59,0.96,358,46,332,1363,29.7,Clay Loam,Junagadh,Kharif,Rice
5.58,0.84,0.96,336,60,323,1741,31.9,Clay Loam,Anand,Kharif,Rice
7.01,0.62,0.67,275,58,254,1285,33.1,Clay Loam,Surat,Kharif,Rice
5.89,0.46,0.79,259,57,208,1379,26.5,Clay Loam,Surat,Kharif,Rice
5.55,0.28,0.87,334,27,299,1230,30.3,Clay Loam,Rajkot,Kharif,Rice
6.71,0.83,0.86,274,47,288,1149,26.1,Clay Loam,Junagadh,Kharif,Rice
6.67,0.73,0.6,302,52,325,1160,33.5,Clay Loam,Bhavnagar,Kharif,Rice
7,0.8,0.87,288,59,350,1391,27.7,Clay Loam,Rajkot,Kharif,Rice
6.61,0.63,0.63,344,40,274,1275,27.7,Clay Loam,Vadodara,Kharif,Rice
6.12,0.52,1.15,292,60,187,1600,26.1,Clay Loam,Rajkot,Kharif,Rice
5.94,0.89,0.79,385,56,221,1374,26.7,Clay Loam,Bharuch,Kharif,Rice
6.29,0.41,0.73,382,33,280,1324,30.5,Clay Loam,Surat,Kharif,Rice
5.7,0.36,0.97,250,29,264,1747,31.2,Clay Loam,Rajkot,Kharif,Rice
5.73,0.27,0.61,389,43,327,1574,32.9,Clay Loam,Navsari,Kharif,Rice
6.49,0.5,1.09,317,36,219,1416,28.2,Clay Loam,Banaskantha,Kharif,Rice
6.91,0.52,1.12,315,25,264,1669,30.7,Clay Loam,Mehsana,Kharif,Rice
5.79,0.46,1.05,261,40,250,1529,32.5,Clay Loam,Gandhinagar,Kharif,Rice
7.17,0.61,0.84,376,28,306,1675,25.5,Clay Loam,Anand,Kharif,Rice
6.53,0.78,0.79,324,28,199,1179,30.7,Clay Loam,Ahmedabad,Kharif,Rice
5.61,0.89,0.61,360,46,267,1548,29.9,Clay Loam,Surendranagar,Kharif,Rice
5.51,0.8,0.94,320,34,223,1076,29.3,Clay Loam,Surat,Kharif,Rice
5.93,0.97,0.79,375,26,315,1540,24.8,Clay Loam,Kutch,Kharif,Rice
7.06,0.82,0.71,325,48,213,1460,32.5,Clay Loam,Rajkot,Kharif,Rice
5.53,0.72,1.12,382,56,214,1532,24.6,Clay Loam,Mehsana,Kharif,Rice
6.39,0.37,1.1,299,43,349,1300,30.9,Clay Loam,Banaskantha,Kharif,Rice
7.16,0.66,0.69,301,46,230,1394,32.9,Clay Loam,Mehsana,Kharif,Rice
6.93,0.27,0.62,311,35,226,1333,28.1,Clay Loam,Mehsana,Kharif,Rice
7.06,0.36,0.92,305,55,198,1705,28.3,Clay Loam,Ahmedabad,Kharif,Rice
6.61,0.3,0.75,339,32,180,1361,27.4,Clay Loam,Gandhinagar,Kharif,Rice
6.74,0.84,1.13,334,56,265,1145,32.1,Clay Loam,Rajkot,Kharif,Rice
6.06,0.5,0.86,384,34,219,1171,33.9,Clay Loam,Junagadh,Kharif,Rice
6.32,0.35,0.9,308,37,333,1077,25.4,Clay Loam,Navsari,Kharif,Rice
6.15,0.33,0.67,389,32,206,1000,24.6,Clay Loam,Rajkot,Kharif,Rice
6.67,0.67,0.88,373,48,343,1756,31,Clay Loam,Mehsana,Kharif,Rice
6.25,0.98,0.68,384,59,330,1497,28.6,Clay Loam,Kutch,Kharif,Rice
6.19,0.49,0.63,334,52,306,1329,31,Clay Loam,Surendranagar,Kharif,Rice
5.72,0.43,0.6,348,38,267,1200,33,Clay Loam,Surat,Kharif,Rice
6.45,0.46,0.67,348,37,300,1665,33.3,Clay Loam,Banaskantha,Kharif,Rice
7.14,0.4,1.11,300,36,342,1318,29.7,Clay Loam,Surat,Kharif,Rice
6.88,0.56,1.16,386,35,205,1072,25.8,Clay Loam,Banaskantha,Kharif,Rice
5.85,0.4,1.13,347,34,294,1416,24.4,Clay Loam,Kutch,Kharif,Rice
6.02,0.97,0.61,350,50,240,1520,33,Clay Loam,Gandhinagar,Kharif,Rice
6.42,0.58,0.61,302,30,245,1370,31.6,Clay Loam,Mehsana,Kharif,Rice
6.59,0.96,0.86,357,55,336,1388,28.9,Clay Loam,Amreli,Kharif,Rice
6.99,0.48,1.15,352,35,339,1149,30.9,Clay Loam,Surat,Kharif,Rice
6.62,0.25,1.13,350,25,236,1617,30.4,Clay Loam,Banaskantha,Kharif,Rice
5.78,0.84,0.93,397,32,313,1031,28.8,Clay Loam,Junagadh,Kharif,Rice
7.09,0.68,1.14,368,30,244,1543,29.3,Clay Loam,Bhavnagar,Kharif,Rice
6.67,0.54,0.86,291,42,187,1344,28.1,Clay Loam,Ahmedabad,Kharif,Rice
5.54,0.4,0.78,302,25,277,1356,26.6,Clay Loam,Surat,Kharif,Rice
7.06,0.65,0.61,371,46,219,1797,30.5,Clay Loam,Amreli,Kharif,Rice
5.63,0.89,1.05,366,57,273,1125,33.4,Clay Loam,Banaskantha,Kharif,Rice
5.51,0.79,1.16,261,56,221,1522,33.3,Clay Loam,Gandhinagar,Kharif,Rice
5.89,0.32,0.9,263,46,234,1696,33,Clay Loam,Navsari,Kharif,Rice
5.83,0.23,0.77,252,55,268,1645,29,Clay Loam,Bhavnagar,Kharif,Rice
6.42,0.29,1.17,356,53,189,1285,33.8,Clay Loam,Anand,Kharif,Rice
7.1,0.93,1.09,359,56,283,1333,29.1,Clay Loam,Banaskantha,Kharif,Rice
6.47,0.6,0.97,316,47,341,1293,33,Clay Loam,Bhavnagar,Kharif,Rice
6.54,0.32,0.8,273,44,199,1701,32.4,Clay Loam,Bharuch,Kharif,Rice
5.98,0.65,0.87,318,48,314,1398,33.6,Clay Loam,Kutch,Kharif,Rice
5.85,0.62,0.66,266,31,203,1352,25.2,Clay Loam,Junagadh,Kharif,Rice
6.15,0.95,0.8,258,57,301,1570,33,Clay Loam,Bhavnagar,Kharif,Rice
6.46,0.62,1.08,380,47,236,1643,27.5,Clay Loam,Anand,Kharif,Rice
6.33,0.95,0.79,309,37,334,1200,24.1,Clay Loam,Ahmedabad,Kharif,Rice
6.27,0.22,0.92,310,52,320,1770,25.8,Clay Loam,Junagadh,Kharif,Rice
7.07,0.52,1.02,391,38,256,1415,30.7,Clay Loam,Ahmedabad,Kharif,Rice
5.74,0.38,0.62,301,30,220,1661,24.2,Clay Loam,Surendranagar,Kharif,Rice
6.99,0.25,0.76,283,53,238,1133,30.7,Clay Loam,Banaskantha,Kharif,Rice
7.02,0.26,1.01,312,52,231,1258,29.2,Clay Loam,Navsari,Kharif,Rice
6.05,0.32,0.63,357,34,247,1702,31.2,Clay Loam,Ahmedabad,Kharif,Rice
6.69,0.48,1.16,312,25,220,1611,31.8,Clay Loam,Kutch,Kharif,Rice
5.66,0.54,1.19,307,39,278,1164,25.1,Clay Loam,Bharuch,Kharif,Rice
7.19,0.48,0.82,351,39,325,1782,24.2,Clay Loam,Kutch,Kharif,Rice
5.85,0.43,0.69,315,46,225,1280,32.8,Clay Loam,Vadodara,Kharif,Rice
7.19,0.87,1.02,375,38,349,1491,29.7,Clay Loam,Gandhinagar,Kharif,Rice
5.55,0.57,0.8,332,35,299,1048,30.8,Clay Loam,Kutch,Kharif,Rice
6.84,0.98,0.61,373,37,273,1568,26.7,Clay Loam,Kutch,Kharif,Rice
6.3,0.86,1.13,342,54,283,1036,32.1,Clay Loam,Mehsana,Kharif,Rice
6.45,0.53,1.11,392,36,342,1416,27.3,Clay Loam,Junagadh,Kharif,Rice
7.04,0.49,0.9,313,47,195,1592,31.8,Clay Loam,Banaskantha,Kharif,Rice
6.29,0.91,1.07,277,42,294,1473,28.1,Clay Loam,Mehsana,Kharif,Rice
6.91,0.47,0.76,294,56,299,1138,31.1,Clay Loam,Navsari,Kharif,Rice
5.96,0.84,1.01,388,55,258,1502,27.4,Clay Loam,Ahmedabad,Kharif,Rice
6.94,0.34,0.78,276,34,328,1778,30.2,Clay Loam,Mehsana,Kharif,Rice
6.55,0.67,0.99,329,47,225,1619,25.4,Clay Loam,Rajkot,Kharif,Rice
6.51,0.99,0.6,323,32,295,1430,29.2,Clay Loam,Rajkot,Kharif,Rice
6.07,0.56,1.15,254,51,337,1772,27.9,Clay Loam,Ahmedabad,Kharif,Rice
6.37,0.48,0.91,328,44,196,1009,25.1,Clay Loam,Gandhinagar,Kharif,Rice
5.78,0.33,1.11,283,30,289,1443,27.4,Clay Loam,Mehsana,Kharif,Rice
6.19,0.42,0.84,388,30,345,1790,31.8,Clay Loam,Banaskantha,Kharif,Rice
7.07,0.52,0.94,290,54,185,1749,27.7,Clay Loam,Amreli,Kharif,Rice
6.04,0.44,0.62,343,57,239,1330,33.7,Clay Loam,Gandhinagar,Kharif,Rice
6.41,0.21,0.85,293,46,326,1671,27.3,Clay Loam,Anand,Kharif,Rice
6.61,0.95,1.06,302,27,309,1762,28.4,Clay Loam,Navsari,Kharif,Rice
5.66,0.42,1.05,286,54,326,1502,29.8,Clay Loam,Vadodara,Kharif,Rice
6.98,0.69,1.15,355,36,298,1568,28.2,Clay Loam,Banaskantha,Kharif,Rice
5.66,0.98,0.8,388,29,254,1506,33.3,Clay Loam,Anand,Kharif,Rice
6.28,0.59,0.77,365,47,198,1208,25.1,Clay Loam,Rajkot,Kharif,Rice
6.84,0.98,0.61,278,28,183,1484,31.9,Clay Loam,Surat,Kharif,Rice
5.63,0.38,0.67,339,51,297,1469,33.8,Clay Loam,Rajkot,Kharif,Rice
6.72,0.38,1.19,283,28,246,1155,29.6,Clay Loam,Surat,Kharif,Rice
6.47,0.91,1.1,313,39,218,1408,28.1,Clay Loam,Vadodara,Kharif,Rice
5.75,0.5,0.68,397,50,265,1082,27.4,Clay Loam,Anand,Kharif,Rice
6.61,0.59,0.91,357,30,270,1584,31.5,Clay Loam,Ahmedabad,Kharif,Rice
6.45,0.53,1.01,282,59,269,1682,27.7,Clay Loam,Amreli,Kharif,Rice
6.46,0.23,0.69,378,58,215,1795,26.6,Clay Loam,Bharuch,Kharif,Rice
7.18,0.32,1.03,277,44,335,1499,26.7,Clay Loam,Bharuch,Kharif,Rice
5.95,0.56,0.74,312,54,252,1581,33.9,Clay Loam,Vadodara,Kharif,Rice
5.82,0.9,1.16,360,25,310,1524,26.9,Clay Loam,Gandhinagar,Kharif,Rice
6.6,0.29,1.16,303,38,290,1764,27.8,Clay Loam,Vadodara,Kharif,Rice
5.61,0.67,0.78,287,60,247,1091,25.8,Clay Loam,Surendranagar,Kharif,Rice
6.38,0.47,1.06,303,26,185,1073,29.7,Clay Loam,Ahmedabad,Kharif,Rice
5.82,0.97,1.14,257,27,266,1524,30,Clay Loam,Vadodara,Kharif,Rice
6.8,0.53,0.94,271,54,337,1780,26.8,Clay Loam,Mehsana,Kharif,Rice
5.8,0.33,0.93,274,47,335,1752,31.4,Clay Loam,Navsari,Kharif,Rice
6.32,0.59,0.92,362,28,199,1592,31.6,Clay Loam,Rajkot,Kharif,Rice
5.55,0.22,0.96,328,37,243,1510,24.6,Clay Loam,Surendranagar,Kharif,Rice
5.62,0.69,1.15,364,59,294,1188,29.5,Clay Loam,Kutch,Kharif,Rice
5.67,0.43,0.89,310,39,280,1453,32.1,Clay Loam,Rajkot,Kharif,Rice
6.65,0.67,0.85,354,53,290,1385,28.8,Clay Loam,Vadodara,Kharif,Rice
7.18,0.83,0.66,382,54,210,1575,31.9,Clay Loam,Rajkot,Kharif,Rice
6.25,0.87,0.91,309,56,266,1561,28.9,Clay Loam,Vadodara,Kharif,Rice
6.5,0.5,1.13,394,28,220,1172,28.9,Clay Loam,Navsari,Kharif,Rice
6.7,0.58,1.15,383,58,263,1117,29.4,Clay Loam,Rajkot,Kharif,Rice
5.82,0.51,0.85,291,29,234,1503,30.2,Clay Loam,Surendranagar,Kharif,Rice
5.67,0.59,1.07,330,46,268,1431,26.3,Clay Loam,Navsari,Kharif,Rice
6.32,0.98,1,318,41,192,1719,25.9,Clay Loam,Ahmedabad,Kharif,Rice
7,0.23,0.83,301,56,281,1069,24.6,Clay Loam,Vadodara,Kharif,Rice
5.81,0.7,0.73,252,56,224,1605,28.7,Clay Loam,Surendranagar,Kharif,Rice
5.56,0.81,0.74,381,44,320,1023,26.4,Clay Loam,Ahmedabad,Kharif,Rice
5.61,0.26,0.63,358,34,219,1418,32.9,Clay Loam,Bhavnagar,Kharif,Rice
6.49,0.75,1.13,391,48,207,1529,33.4,Clay Loam,Bharuch,Kharif,Rice
6.16,0.91,1.19,396,46,208,1220,26.7,Clay Loam,Bharuch,Kharif,Rice
6.56,0.88,0.88,306,33,233,1469,28.5,Clay Loam,Surendranagar,Kharif,Rice
5.78,0.52,0.93,352,36,211,1728,29.8,Clay Loam,Ahmedabad,Kharif,Rice
5.7,0.25,0.83,337,25,345,1722,29.4,Clay Loam,Vadodara,Kharif,Rice
6.71,0.33,0.84,358,54,300,1293,27.3,Clay Loam,Kutch,Kharif,Rice
6.36,0.83,0.95,355,25,243,1755,30.5,Clay Loam,Ahmedabad,Kharif,Rice
5.84,0.8,0.93,363,48,222,1236,25.9,Clay Loam,Surendranagar,Kharif,Rice
6.75,0.56,0.77,251,39,236,1345,28.9,Clay Loam,Gandhinagar,Kharif,Rice
7.12,0.32,0.85,346,31,280,1288,32.1,Clay Loam,Amreli,Kharif,Rice
7,0.25,0.98,278,47,335,1601,29,Clay Loam,Kutch,Kharif,Rice
6.89,0.59,1.07,306,28,239,1645,30.6,Clay Loam,Bharuch,Kharif,Rice
5.63,0.22,0.83,314,37,207,1495,30,Clay Loam,Kutch,Kharif,Rice
6.41,0.32,1.06,286,36,221,1786,30,Clay Loam,Bhavnagar,Kharif,Rice
6.99,0.97,1,386,42,193,1004,32.1,Clay Loam,Amreli,Kharif,Rice
5.55,0.41,0.72,323,52,249,1548,30.5,Clay Loam,Bhavnagar,Kharif,Rice
6.4,0.41,1.11,341,50,235,1455,31.1,Clay Loam,Bharuch,Kharif,Rice
6.8,0.93,0.92,255,47,223,1564,34,Clay Loam,Banaskantha,Kharif,Rice
6.73,0.93,0.81,388,49,260,1116,29.4,Clay Loam,Amreli,Kharif,Rice
6.82,0.75,0.86,293,39,222,1224,29.2,Clay Loam,Gandhinagar,Kharif,Rice
6.22,0.66,0.74,382,28,280,1531,25.3,Clay Loam,Amreli,Kharif,Rice
7.18,0.95,0.65,366,25,325,1124,27.6,Clay Loam,Rajkot,Kharif,Rice
7.12,0.91,0.96,299,54,318,1061,29.3,Clay Loam,Gandhinagar,Kharif,Rice
6.52,0.24,1.08,257,58,341,1599,31.1,Clay Loam,Vadodara,Kharif,Rice
6.34,0.94,1.16,357,37,322,1101,30.7,Clay Loam,Rajkot,Kharif,Rice
5.54,0.48,0.91,382,35,238,1487,30,Clay Loam,Mehsana,Kharif,Rice
5.94,0.54,0.91,296,55,220,1082,30.3,Clay Loam,Surendranagar,Kharif,Rice
6.08,0.24,0.88,306,35,182,1683,31.7,Clay Loam,Vadodara,Kharif,Rice
6.89,0.68,0.98,303,42,192,1121,30.6,Clay Loam,Bhavnagar,Kharif,Rice
5.9,0.49,0.77,355,46,233,1428,33,Clay Loam,Amreli,Kharif,Rice
6.7,0.77,1.13,312,27,275,1047,26.7,Clay Loam,Mehsana,Kharif,Rice
5.52,0.56,0.94,388,59,328,1215,24.5,Clay Loam,Vadodara,Kharif,Rice
6.04,0.49,0.98,283,29,223,1512,28,Clay Loam,Bharuch,Kharif,Rice
6.74,0.86,0.82,291,27,184,1229,24.9,Clay Loam,Gandhinagar,Kharif,Rice
6.35,0.23,1.06,351,30,283,1737,31.6,Clay Loam,Kutch,Kharif,Rice
6.68,0.36,1,320,57,189,1205,25.3,Clay Loam,Rajkot,Kharif,Rice
6.99,0.43,1.08,282,56,304,1558,24.8,Clay Loam,Surendranagar,Kharif,Rice
6.22,0.92,1,335,31,278,1554,26.1,Clay Loam,Junagadh,Kharif,Rice
6.96,0.44,0.84,347,41,340,1728,25.8,Clay Loam,Navsari,Kharif,Rice
6.75,0.9,1.14,332,41,202,1722,32.1,Clay Loam,Surat,Kharif,Rice
6.86,0.83,0.82,328,36,227,1453,25.4,Clay Loam,Mehsana,Kharif,Rice
6.95,0.31,0.78,391,37,270,1579,29.8,Clay Loam,Rajkot,Kharif,Rice
5.6,0.27,0.88,281,42,290,1458,25.4,Clay Loam,Vadodara,Kharif,Rice
7.08,0.58,0.71,295,31,321,1754,28.8,Clay Loam,Kutch,Kharif,Rice
5.92,0.69,1.01,379,42,332,1229,32.7,Clay Loam,Navsari,Kharif,Rice
6.24,0.69,0.62,372,44,181,1579,27.8,Clay Loam,Ahmedabad,Kharif,Rice
5.81,0.4,1.17,282,53,332,1115,27.3,Clay Loam,Surat,Kharif,Rice
5.54,0.79,1.19,377,53,340,1563,33.3,Clay Loam,Surendranagar,Kharif,Rice
6.7,0.21,0.72,270,52,211,1507,29.4,Clay Loam,Rajkot,Kharif,Rice
5.56,0.77,0.96,327,42,201,1438,29.7,Clay Loam,Kutch,Kharif,Rice
6.39,0.89,0.68,263,41,215,1750,25,Clay Loam,Mehsana,Kharif,Rice
5.54,0.57,1.14,303,58,235,1435,24.9,Clay Loam,Surat,Kharif,Rice
5.74,0.71,0.98,383,28,306,1223,31.4,Clay Loam,Navsari,Kharif,Rice
6.97,0.77,1.17,372,44,297,1355,26,Clay Loam,Vadodara,Kharif,Rice
6.35,0.95,0.6,316,28,202,1381,24.2,Clay Loam,Surat,Kharif,Rice
7.15,0.68,1.11,298,37,313,1787,33.4,Clay Loam,Rajkot,Kharif,Rice
6.78,0.44,1.19,355,38,305,1561,24.6,Clay Loam,Bharuch,Kharif,Rice
6.12,0.48,1.15,393,50,350,1338,31.7,Clay Loam,Surat,Kharif,Rice
6.94,0.57,0.95,388,48,205,1302,28.4,Clay Loam,Rajkot,Kharif,Rice
5.79,0.65,0.83,337,29,290,1097,28.1,Clay Loam,Rajkot,Kharif,Rice
6.95,0.68,0.72,349,40,280,1016,25.9,Clay Loam,Mehsana,Kharif,Rice
5.72,0.83,0.68,347,58,342,1605,30,Clay Loam,Mehsana,Kharif,Rice
6.48,0.7,1.09,374,47,292,1607,24.1,Clay Loam,Junagadh,Kharif,Rice
6.83,0.78,0.61,272,46,220,1081,27.3,Clay Loam,Ahmedabad,Kharif,Rice
5.95,0.96,1.1,399,34,240,1541,27.1,Clay Loam,Amreli,Kharif,Rice
6.42,0.86,0.7,378,49,245,1270,31.1,Clay Loam,Navsari,Kharif,Rice
7.05,0.64,0.94,317,50,290,1588,27.4,Clay Loam,Mehsana,Kharif,Rice
5.98,0.63,0.99,307,49,191,1388,31.6,Clay Loam,Mehsana,Kharif,Rice
5.56,0.35,0.68,329,38,272,1025,29.4,Clay Loam,Junagadh,Kharif,Rice
7.11,0.9,0.74,256,59,243,1010,33.5,Clay Loam,Bhavnagar,Kharif,Rice
5.58,0.63,0.96,337,52,214,1341,32.3,Clay Loam,Navsari,Kharif,Rice
6.8,0.76,1.1,333,37,203,1635,24.5,Clay Loam,Banaskantha,Kharif,Rice
6.66,0.7,0.65,379,47,243,1732,27.1,Clay Loam,Mehsana,Kharif,Rice
6.78,0.82,0.96,256,54,212,1487,33.2,Clay Loam,Surendranagar,Kharif,Rice
6.47,0.99,0.64,398,52,182,1660,33.7,Clay Loam,Rajkot,Kharif,Rice
5.62,0.8,0.78,263,55,259,1030,27.3,Clay Loam,Vadodara,Kharif,Rice
6.25,0.3,0.95,311,26,182,1016,31.4,Clay Loam,Kutch,Kharif,Rice
6.72,0.47,1.08,397,43,262,1340,29.2,Clay Loam,Vadodara,Kharif,Rice
5.89,0.82,1.06,307,54,196,1187,28.6,Clay Loam,Rajkot,Kharif,Rice
7.07,0.79,1.2,310,52,336,1367,29.1,Clay Loam,Rajkot,Kharif,Rice
6.22,0.37,0.95,372,48,283,1076,27.5,Clay Loam,Banaskantha,Kharif,Rice
5.52,0.23,0.68,393,41,322,1451,32,Clay Loam,Junagadh,Kharif,Rice
7.06,0.42,0.92,372,54,278,1561,32,Clay Loam,Surat,Kharif,Rice
5.82,0.88,1.14,372,30,295,1225,32.9,Clay Loam,Vadodara,Kharif,Rice
6.41,0.87,0.62,382,60,226,1148,26.1,Clay Loam,Ahmedabad,Kharif,Rice
6.34,0.24,1.12,341,53,293,1235,27,Clay Loam,Surendranagar,Kharif,Rice
6.4,0.95,0.65,281,56,221,1202,33,Clay Loam,Surendranagar,Kharif,Rice
5.63,0.38,0.72,297,58,185,1583,29.3,Clay Loam,Banaskantha,Kharif,Rice
6.91,0.3,0.76,364,25,278,1377,25.8,Clay Loam,Banaskantha,Kharif,Rice
6.89,0.28,0.75,293,34,182,1202,31.1,Clay Loam,Surendranagar,Kharif,Rice
5.66,0.28,0.83,329,57,201,1127,28.7,Clay Loam,Vadodara,Kharif,Rice
6.63,0.6,1,253,51,275,1040,24.4,Clay Loam,Bharuch,Kharif,Rice
5.56,0.27,0.78,384,31,295,1646,31.3,Clay Loam,Anand,Kharif,Rice
6.82,0.91,0.68,319,32,250,1019,28.2,Clay Loam,Bhavnagar,Kharif,Rice
6.67,0.7,0.76,288,41,202,1727,26.4,Clay Loam,Surendranagar,Kharif,Rice
5.91,0.66,0.87,277,35,278,1356,24.2,Clay Loam,Bhavnagar,Kharif,Rice
6.99,0.22,1.03,327,48,503,1056,27.3,Alluvial,Bharuch,Annual,Sugarcane
6.64,0.74,0.88,406,53,325,1350,30.7,Alluvial,Amreli,Annual,Sugarcane
6.52,0.72,0.98,389,47,533,1538,32.7,Alluvial,Surat,Annual,Sugarcane
7.26,0.32,0.69,313,50,410,996,26,Alluvial,Gandhinagar,Annual,Sugarcane
7.83,0.77,0.69,382,51,468,1459,33.3,Alluvial,Bhavnagar,Annual,Sugarcane
7.33,0.7,1.06,308,58,395,958,31.1,Alluvial,Bhavnagar,Annual,Sugarcane
7.84,0.69,0.78,313,54,499,1159,28.8,Alluvial,Surat,Annual,Sugarcane
7.62,0.47,0.81,376,78,353,1112,26.2,Alluvial,Banaskantha,Annual,Sugarcane
7.11,0.22,0.74,344,41,381,1058,29,Alluvial,Junagadh,Annual,Sugarcane
7.86,0.23,0.84,403,59,360,1323,30.2,Alluvial,Bhavnagar,Annual,Sugarcane
7.6,0.65,1.06,435,51,380,1481,33,Alluvial,Rajkot,Annual,Sugarcane
7.8,0.26,0.65,403,74,523,1571,29.7,Alluvial,Rajkot,Annual,Sugarcane
6.56,0.4,0.94,363,43,510,1381,29.1,Alluvial,Bhavnagar,Annual,Sugarcane
6.54,0.44,0.96,432,60,490,1366,28.8,Alluvial,Mehsana,Annual,Sugarcane
7.59,0.21,1.04,390,62,435,1217,30.6,Alluvial,Banaskantha,Annual,Sugarcane
7.95,0.64,0.67,441,69,304,1165,33.9,Alluvial,Vadodara,Annual,Sugarcane
7.88,0.65,0.8,425,42,482,1515,32.7,Alluvial,Amreli,Annual,Sugarcane
7.52,0.79,0.8,445,47,374,1600,24.5,Alluvial,Bhavnagar,Annual,Sugarcane
7.44,0.71,0.81,319,79,335,925,27.1,Alluvial,Surendranagar,Annual,Sugarcane
6.64,0.63,1.17,307,52,541,1138,32.8,Alluvial,Junagadh,Annual,Sugarcane
6.9,0.63,0.8,422,75,522,1539,31.7,Alluvial,Navsari,Annual,Sugarcane
7.09,0.21,1.16,305,55,546,1374,33.6,Alluvial,Gandhinagar,Annual,Sugarcane
7.12,0.43,0.95,387,79,449,1450,27.1,Alluvial,Kutch,Annual,Sugarcane
7.46,0.45,0.93,373,68,452,941,29.3,Alluvial,Anand,Annual,Sugarcane
6.52,0.39,0.99,418,53,416,1218,30.7,Alluvial,Bharuch,Annual,Sugarcane
7.43,0.31,1,337,45,300,1497,33.2,Alluvial,Banaskantha,Annual,Sugarcane
6.61,0.74,1.03,438,71,382,1541,31.5,Alluvial,Bhavnagar,Annual,Sugarcane
7.58,0.3,0.68,301,74,367,1164,32.8,Alluvial,Mehsana,Annual,Sugarcane
7.54,0.46,0.82,418,56,550,1571,27.8,Alluvial,Gandhinagar,Annual,Sugarcane
6.74,0.54,1.05,392,57,430,1388,25.3,Alluvial,Anand,Annual,Sugarcane
6.94,0.46,0.74,415,62,491,1317,28.6,Alluvial,Anand,Annual,Sugarcane
7.24,0.62,0.61,432,48,510,1173,27.8,Alluvial,Rajkot,Annual,Sugarcane
7.15,0.58,0.62,437,53,324,965,29.5,Alluvial,Amreli,Annual,Sugarcane
7.21,0.31,1.14,420,61,387,1558,31,Alluvial,Surat,Annual,Sugarcane
6.92,0.3,0.84,413,67,519,1489,30.4,Alluvial,Surendranagar,Annual,Sugarcane
6.64,0.66,1.19,422,43,453,1337,33.4,Alluvial,Ahmedabad,Annual,Sugarcane
6.92,0.49,0.68,445,77,516,1147,27.9,Alluvial,Gandhinagar,Annual,Sugarcane
7.79,0.34,0.79,394,42,528,1047,28.2,Alluvial,Surendranagar,Annual,Sugarcane
7.71,0.52,1.1,356,74,548,1510,27.8,Alluvial,Kutch,Annual,Sugarcane
7.29,0.24,1.17,343,41,405,1216,25.7,Alluvial,Bharuch,Annual,Sugarcane
6.68,0.23,0.67,329,65,408,1450,33.6,Alluvial,Kutch,Annual,Sugarcane
7.73,0.7,0.91,302,55,492,1531,30.7,Alluvial,Amreli,Annual,Sugarcane
6.79,0.54,0.87,342,68,525,1484,24.1,Alluvial,Navsari,Annual,Sugarcane
7.52,0.49,1.17,302,58,503,1087,30.1,Alluvial,Surendranagar,Annual,Sugarcane
6.57,0.22,0.75,366,78,363,1197,25.8,Alluvial,Junagadh,Annual,Sugarcane
6.98,0.43,1.04,331,80,482,1026,24.6,Alluvial,Surat,Annual,Sugarcane
6.6,0.68,0.74,439,40,428,1563,33.3,Alluvial,Banaskantha,Annual,Sugarcane
6.79,0.37,0.67,349,64,518,1211,24.5,Alluvial,Amreli,Annual,Sugarcane
6.59,0.29,0.89,322,42,312,1559,25.6,Alluvial,Bhavnagar,Annual,Sugarcane
6.85,0.71,0.65,332,65,426,1233,30.4,Alluvial,Ahmedabad,Annual,Sugarcane
6.71,0.52,0.86,368,72,393,1305,25.2,Alluvial,Mehsana,Annual,Sugarcane
7.16,0.38,0.96,420,65,526,944,28.4,Alluvial,Vadodara,Annual,Sugarcane
7.67,0.36,0.62,325,47,421,1580,26,Alluvial,Rajkot,Annual,Sugarcane
6.92,0.72,0.65,331,76,502,1423,26,Alluvial,Surendranagar,Annual,Sugarcane
7.81,0.77,0.7,358,47,383,1117,24.4,Alluvial,Junagadh,Annual,Sugarcane
7.3,0.58,0.72,340,55,490,1576,25.1,Alluvial,Junagadh,Annual,Sugarcane
6.62,0.74,0.88,358,62,374,1189,32.3,Alluvial,Vadodara,Annual,Sugarcane
7.96,0.57,1.19,371,41,330,1222,25,Alluvial,Navsari,Annual,Sugarcane
7.54,0.42,0.69,341,62,520,968,27.6,Alluvial,Junagadh,Annual,Sugarcane
7.34,0.41,0.73,330,58,461,1555,27.5,Alluvial,Navsari,Annual,Sugarcane
7.97,0.52,1.14,424,66,416,1172,28.3,Alluvial,Gandhinagar,Annual,Sugarcane
7.86,0.56,0.63,333,63,483,973,26.9,Alluvial,Bhavnagar,Annual,Sugarcane
7.72,0.22,0.65,372,74,431,1063,26.6,Alluvial,Rajkot,Annual,Sugarcane
7.61,0.5,0.62,438,73,360,1326,25.2,Alluvial,Ahmedabad,Annual,Sugarcane
7.82,0.34,0.83,383,80,367,1535,31.8,Alluvial,Surendranagar,Annual,Sugarcane
6.53,0.54,0.77,325,59,498,1448,24.8,Alluvial,Navsari,Annual,Sugarcane
7,0.58,0.65,401,51,395,967,24.3,Alluvial,Amreli,Annual,Sugarcane
6.72,0.8,0.79,377,58,300,1068,25.6,Alluvial,Kutch,Annual,Sugarcane
6.59,0.51,0.67,449,48,476,1017,27.6,Alluvial,Junagadh,Annual,Sugarcane
6.52,0.75,1.04,410,62,494,1333,31.1,Alluvial,Navsari,Annual,Sugarcane
7.73,0.64,0.72,370,70,431,1514,33.4,Alluvial,Amreli,Annual,Sugarcane
7.98,0.49,0.86,401,69,346,1388,24.7,Alluvial,Kutch,Annual,Sugarcane
7.14,0.51,0.9,350,68,405,1459,25.9,Alluvial,Bharuch,Annual,Sugarcane
6.61,0.52,0.79,403,49,346,944,28.7,Alluvial,Banaskantha,Annual,Sugarcane
6.81,0.76,0.88,366,60,375,1050,31.4,Alluvial,Amreli,Annual,Sugarcane
6.83,0.45,1.14,428,68,438,1182,28,Alluvial,Bhavnagar,Annual,Sugarcane
7.39,0.35,0.62,340,49,377,999,24.3,Alluvial,Amreli,Annual,Sugarcane
6.63,0.34,0.86,309,43,386,1363,29.1,Alluvial,Bhavnagar,Annual,Sugarcane
7.7,0.74,0.93,395,42,339,1351,27,Alluvial,Banaskantha,Annual,Sugarcane
7.95,0.38,0.92,339,43,379,1402,31.5,Alluvial,Bhavnagar,Annual,Sugarcane
7.45,0.68,0.94,442,75,491,1467,25.8,Alluvial,Ahmedabad,Annual,Sugarcane
7.11,0.66,0.96,372,65,517,1411,29.4,Alluvial,Ahmedabad,Annual,Sugarcane
7.26,0.32,1.12,371,46,508,1354,32.9,Alluvial,Anand,Annual,Sugarcane
6.99,0.33,0.72,364,63,428,1491,33.7,Alluvial,Surat,Annual,Sugarcane
6.83,0.48,0.64,394,68,338,1442,25.1,Alluvial,Ahmedabad,Annual,Sugarcane
6.89,0.51,0.78,435,68,396,1095,32.7,Alluvial,Bharuch,Annual,Sugarcane
7.93,0.71,1.1,425,59,504,1529,26.4,Alluvial,Gandhinagar,Annual,Sugarcane
7.95,0.46,0.64,300,47,340,1130,26.9,Alluvial,Navsari,Annual,Sugarcane
6.78,0.74,0.97,388,79,338,1313,31.1,Alluvial,Ahmedabad,Annual,Sugarcane
7.39,0.45,0.75,449,71,488,1013,26,Alluvial,Rajkot,Annual,Sugarcane
7.13,0.26,0.8,441,45,537,1341,28.1,Alluvial,Mehsana,Annual,Sugarcane
6.94,0.74,0.9,318,43,498,1428,27.7,Alluvial,Anand,Annual,Sugarcane
6.89,0.73,1.02,418,57,348,1199,29.4,Alluvial,Banaskantha,Annual,Sugarcane
6.6,0.32,1.19,363,56,514,966,32.6,Alluvial,Amreli,Annual,Sugarcane
7.77,0.62,0.71,399,71,515,1493,30.1,Alluvial,Kutch,Annual,Sugarcane
7.82,0.7,0.85,429,76,538,1453,26.4,Alluvial,Rajkot,Annual,Sugarcane
7.16,0.36,0.61,378,52,350,1487,25.3,Alluvial,Mehsana,Annual,Sugarcane
7.11,0.29,0.99,438,73,508,1389,24.1,Alluvial,Rajkot,Annual,Sugarcane
7.57,0.22,0.65,399,55,506,1339,24.3,Alluvial,Vadodara,Annual,Sugarcane
6.76,0.38,1,350,75,350,1268,33.2,Alluvial,Surat,Annual,Sugarcane
7.25,0.25,0.82,435,67,343,1586,27.4,Alluvial,Bharuch,Annual,Sugarcane
6.68,0.75,0.74,324,62,382,1384,32.1,Alluvial,Amreli,Annual,Sugarcane
7.68,0.56,0.63,420,43,495,1363,25,Alluvial,Bhavnagar,Annual,Sugarcane
7.45,0.76,1.06,345,53,354,1381,24.4,Alluvial,Banaskantha,Annual,Sugarcane
7.05,0.62,0.92,424,46,518,1596,24.1,Alluvial,Banaskantha,Annual,Sugarcane
7,0.57,0.95,383,76,420,959,31.1,Alluvial,Gandhinagar,Annual,Sugarcane
6.74,0.59,1.19,369,40,432,1042,32.1,Alluvial,Kutch,Annual,Sugarcane
7.4,0.37,0.85,399,58,535,1019,29.8,Alluvial,Surendranagar,Annual,Sugarcane
6.83,0.66,0.87,385,61,341,964,27.6,Alluvial,Bharuch,Annual,Sugarcane
7.48,0.3,1.19,328,52,399,1526,30.4,Alluvial,Rajkot,Annual,Sugarcane
7.36,0.69,0.76,381,44,354,1178,33.8,Alluvial,Junagadh,Annual,Sugarcane
7.15,0.33,1.06,438,72,530,1104,33.8,Alluvial,Banaskantha,Annual,Sugarcane
7.53,0.6,1.06,365,56,477,1284,24.7,Alluvial,Kutch,Annual,Sugarcane
7.07,0.5,0.63,417,71,310,1063,27.2,Alluvial,Anand,Annual,Sugarcane
7.02,0.52,0.94,408,46,543,1428,26.8,Alluvial,Ahmedabad,Annual,Sugarcane
6.62,0.72,0.86,301,61,307,1546,26,Alluvial,Junagadh,Annual,Sugarcane
7.69,0.57,0.83,329,50,348,942,32.4,Alluvial,Ahmedabad,Annual,Sugarcane
7.04,0.27,1.08,435,80,312,1551,28.6,Alluvial,Amreli,Annual,Sugarcane
6.64,0.25,1.11,420,67,370,1054,27.4,Alluvial,Navsari,Annual,Sugarcane
6.72,0.47,0.75,305,56,500,1013,26.2,Alluvial,Amreli,Annual,Sugarcane
6.7,0.37,0.66,373,65,486,1526,32.8,Alluvial,Gandhinagar,Annual,Sugarcane
6.64,0.7,0.61,384,67,449,1324,28.1,Alluvial,Navsari,Annual,Sugarcane
7.1,0.3,0.92,331,59,529,996,33.5,Alluvial,Banaskantha,Annual,Sugarcane
7.61,0.48,1.2,397,63,413,1003,32.2,Alluvial,Mehsana,Annual,Sugarcane
7.83,0.6,0.63,352,52,461,1257,30.4,Alluvial,Gandhinagar,Annual,Sugarcane
7.26,0.44,1.01,347,52,499,1259,30.2,Alluvial,Bhavnagar,Annual,Sugarcane
7.04,0.47,0.88,424,44,546,1210,25.3,Alluvial,Surat,Annual,Sugarcane
6.57,0.24,0.88,332,66,453,1595,27.9,Alluvial,Navsari,Annual,Sugarcane
6.95,0.75,0.72,321,41,380,983,25.9,Alluvial,Junagadh,Annual,Sugarcane
6.65,0.4,0.81,328,64,520,1141,27.1,Alluvial,Vadodara,Annual,Sugarcane
7,0.28,1.06,342,51,505,1488,31.9,Alluvial,Navsari,Annual,Sugarcane
6.75,0.56,0.67,385,44,517,1338,24.2,Alluvial,Junagadh,Annual,Sugarcane
7.18,0.36,1.03,301,69,540,1081,26.2,Alluvial,Surendranagar,Annual,Sugarcane
6.94,0.53,0.8,428,48,445,1152,31.4,Alluvial,Bhavnagar,Annual,Sugarcane
6.72,0.59,0.9,320,40,363,1024,33.3,Alluvial,Rajkot,Annual,Sugarcane
7.88,0.43,0.73,308,54,452,979,27.2,Alluvial,Banaskantha,Annual,Sugarcane
7.11,0.23,0.74,437,58,373,1259,28.9,Alluvial,Anand,Annual,Sugarcane
7.76,0.39,0.92,362,62,319,1342,28.6,Alluvial,Junagadh,Annual,Sugarcane
6.93,0.74,1.15,321,64,540,1284,26.8,Alluvial,Surat,Annual,Sugarcane
7.52,0.64,0.68,375,78,346,1153,33.6,Alluvial,Anand,Annual,Sugarcane
7.9,0.42,1.05,302,40,377,1318,26.1,Alluvial,Rajkot,Annual,Sugarcane
7.53,0.4,0.99,426,72,461,1492,28,Alluvial,Anand,Annual,Sugarcane
6.58,0.47,0.66,305,57,499,978,28.2,Alluvial,Ahmedabad,Annual,Sugarcane
7.41,0.74,0.7,381,60,348,1524,29.1,Alluvial,Kutch,Annual,Sugarcane
7.7,0.2,0.62,420,64,354,1003,25.6,Alluvial,Amreli,Annual,Sugarcane
7.07,0.7,0.81,416,55,414,1225,33.7,Alluvial,Mehsana,Annual,Sugarcane
7.54,0.45,1.14,334,62,321,1090,24.6,Alluvial,Amreli,Annual,Sugarcane
6.94,0.39,1.01,408,50,474,1191,32.8,Alluvial,Gandhinagar,Annual,Sugarcane
7.64,0.56,0.96,332,75,331,1486,24.2,Alluvial,Ahmedabad,Annual,Sugarcane
7.12,0.23,1.15,429,70,448,923,25.5,Alluvial,Navsari,Annual,Sugarcane
7.36,0.73,0.66,418,70,391,1296,33.2,Alluvial,Bhavnagar,Annual,Sugarcane
7.98,0.28,0.65,340,74,356,1590,25.9,Alluvial,Rajkot,Annual,Sugarcane
8,0.3,0.75,441,62,334,949,32.6,Alluvial,Rajkot,Annual,Sugarcane
7.39,0.57,1.08,305,71,496,1226,29.5,Alluvial,Mehsana,Annual,Sugarcane
7.05,0.61,0.89,360,63,511,1472,29.2,Alluvial,Bhavnagar,Annual,Sugarcane
6.92,0.38,0.66,422,48,451,1557,32.9,Alluvial,Surat,Annual,Sugarcane
7.59,0.73,0.76,385,54,390,1373,25.8,Alluvial,Gandhinagar,Annual,Sugarcane
7.7,0.75,0.72,413,63,505,1418,32.7,Alluvial,Vadodara,Annual,Sugarcane
6.98,0.3,0.99,365,46,507,1495,31.9,Alluvial,Vadodara,Annual,Sugarcane
7.9,0.45,1.19,328,44,467,909,33.7,Alluvial,Amreli,Annual,Sugarcane
7.87,0.24,1.04,373,64,462,1223,30,Alluvial,Surendranagar,Annual,Sugarcane
6.71,0.24,1.03,318,57,460,1141,32.2,Alluvial,Bharuch,Annual,Sugarcane
6.53,0.55,0.66,346,63,398,1507,30.5,Alluvial,Anand,Annual,Sugarcane
6.97,0.46,1.01,426,66,329,1306,28.9,Alluvial,Bhavnagar,Annual,Sugarcane
6.9,0.75,0.66,417,72,321,1266,31.3,Alluvial,Ahmedabad,Annual,Sugarcane
6.59,0.44,0.75,308,42,357,1463,30.1,Alluvial,Gandhinagar,Annual,Sugarcane
7.44,0.7,0.76,414,79,527,1272,30.9,Alluvial,Surendranagar,Annual,Sugarcane
7.96,0.38,0.9,419,74,521,991,30.6,Alluvial,Bharuch,Annual,Sugarcane
7.6,0.59,0.69,363,40,537,1253,25.7,Alluvial,Banaskantha,Annual,Sugarcane
7.66,0.42,0.93,339,48,302,1377,30.4,Alluvial,Bharuch,Annual,Sugarcane
7.18,0.37,0.91,332,44,473,1037,27.7,Alluvial,Anand,Annual,Sugarcane
6.73,0.72,0.94,326,69,379,1577,29.5,Alluvial,Mehsana,Annual,Sugarcane
7.85,0.51,1.12,438,80,311,1304,28.6,Alluvial,Bharuch,Annual,Sugarcane
7.75,0.65,0.67,407,66,436,1213,31.2,Alluvial,Surat,Annual,Sugarcane
7.34,0.25,0.7,348,61,403,1119,32.5,Alluvial,Vadodara,Annual,Sugarcane
7.5,0.42,1.09,307,65,505,1114,29.1,Alluvial,Bhavnagar,Annual,Sugarcane
7.1,0.24,0.74,446,45,329,1484,29.2,Alluvial,Surat,Annual,Sugarcane
7.93,0.31,1.04,433,49,357,1345,31.5,Alluvial,Rajkot,Annual,Sugarcane
6.72,0.5,1,449,73,362,1044,24.1,Alluvial,Surendranagar,Annual,Sugarcane
7.95,0.51,1.2,352,59,378,1398,26.9,Alluvial,Mehsana,Annual,Sugarcane
7.41,0.45,0.74,343,76,500,1047,27.9,Alluvial,Rajkot,Annual,Sugarcane
7.56,0.7,1.05,429,75,326,1217,31.8,Alluvial,Navsari,Annual,Sugarcane
6.76,0.69,0.76,342,49,537,1120,29.3,Alluvial,Ahmedabad,Annual,Sugarcane
7.81,0.24,0.6,406,76,305,1158,33.5,Alluvial,Ahmedabad,Annual,Sugarcane
6.58,0.22,0.88,384,45,502,1317,29,Alluvial,Bharuch,Annual,Sugarcane
7.18,0.35,1.2,364,66,521,1470,32.8,Alluvial,Gandhinagar,Annual,Sugarcane
7.67,0.23,0.79,362,51,307,925,26.2,Alluvial,Surendranagar,Annual,Sugarcane
7.83,0.29,0.64,325,57,425,1505,31.8,Alluvial,Vadodara,Annual,Sugarcane
7.26,0.58,1.06,444,48,473,932,33.8,Alluvial,Amreli,Annual,Sugarcane
7.62,0.48,0.86,377,56,339,1038,26.4,Alluvial,Vadodara,Annual,Sugarcane
7.74,0.58,0.7,446,44,532,1294,24.4,Alluvial,Surendranagar,Annual,Sugarcane
6.82,0.23,0.61,387,65,359,1589,24.6,Alluvial,Mehsana,Annual,Sugarcane
7.65,0.74,1.06,308,77,449,1037,32.7,Alluvial,Rajkot,Annual,Sugarcane
6.5,0.67,0.95,411,69,437,1473,24.5,Alluvial,Surendranagar,Annual,Sugarcane
6.97,0.31,0.65,413,68,353,1170,25.6,Alluvial,Bharuch,Annual,Sugarcane
6.57,0.49,1.06,363,49,446,1266,24.9,Alluvial,Bhavnagar,Annual,Sugarcane
7.21,0.45,1.16,417,62,446,1276,29,Alluvial,Navsari,Annual,Sugarcane
7.29,0.34,0.7,393,80,408,1095,25.4,Alluvial,Gandhinagar,Annual,Sugarcane
6.87,0.57,0.71,403,67,338,1297,30.3,Alluvial,Gandhinagar,Annual,Sugarcane
7.83,0.43,0.71,329,43,463,1333,29,Alluvial,Bhavnagar,Annual,Sugarcane
6.97,0.35,0.77,371,57,469,1258,30.6,Alluvial,Gandhinagar,Annual,Sugarcane
7.73,0.46,0.78,400,75,358,1009,29.6,Alluvial,Rajkot,Annual,Sugarcane
6.71,0.68,0.84,395,67,389,1134,27,Alluvial,Navsari,Annual,Sugarcane
7.79,0.55,1.07,302,47,498,1133,32.9,Alluvial,Junagadh,Annual,Sugarcane
7.25,0.55,0.98,309,42,414,982,26.9,Alluvial,Navsari,Annual,Sugarcane
7.66,0.6,1.15,325,69,523,1376,24.2,Alluvial,Vadodara,Annual,Sugarcane
7.3,0.45,0.97,345,56,461,1158,32.6,Alluvial,Amreli,Annual,Sugarcane
7.1,0.55,1.06,352,40,369,1439,33.3,Alluvial,Surendranagar,Annual,Sugarcane
7.95,0.32,0.88,439,58,528,1389,26.8,Alluvial,Navsari,Annual,Sugarcane
7.35,0.76,0.93,365,68,370,1375,26.7,Alluvial,Ahmedabad,Annual,Sugarcane
7.55,0.27,1.18,345,79,312,1438,29.8,Alluvial,Rajkot,Annual,Sugarcane
7.76,0.71,0.89,431,54,378,1072,27,Alluvial,Junagadh,Annual,Sugarcane
7.68,0.42,0.92,437,51,520,1421,32.4,Alluvial,Amreli,Annual,Sugarcane
6.89,0.21,0.84,388,65,469,1317,28.9,Alluvial,Mehsana,Annual,Sugarcane
7.92,0.61,0.94,438,40,318,1594,31.3,Alluvial,Ahmedabad,Annual,Sugarcane
6.52,0.27,1.04,354,56,546,1210,24.6,Alluvial,Amreli,Annual,Sugarcane
7.94,0.24,0.82,307,48,314,1514,24.3,Alluvial,Navsari,Annual,Sugarcane
6.77,0.34,0.61,315,46,367,1013,25.3,Alluvial,Mehsana,Annual,Sugarcane
6.54,0.77,1.11,341,72,325,935,30.1,Alluvial,Surendranagar,Annual,Sugarcane
6.77,0.35,1.08,422,53,312,1346,26.4,Alluvial,Surat,Annual,Sugarcane
7.14,0.29,0.95,348,77,375,1454,25.2,Alluvial,Amreli,Annual,Sugarcane
7.99,0.49,0.85,301,69,333,944,30.5,Alluvial,Vadodara,Annual,Sugarcane
7.3,0.34,1.11,381,58,503,988,29.7,Alluvial,Ahmedabad,Annual,Sugarcane
7.88,0.65,0.93,321,52,521,936,25,Alluvial,Anand,Annual,Sugarcane
7.29,0.23,0.92,407,74,453,1583,29.6,Alluvial,Ahmedabad,Annual,Sugarcane
6.81,0.77,0.62,355,66,500,992,28.3,Alluvial,Surat,Annual,Sugarcane
8,0.55,0.86,400,49,446,1112,29.7,Alluvial,Navsari,Annual,Sugarcane
7.81,0.58,0.92,332,42,430,1236,33.7,Alluvial,Vadodara,Annual,Sugarcane
6.94,0.71,1.1,375,69,452,1514,32.7,Alluvial,Amreli,Annual,Sugarcane
7.2,0.63,1.02,345,69,506,1068,26.5,Alluvial,Vadodara,Annual,Sugarcane
7.07,0.67,1.14,386,67,421,1149,27.1,Alluvial,Navsari,Annual,Sugarcane
6.73,0.43,0.9,434,68,326,974,30.6,Alluvial,Gandhinagar,Annual,Sugarcane
7.16,0.21,1.17,428,63,440,1068,26.7,Alluvial,Junagadh,Annual,Sugarcane
6.97,0.61,1.12,320,73,400,1097,29,Alluvial,Navsari,Annual,Sugarcane
6.8,0.72,1.16,422,63,328,905,28.8,Alluvial,Amreli,Annual,Sugarcane
7.09,0.3,0.83,443,59,339,926,29.9,Alluvial,Amreli,Annual,Sugarcane
7.7,0.59,0.74,314,61,421,1584,30.1,Alluvial,Gandhinagar,Annual,Sugarcane
6.57,0.34,0.98,383,52,367,1121,31.8,Alluvial,Amreli,Annual,Sugarcane
7.61,0.36,1.15,356,79,370,1184,27.7,Alluvial,Anand,Annual,Sugarcane
7.34,0.43,0.67,429,66,421,1498,28,Alluvial,Gandhinagar,Annual,Sugarcane
6.69,0.54,1.11,372,78,441,1289,24,Alluvial,Gandhinagar,Annual,Sugarcane
7.03,0.65,1.03,393,67,338,1066,31.4,Alluvial,Rajkot,Annual,Sugarcane
6.94,0.5,0.99,330,74,438,923,27.1,Alluvial,Mehsana,Annual,Sugarcane
6.8,0.52,1.2,370,65,340,999,30.6,Alluvial,Surendranagar,Annual,Sugarcane
7.85,0.49,0.81,394,73,322,1555,25,Alluvial,Surat,Annual,Sugarcane
7.14,0.56,1.12,417,65,404,1557,29.7,Alluvial,Kutch,Annual,Sugarcane
7.15,0.27,0.88,351,49,489,1550,28.7,Alluvial,Vadodara,Annual,Sugarcane
7.31,0.63,0.94,321,74,536,1579,32.2,Alluvial,Surat,Annual,Sugarcane
6.73,0.39,0.76,372,66,528,918,28.3,Alluvial,Gandhinagar,Annual,Sugarcane
7.67,0.36,1.14,306,54,479,1383,29.7,Alluvial,Mehsana,Annual,Sugarcane
7.41,0.38,0.97,309,69,306,1216,31.7,Alluvial,Mehsana,Annual,Sugarcane
7.69,0.31,0.74,372,77,543,1387,31.8,Alluvial,Banaskantha,Annual,Sugarcane
7.56,0.69,0.82,428,59,444,1329,31.6,Alluvial,Bharuch,Annual,Sugarcane
7.46,0.62,1.11,383,61,469,1520,32.5,Alluvial,Rajkot,Annual,Sugarcane
7.55,0.44,0.99,333,74,420,1458,31,Alluvial,Surendranagar,Annual,Sugarcane
6.61,0.28,0.98,438,54,466,1490,25,Alluvial,Junagadh,Annual,Sugarcane
7.26,0.76,0.69,351,49,358,1590,27.3,Alluvial,Bhavnagar,Annual,Sugarcane
7.12,0.43,1.13,326,43,419,1192,27.8,Alluvial,Surat,Annual,Sugarcane
7.42,0.57,0.68,409,47,503,968,33.9,Alluvial,Bharuch,Annual,Sugarcane
7.49,0.53,0.79,437,51,458,1221,28.6,Alluvial,Gandhinagar,Annual,Sugarcane
7,0.2,0.66,319,40,345,1282,27.4,Alluvial,Mehsana,Annual,Sugarcane
6.95,0.8,0.7,374,57,550,1492,28.7,Alluvial,Gandhinagar,Annual,Sugarcane
7.73,0.59,0.82,410,68,509,1589,31.1,Alluvial,Bharuch,Annual,Sugarcane
6.59,0.25,0.99,319,70,310,1445,32.1,Alluvial,Anand,Annual,Sugarcane
7.96,0.46,0.96,388,65,424,1273,29.6,Alluvial,Surendranagar,Annual,Sugarcane
7.32,0.61,1.15,351,52,453,1247,32.9,Alluvial,Gandhinagar,Annual,Sugarcane
7.52,0.38,1.12,321,44,529,1472,31.7,Alluvial,Navsari,Annual,Sugarcane
6.67,0.76,0.68,369,67,375,910,27.8,Alluvial,Banaskantha,Annual,Sugarcane
7.29,0.7,0.98,313,56,537,965,30.1,Alluvial,Vadodara,Annual,Sugarcane
6.64,0.54,0.68,371,45,348,1302,31.1,Alluvial,Gandhinagar,Annual,Sugarcane
6.71,0.46,0.99,422,70,518,1086,32.7,Alluvial,Surendranagar,Annual,Sugarcane
7.57,0.54,0.75,332,58,533,1453,26.2,Alluvial,Bharuch,Annual,Sugarcane
6.67,0.77,1.03,331,68,356,1138,30.5,Alluvial,Bhavnagar,Annual,Sugarcane
6.64,0.27,1.17,361,72,419,1463,26.4,Alluvial,Ahmedabad,Annual,Sugarcane
7.27,0.63,0.85,354,68,419,1145,24.6,Alluvial,Bhavnagar,Annual,Sugarcane
6.79,0.8,0.67,444,48,432,1331,24.1,Alluvial,Gandhinagar,Annual,Sugarcane
7.2,0.79,1.15,424,62,346,1436,30.3,Alluvial,Bharuch,Annual,Sugarcane
6.52,0.41,0.97,419,59,514,1507,33.2,Alluvial,Vadodara,Annual,Sugarcane
7.26,0.54,0.98,315,80,418,1509,33.2,Alluvial,Bharuch,Annual,Sugarcane
7.44,0.65,0.93,365,62,346,1166,32.4,Alluvial,Ahmedabad,Annual,Sugarcane
7.2,0.49,1.12,323,40,435,1085,31.9,Alluvial,Surendranagar,Annual,Sugarcane
7.95,0.33,1.01,304,51,306,1444,30.2,Alluvial,Gandhinagar,Annual,Sugarcane
7.69,0.69,0.66,327,66,312,1504,25.2,Alluvial,Ahmedabad,Annual,Sugarcane
7.34,0.46,1.08,361,77,487,1591,27.2,Alluvial,Anand,Annual,Sugarcane
7.82,0.3,0.89,440,67,511,1252,29.1,Alluvial,Rajkot,Annual,Sugarcane
7.59,0.63,1.2,405,70,410,1499,27.6,Alluvial,Banaskantha,Annual,Sugarcane
6.95,0.79,1.18,444,79,407,1202,30.4,Alluvial,Bharuch,Annual,Sugarcane
7.42,0.58,0.79,426,71,549,1426,24.8,Alluvial,Ahmedabad,Annual,Sugarcane
7.06,0.76,0.97,353,69,391,946,28.6,Alluvial,Gandhinagar,Annual,Sugarcane
7.56,0.3,0.67,427,61,453,1497,25.3,Alluvial,Bhavnagar,Annual,Sugarcane
6.52,0.45,1.14,436,72,410,1122,29.8,Alluvial,Amreli,Annual,Sugarcane
7.75,0.52,1,306,79,547,1382,31.4,Alluvial,Bharuch,Annual,Sugarcane
7.1,0.52,1.05,316,58,418,1514,32.6,Alluvial,Bharuch,Annual,Sugarcane
6.78,0.69,0.99,401,58,423,1153,29.6,Alluvial,Surendranagar,Annual,Sugarcane
7.82,0.51,0.6,326,48,404,1591,24.9,Alluvial,Gandhinagar,Annual,Sugarcane
7.35,0.72,0.86,376,73,389,1008,32.1,Alluvial,Rajkot,Annual,Sugarcane
7.18,0.74,0.66,411,69,398,1573,29.5,Alluvial,Bharuch,Annual,Sugarcane
6.69,0.76,1.16,300,55,393,1486,24.8,Alluvial,Rajkot,Annual,Sugarcane
7.92,0.77,0.65,343,40,520,1131,29.1,Alluvial,Banaskantha,Annual,Sugarcane
7.9,0.45,0.87,330,65,529,1048,24.8,Alluvial,Navsari,Annual,Sugarcane
7.64,0.37,0.63,431,75,544,1555,28.4,Alluvial,Ahmedabad,Annual,Sugarcane
7.39,0.26,0.6,382,77,458,967,25.7,Alluvial,Ahmedabad,Annual,Sugarcane
7.2,0.28,1.03,383,69,501,1431,31.3,Alluvial,Vadodara,Annual,Sugarcane
7.74,0.68,0.6,368,75,355,1370,32.1,Alluvial,Ahmedabad,Annual,Sugarcane
7.87,0.63,0.63,377,71,498,1323,26.5,Alluvial,Banaskantha,Annual,Sugarcane
6.5,0.58,0.77,303,75,507,1155,25.9,Alluvial,Banaskantha,Annual,Sugarcane
7.91,0.24,1.1,335,66,310,1566,28,Alluvial,Navsari,Annual,Sugarcane
7.51,0.45,0.71,349,56,396,1451,30.4,Alluvial,Anand,Annual,Sugarcane
7.78,0.75,1,386,56,427,1357,31.2,Alluvial,Bharuch,Annual,Sugarcane
6.55,0.52,0.82,360,60,439,1412,26.6,Alluvial,Navsari,Annual,Sugarcane
7.33,0.28,0.84,383,69,311,1499,29.3,Alluvial,Amreli,Annual,Sugarcane
7.35,0.52,0.7,307,53,330,1462,29.4,Alluvial,Vadodara,Annual,Sugarcane
7.05,0.66,0.93,324,41,475,1592,32.1,Alluvial,Anand,Annual,Sugarcane
7.75,0.54,0.92,359,50,501,1555,27.6,Alluvial,Amreli,Annual,Sugarcane
7.26,0.66,0.78,367,56,520,1524,32,Alluvial,Surendranagar,Annual,Sugarcane
7.22,0.44,1.14,410,45,528,1203,25.8,Alluvial,Gandhinagar,Annual,Sugarcane
7.42,0.8,0.78,313,76,413,1257,24.9,Alluvial,Navsari,Annual,Sugarcane
6.61,0.7,1.08,379,51,510,1194,27.3,Alluvial,Junagadh,Annual,Sugarcane
6.86,0.77,1.11,389,50,502,1041,29.4,Alluvial,Junagadh,Annual,Sugarcane
7.6,0.29,0.78,325,63,342,1406,33.2,Alluvial,Surat,Annual,Sugarcane
7.56,0.43,1.12,423,41,449,1465,29.8,Alluvial,Vadodara,Annual,Sugarcane
6.56,0.32,1.19,364,70,346,955,28.6,Alluvial,Surendranagar,Annual,Sugarcane
7.77,0.32,1.12,438,79,338,1090,25.7,Alluvial,Mehsana,Annual,Sugarcane
6.79,0.31,0.83,448,70,311,1126,31.9,Alluvial,Vadodara,Annual,Sugarcane
7.47,0.51,0.73,393,51,509,1462,30.8,Alluvial,Banaskantha,Annual,Sugarcane
6.54,0.49,0.81,391,60,444,958,24.6,Alluvial,Surat,Annual,Sugarcane
7.37,0.51,0.99,422,40,375,1384,33.2,Alluvial,Bhavnagar,Annual,Sugarcane
6.92,0.4,1.01,448,57,317,1495,25.1,Alluvial,Surendranagar,Annual,Sugarcane
7,0.52,0.97,415,41,464,1451,32.5,Alluvial,Kutch,Annual,Sugarcane
7.89,0.22,0.84,443,42,432,1315,31.7,Alluvial,Ahmedabad,Annual,Sugarcane
7.9,0.29,0.99,359,46,358,941,28.6,Alluvial,Banaskantha,Annual,Sugarcane
7.03,0.24,0.84,306,62,397,1492,29.3,Alluvial,Vadodara,Annual,Sugarcane
7.5,0.45,1.19,444,42,317,1210,29,Alluvial,Anand,Annual,Sugarcane
7.04,0.5,0.65,450,76,373,1401,27.3,Alluvial,Surendranagar,Annual,Sugarcane
6.84,0.72,0.91,413,77,358,1121,25.8,Alluvial,Ahmedabad,Annual,Sugarcane
7.42,0.72,1.04,313,69,326,937,29,Alluvial,Navsari,Annual,Sugarcane
7.06,0.77,0.96,324,48,335,983,24.6,Alluvial,Surat,Annual,Sugarcane
7.19,0.75,1.18,397,48,412,953,26.5,Alluvial,Surendranagar,Annual,Sugarcane
7.28,0.51,0.68,431,68,359,1230,32.3,Alluvial,Vadodara,Annual,Sugarcane
7.55,0.76,0.71,396,52,509,934,33.2,Alluvial,Amreli,Annual,Sugarcane
7.18,0.47,0.98,430,78,346,1461,26,Alluvial,Amreli,Annual,Sugarcane
7.39,0.72,0.83,361,46,487,983,27.8,Alluvial,Anand,Annual,Sugarcane
7.4,0.23,0.68,404,71,444,1312,31.9,Alluvial,Gandhinagar,Annual,Sugarcane
7.35,0.67,1.04,367,65,454,1198,29.4,Alluvial,Rajkot,Annual,Sugarcane
6.77,0.44,0.87,439,64,333,1369,28.8,Alluvial,Vadodara,Annual,Sugarcane
7.77,0.46,0.97,445,80,405,1055,24.8,Alluvial,Vadodara,Annual,Sugarcane
7.4,0.76,1.11,367,77,319,1288,30.9,Alluvial,Rajkot,Annual,Sugarcane
7.55,0.69,0.84,433,45,432,1032,26.2,Alluvial,Surendranagar,Annual,Sugarcane
6.89,0.48,0.78,449,50,464,1564,30.3,Alluvial,Banaskantha,Annual,Sugarcane
6.76,0.72,0.83,363,74,394,1410,26,Alluvial,Junagadh,Annual,Sugarcane
6.98,0.54,0.93,409,61,391,1245,25.2,Alluvial,Ahmedabad,Annual,Sugarcane
6.64,0.46,0.94,373,57,448,1215,25.2,Alluvial,Anand,Annual,Sugarcane
6.77,0.71,1.15,418,48,527,1334,25,Alluvial,Amreli,Annual,Sugarcane
7.23,0.39,0.7,405,50,400,965,33,Alluvial,Junagadh,Annual,Sugarcane
7.68,0.46,0.63,413,65,376,1374,27.9,Alluvial,Amreli,Annual,Sugarcane
7.81,0.76,0.78,376,73,379,1306,28.3,Alluvial,Mehsana,Annual,Sugarcane
6.96,0.33,1,323,52,337,980,26.7,Alluvial,Surat,Annual,Sugarcane
6.9,0.4,1.07,424,63,303,1053,31.2,Alluvial,Anand,Annual,Sugarcane
7.43,0.34,0.76,364,46,535,1142,26.3,Alluvial,Navsari,Annual,Sugarcane
7.63,0.68,0.8,423,75,354,1116,33.2,Alluvial,Gandhinagar,Annual,Sugarcane
6.51,0.44,0.91,336,77,513,1455,29.5,Alluvial,Amreli,Annual,Sugarcane
7.85,0.37,0.94,401,69,536,1081,24.9,Alluvial,Surat,Annual,Sugarcane
7.92,0.2,0.66,382,56,339,1310,29.8,Alluvial,Junagadh,Annual,Sugarcane
6.52,0.24,0.97,410,72,377,1337,29.4,Alluvial,Surat,Annual,Sugarcane
7.16,0.4,1.1,407,75,492,1024,27.1,Alluvial,Bhavnagar,Annual,Sugarcane
7.45,0.59,0.75,418,57,301,1026,31.1,Alluvial,Vadodara,Annual,Sugarcane
7.47,0.28,0.8,356,49,400,1138,27.7,Alluvial,Surendranagar,Annual,Sugarcane
7.63,0.3,0.72,315,55,539,1289,29.5,Alluvial,Bharuch,Annual,Sugarcane
7.18,0.7,1.05,360,41,495,1131,25.8,Alluvial,Mehsana,Annual,Sugarcane
7.56,0.33,1.03,338,69,388,908,30.8,Alluvial,Mehsana,Annual,Sugarcane
7.71,0.21,0.77,342,79,418,1312,24.1,Alluvial,Navsari,Annual,Sugarcane
7.13,0.6,0.9,362,74,402,1109,31.2,Alluvial,Surendranagar,Annual,Sugarcane
7,0.45,1.18,324,62,381,1547,30.1,Alluvial,Junagadh,Annual,Sugarcane
6.95,0.67,0.83,307,70,533,1571,33.5,Alluvial,Gandhinagar,Annual,Sugarcane
6.77,0.24,0.99,385,43,536,1187,32,Alluvial,Gandhinagar,Annual,Sugarcane
6.6,0.61,0.96,396,55,331,1172,30.4,Alluvial,Navsari,Annual,Sugarcane
6.85,0.36,0.8,423,71,467,1258,32.4,Alluvial,Mehsana,Annual,Sugarcane
7.82,0.58,0.71,373,58,377,1065,30.2,Alluvial,Navsari,Annual,Sugarcane
7.71,0.39,1.08,341,66,473,1317,33.6,Alluvial,Vadodara,Annual,Sugarcane
6.93,0.25,1.13,311,78,379,1191,24,Alluvial,Amreli,Annual,Sugarcane
7.75,0.39,1.18,372,48,529,1012,27.1,Alluvial,Ahmedabad,Annual,Sugarcane
7.21,0.64,0.75,357,52,334,959,33.7,Alluvial,Kutch,Annual,Sugarcane
6.51,0.21,1.14,383,49,511,1097,25.5,Alluvial,Surat,Annual,Sugarcane
6.74,0.8,0.77,342,59,378,972,26.8,Alluvial,Gandhinagar,Annual,Sugarcane
6.67,0.55,0.98,361,78,482,1131,30.2,Alluvial,Bhavnagar,Annual,Sugarcane
7.69,0.32,1.16,440,46,400,999,32.1,Alluvial,Anand,Annual,Sugarcane
6.52,0.32,0.82,370,47,489,957,33.1,Alluvial,Amreli,Annual,Sugarcane
7.28,0.25,1,316,67,499,1050,28,Alluvial,Gandhinagar,Annual,Sugarcane
6.63,0.33,1.12,349,52,483,981,28.3,Alluvial,Rajkot,Annual,Sugarcane
7.51,0.44,0.69,325,63,377,1588,30.2,Alluvial,Ahmedabad,Annual,Sugarcane
7.44,0.27,1.06,354,62,307,958,29.1,Alluvial,Banaskantha,Annual,Sugarcane
7.21,0.38,0.68,411,60,348,1036,31,Alluvial,Mehsana,Annual,Sugarcane
6.92,0.77,1,387,57,304,1478,28.4,Alluvial,Navsari,Annual,Sugarcane
6.96,0.48,1.1,429,40,312,1396,24.7,Alluvial,Rajkot,Annual,Sugarcane
6.53,0.77,0.66,319,74,338,1111,33.2,Alluvial,Kutch,Annual,Sugarcane
6.56,0.63,0.76,314,44,534,1484,24.5,Alluvial,Ahmedabad,Annual,Sugarcane
7.95,0.66,0.79,377,71,500,1140,30,Alluvial,Ahmedabad,Annual,Sugarcane
6.63,0.38,1.17,431,72,449,1413,31.4,Alluvial,Surat,Annual,Sugarcane
6.65,0.48,1,340,52,441,1267,33.8,Alluvial,Surat,Annual,Sugarcane
6.76,0.24,1.11,402,79,452,1208,33.6,Alluvial,Banaskantha,Annual,Sugarcane
6.87,0.66,1.2,415,70,466,1382,27.5,Alluvial,Junagadh,Annual,Sugarcane
7.04,0.43,0.68,319,40,524,1159,28.8,Alluvial,Rajkot,Annual,Sugarcane
7.14,0.61,1.11,342,66,485,1135,26.4,Alluvial,Bharuch,Annual,Sugarcane
7.9,0.38,0.7,333,47,308,1241,29.2,Alluvial,Mehsana,Annual,Sugarcane
6.79,0.5,0.84,309,46,531,1252,27.5,Alluvial,Rajkot,Annual,Sugarcane
7.04,0.69,0.79,354,72,537,1220,26.1,Alluvial,Navsari,Annual,Sugarcane
7.27,0.59,0.78,425,64,485,1532,28.1,Alluvial,Anand,Annual,Sugarcane
7.92,0.62,0.87,327,78,318,1242,31.7,Alluvial,Bhavnagar,Annual,Sugarcane
7.41,0.77,1.13,301,40,537,1467,32.2,Alluvial,Amreli,Annual,Sugarcane
7.09,0.27,1.05,330,77,417,1214,26.2,Alluvial,Gandhinagar,Annual,Sugarcane
7.68,0.25,0.69,360,70,326,1205,27.7,Alluvial,Anand,Annual,Sugarcane
7.42,0.29,0.88,428,60,449,1191,24.7,Alluvial,Anand,Annual,Sugarcane
7.87,0.78,0.7,317,61,470,1320,33.3,Alluvial,Junagadh,Annual,Sugarcane
7.44,0.4,1.01,413,67,466,1320,33.1,Alluvial,Banaskantha,Annual,Sugarcane
7.1,0.27,1.05,447,66,319,1201,24.4,Alluvial,Navsari,Annual,Sugarcane
6.98,0.43,1.07,386,68,463,1205,31.5,Alluvial,Gandhinagar,Annual,Sugarcane
7.96,0.59,0.8,432,53,464,1052,28.3,Alluvial,Ahmedabad,Annual,Sugarcane
7.67,0.29,0.83,406,59,301,933,29.9,Alluvial,Surendranagar,Annual,Sugarcane
7.89,0.26,0.84,389,67,482,1097,25.6,Alluvial,Banaskantha,Annual,Sugarcane
6.53,0.55,0.96,370,61,526,1515,27.8,Alluvial,Vadodara,Annual,Sugarcane
7.37,0.57,0.84,427,46,369,1513,31.4,Alluvial,Banaskantha,Annual,Sugarcane
7.16,0.51,0.78,424,58,500,1481,26.6,Alluvial,Amreli,Annual,Sugarcane
7.55,0.27,0.88,302,70,471,982,28.9,Alluvial,Surat,Annual,Sugarcane
7.03,0.58,0.75,352,40,454,1417,31.1,Alluvial,Junagadh,Annual,Sugarcane
6.78,0.65,1.05,392,42,323,1460,24.4,Alluvial,Vadodara,Annual,Sugarcane
7.51,0.54,1.16,382,79,473,1327,33.5,Alluvial,Bharuch,Annual,Sugarcane
7.03,0.31,0.87,346,46,372,1365,28.5,Alluvial,Junagadh,Annual,Sugarcane
7.84,0.71,1.12,334,73,516,1318,33.5,Alluvial,Junagadh,Annual,Sugarcane
6.5,0.32,1.09,409,56,418,1175,28.3,Alluvial,Rajkot,Annual,Sugarcane
6.71,0.29,1.1,450,69,408,1220,31.7,Alluvial,Junagadh,Annual,Sugarcane
6.67,0.48,0.63,359,57,392,1382,26.7,Alluvial,Vadodara,Annual,Sugarcane
6.75,0.35,1.16,309,74,498,935,25.8,Alluvial,Ahmedabad,Annual,Sugarcane
6.68,0.33,0.74,398,63,502,1393,28.4,Alluvial,Navsari,Annual,Sugarcane
7.79,0.75,1.05,438,70,326,1251,30.6,Alluvial,Banaskantha,Annual,Sugarcane
7.55,0.32,0.65,408,74,411,1356,26.7,Alluvial,Navsari,Annual,Sugarcane
6.99,0.68,0.79,374,44,410,1572,27.2,Alluvial,Anand,Annual,Sugarcane
7.16,0.59,0.73,421,56,431,1094,25.8,Alluvial,Navsari,Annual,Sugarcane
7.7,0.34,0.99,301,64,458,1210,28.1,Alluvial,Gandhinagar,Annual,Sugarcane
7.5,0.38,1.2,416,45,493,1469,29.3,Alluvial,Mehsana,Annual,Sugarcane
7.4,0.72,0.69,409,62,538,1423,30,Alluvial,Rajkot,Annual,Sugarcane
7.24,0.3,1.11,382,48,474,933,25.8,Alluvial,Ahmedabad,Annual,Sugarcane
6.65,0.26,0.71,429,67,531,1319,30,Alluvial,Bharuch,Annual,Sugarcane
7.13,0.32,1.16,312,80,343,1114,28.9,Alluvial,Rajkot,Annual,Sugarcane
7.21,0.79,1.04,322,51,415,1145,26,Alluvial,Gandhinagar,Annual,Sugarcane
7.77,0.29,0.8,357,78,340,1560,30.8,Alluvial,Mehsana,Annual,Sugarcane
7.5,0.32,0.94,348,74,421,1313,33.7,Alluvial,Amreli,Annual,Sugarcane
7.79,0.57,0.66,365,72,452,949,25.5,Alluvial,Surendranagar,Annual,Sugarcane
6.73,0.61,1.18,381,51,428,1498,27.8,Alluvial,Bhavnagar,Annual,Sugarcane
7.06,0.77,0.66,337,57,508,1132,26.3,Alluvial,Anand,Annual,Sugarcane
7.01,0.24,1.02,354,42,463,1142,25.7,Alluvial,Surat,Annual,Sugarcane
6.63,0.76,1.02,320,74,501,1085,28,Alluvial,Kutch,Annual,Sugarcane
7.29,0.65,1.02,356,46,363,946,26.1,Alluvial,Vadodara,Annual,Sugarcane
7.02,0.55,0.85,413,78,331,941,27.8,Alluvial,Bharuch,Annual,Sugarcane
6.55,0.72,0.77,308,42,536,1488,31.2,Alluvial,Gandhinagar,Annual,Sugarcane
7.19,0.34,1.19,404,57,542,1164,29.6,Alluvial,Bhavnagar,Annual,Sugarcane
7.45,0.57,0.97,428,73,406,957,26.4,Alluvial,Banaskantha,Annual,Sugarcane
6.57,0.63,0.76,394,56,528,1314,28,Alluvial,Bharuch,Annual,Sugarcane
7.37,0.76,1.16,364,70,548,1185,31.5,Alluvial,Vadodara,Annual,Sugarcane
7.11,0.64,1.06,314,43,451,1405,33.8,Alluvial,Vadodara,Annual,Sugarcane
7.45,0.32,0.99,436,77,349,1263,30.8,Alluvial,Bhavnagar,Annual,Sugarcane
7.54,0.39,0.87,396,56,437,1026,24.3,Alluvial,Bharuch,Annual,Sugarcane
7.25,0.53,1.18,441,64,524,1503,24.7,Alluvial,Vadodara,Annual,Sugarcane
7.81,0.56,1.17,439,54,518,1166,31.4,Alluvial,Rajkot,Annual,Sugarcane
7.63,0.73,1.08,360,70,411,1325,28.2,Alluvial,Ahmedabad,Annual,Sugarcane
7.98,0.47,1.12,371,52,457,1393,28.1,Alluvial,Banaskantha,Annual,Sugarcane
7.21,0.35,0.65,318,47,382,918,25.3,Alluvial,Mehsana,Annual,Sugarcane
6.96,0.62,1.14,415,63,361,1108,26.5,Alluvial,Navsari,Annual,Sugarcane
6.92,0.67,1.11,343,75,383,946,28.9,Alluvial,Banaskantha,Annual,Sugarcane
6.64,0.47,0.61,373,76,346,1579,29.4,Alluvial,Ahmedabad,Annual,Sugarcane
6.6,0.52,0.93,307,59,550,1008,33.8,Alluvial,Gandhinagar,Annual,Sugarcane
7.82,0.63,1.14,441,43,328,1167,25.9,Alluvial,Vadodara,Annual,Sugarcane
7,0.55,0.8,377,61,377,1483,29.9,Alluvial,Kutch,Annual,Sugarcane
7.98,0.55,0.83,449,48,371,1171,30,Alluvial,Kutch,Annual,Sugarcane
7.41,0.62,0.68,449,53,532,1380,26.6,Alluvial,Anand,Annual,Sugarcane
7.12,0.53,1.18,413,60,507,939,26,Alluvial,Vadodara,Annual,Sugarcane
7.36,0.27,0.76,388,70,389,1529,31.7,Alluvial,Bhavnagar,Annual,Sugarcane
7.75,0.56,1.13,327,52,331,1076,32.2,Alluvial,Surendranagar,Annual,Sugarcane
6.64,0.63,0.81,328,46,380,1115,29.3,Alluvial,Ahmedabad,Annual,Sugarcane
6.56,0.53,0.85,421,63,467,1360,26.8,Alluvial,Banaskantha,Annual,Sugarcane
7.72,0.36,1.15,367,44,383,978,33.9,Alluvial,Surendranagar,Annual,Sugarcane
6.72,0.62,0.7,446,43,454,1250,29,Alluvial,Amreli,Annual,Sugarcane
6.74,0.47,1.08,425,61,500,1325,30.4,Alluvial,Banaskantha,Annual,Sugarcane
6.82,0.47,0.75,344,72,404,1213,28.4,Alluvial,Amreli,Annual,Sugarcane
7.65,0.64,0.87,318,51,429,1164,24.2,Alluvial,Vadodara,Annual,Sugarcane
6.9,0.29,0.68,420,50,535,1516,28.7,Alluvial,Gandhinagar,Annual,Sugarcane
7.3,0.44,0.95,358,54,536,1018,31.8,Alluvial,Bharuch,Annual,Sugarcane
7.97,0.65,0.77,351,74,532,1565,28.4,Alluvial,Surendranagar,Annual,Sugarcane
7.92,0.39,0.9,448,51,514,1261,26.7,Alluvial,Amreli,Annual,Sugarcane
7.15,0.64,0.88,323,72,408,1170,32.9,Alluvial,Surendranagar,Annual,Sugarcane
7.97,0.35,0.89,349,54,411,1440,27.8,Alluvial,Junagadh,Annual,Sugarcane
7.53,0.35,1.04,332,62,317,1142,26.7,Alluvial,Gandhinagar,Annual,Sugarcane
7.54,0.69,1.14,439,72,430,1378,25.1,Alluvial,Banaskantha,Annual,Sugarcane
7.71,0.27,0.66,323,57,381,914,28.3,Alluvial,Bharuch,Annual,Sugarcane
7.71,0.63,0.65,311,71,347,1483,25,Alluvial,Junagadh,Annual,Sugarcane
7.46,0.45,0.67,374,78,374,1426,25.4,Alluvial,Amreli,Annual,Sugarcane
7.95,0.48,0.75,326,42,448,1491,26.4,Alluvial,Mehsana,Annual,Sugarcane
7.04,0.28,0.77,330,65,364,1394,24.7,Alluvial,Rajkot,Annual,Sugarcane
6.7,0.51,0.98,435,61,427,994,27.9,Alluvial,Anand,Annual,Sugarcane
6.61,0.33,0.66,354,52,466,1476,33.7,Alluvial,Junagadh,Annual,Sugarcane
6.83,0.4,0.66,395,63,424,1530,31.9,Alluvial,Bhavnagar,Annual,Sugarcane
7.69,0.36,0.69,317,53,473,1398,30.2,Alluvial,Bhavnagar,Annual,Sugarcane
7.71,0.39,1.17,448,78,523,1360,33.3,Alluvial,Surendranagar,Annual,Sugarcane
7.99,0.72,1.16,366,42,414,1316,28.2,Alluvial,Banaskantha,Annual,Sugarcane
7.57,0.26,1.19,422,73,357,1348,27.1,Alluvial,Surat,Annual,Sugarcane
7.25,0.65,1,300,53,539,1329,33.9,Alluvial,Kutch,Annual,Sugarcane
6.72,0.24,1.14,327,61,526,1157,27.8,Alluvial,Ahmedabad,Annual,Sugarcane
7.48,0.26,0.77,431,50,415,1060,25.8,Alluvial,Ahmedabad,Annual,Sugarcane
7.53,0.48,1.1,428,71,501,1413,26.8,Alluvial,Bharuch,Annual,Sugarcane
6.59,0.6,1.12,402,56,409,1391,27.6,Alluvial,Gandhinagar,Annual,Sugarcane
6.98,0.31,0.62,326,59,344,1495,31.7,Alluvial,Gandhinagar,Annual,Sugarcane
7.45,0.79,1.12,355,74,474,1128,26.7,Alluvial,Mehsana,Annual,Sugarcane
6.68,0.76,1.19,328,58,306,1275,33.9,Alluvial,Vadodara,Annual,Sugarcane
7.15,0.26,1.03,383,79,463,1169,24.5,Alluvial,Vadodara,Annual,Sugarcane
6.82,0.61,0.9,450,71,334,1114,28.1,Alluvial,Surendranagar,Annual,Sugarcane
7.32,0.4,1.1,426,71,451,1229,24.9,Alluvial,Rajkot,Annual,Sugarcane
7.23,0.61,0.97,441,56,355,1121,30.6,Alluvial,Rajkot,Annual,Sugarcane
7.47,0.22,1.02,328,76,342,1074,26.8,Alluvial,Junagadh,Annual,Sugarcane
7.57,0.76,1.1,400,56,368,1087,26.4,Alluvial,Rajkot,Annual,Sugarcane
7.13,0.47,0.62,428,46,318,1301,32.1,Alluvial,Kutch,Annual,Sugarcane
7.51,0.64,1.12,337,40,494,1509,30.9,Alluvial,Navsari,Annual,Sugarcane
7.98,0.23,1.1,346,67,352,1059,28.5,Alluvial,Bhavnagar,Annual,Sugarcane
7.02,0.27,0.92,360,77,362,1110,25.2,Alluvial,Amreli,Annual,Sugarcane
6.57,0.54,0.63,394,75,326,929,30.8,Alluvial,Ahmedabad,Annual,Sugarcane
7.39,0.53,1.01,397,43,465,1030,30,Alluvial,Rajkot,Annual,Sugarcane
7.14,0.52,0.88,339,59,426,1055,31,Alluvial,Bhavnagar,Annual,Sugarcane
6.99,0.78,1.01,309,73,477,988,27.3,Alluvial,Mehsana,Annual,Sugarcane
7.01,0.67,0.99,307,53,319,951,29.6,Alluvial,Bhavnagar,Annual,Sugarcane
7.17,0.27,0.77,304,77,521,1408,27.3,Alluvial,Surat,Annual,Sugarcane
6.95,0.21,1.19,304,52,372,916,33,Alluvial,Mehsana,Annual,Sugarcane
7.91,0.38,1.04,367,80,412,1131,24.8,Alluvial,Mehsana,Annual,Sugarcane
7.26,0.48,1.09,353,52,444,1252,28.3,Alluvial,Surat,Annual,Sugarcane
7.17,0.24,1.07,422,63,521,1388,27.9,Alluvial,Surat,Annual,Sugarcane
7.5,0.64,0.66,323,53,308,1047,32.4,Alluvial,Bhavnagar,Annual,Sugarcane
7.14,0.43,0.96,441,76,383,1528,30.8,Alluvial,Amreli,Annual,Sugarcane
7.27,0.42,0.76,371,49,431,1342,31.3,Alluvial,Banaskantha,Annual,Sugarcane
6.73,0.75,1.06,328,40,501,1079,32.1,Alluvial,Gandhinagar,Annual,Sugarcane
6.7,0.57,0.8,351,52,480,1325,30.7,Alluvial,Surat,Annual,Sugarcane
7.09,0.72,1.13,431,62,541,1411,32.2,Alluvial,Surat,Annual,Sugarcane
6.51,0.28,0.98,353,75,391,1205,27.2,Alluvial,Mehsana,Annual,Sugarcane
6.6,0.69,0.67,416,76,334,1589,33.4,Alluvial,Ahmedabad,Annual,Sugarcane
7.69,0.2,0.98,308,76,311,953,24.6,Alluvial,Gandhinagar,Annual,Sugarcane
7.25,0.62,0.93,317,45,369,968,33,Alluvial,Kutch,Annual,Sugarcane
6.85,0.73,0.92,448,71,371,1336,31.3,Alluvial,Banaskantha,Annual,Sugarcane
7.15,0.35,1.18,392,73,529,1040,25.6,Alluvial,Surat,Annual,Sugarcane
6.96,0.43,0.93,304,49,375,1148,30.1,Alluvial,Junagadh,Annual,Sugarcane
7.05,0.59,0.69,412,54,367,1356,30.2,Alluvial,Mehsana,Annual,Sugarcane
7.36,0.77,0.68,443,58,447,1132,28.9,Alluvial,Gandhinagar,Annual,Sugarcane
7.72,0.68,0.9,368,48,470,930,29.5,Alluvial,Navsari,Annual,Sugarcane
6.9,0.6,1.19,321,43,516,1127,31.7,Alluvial,Kutch,Annual,Sugarcane
7.86,0.7,1,342,74,339,968,28.7,Alluvial,Bharuch,Annual,Sugarcane
7.04,0.71,1.12,393,73,517,981,24.7,Alluvial,Ahmedabad,Annual,Sugarcane
7.63,0.79,1.09,416,79,538,1077,28.8,Alluvial,Junagadh,Annual,Sugarcane
7.07,0.76,0.94,385,46,333,1135,28.1,Alluvial,Surat,Annual,Sugarcane
7.23,0.23,0.62,402,76,465,1213,27.2,Alluvial,Kutch,Annual,Sugarcane
7.18,0.72,0.81,436,69,545,1377,24.2,Alluvial,Anand,Annual,Sugarcane
7.06,0.55,0.81,417,56,488,1002,25.8,Alluvial,Rajkot,Annual,Sugarcane
7.26,0.79,1.09,361,78,444,1247,25.2,Alluvial,Bhavnagar,Annual,Sugarcane
7.3,0.33,0.81,352,45,442,1221,27.4,Alluvial,Vadodara,Annual,Sugarcane
6.61,0.64,0.8,414,53,428,1570,30.6,Alluvial,Bharuch,Annual,Sugarcane
7.85,0.36,0.82,308,71,336,1134,31.8,Alluvial,Kutch,Annual,Sugarcane
7.24,0.21,1.16,327,49,432,950,30.2,Alluvial,Banaskantha,Annual,Sugarcane
7.89,0.33,1.09,365,49,499,904,27.5,Alluvial,Gandhinagar,Annual,Sugarcane
7.3,0.39,0.71,351,69,361,962,25.4,Alluvial,Vadodara,Annual,Sugarcane
7.9,0.31,0.9,349,45,381,1411,33,Alluvial,Amreli,Annual,Sugarcane
7.39,0.35,0.79,301,76,325,1038,28.1,Alluvial,Anand,Annual,Sugarcane
6.87,0.49,0.95,336,40,326,1347,24.2,Alluvial,Bharuch,Annual,Sugarcane
6.53,0.75,0.63,365,62,516,1356,27.8,Alluvial,Surat,Annual,Sugarcane
7.58,0.28,1.1,340,64,479,930,30.1,Alluvial,Surat,Annual,Sugarcane
8,0.67,0.63,434,43,450,1190,34,Alluvial,Amreli,Annual,Sugarcane
7.06,0.8,0.7,444,70,465,1198,28.4,Alluvial,Vadodara,Annual,Sugarcane
6.98,0.59,0.74,379,47,315,1136,24.1,Alluvial,Kutch,Annual,Sugarcane
6.83,0.64,0.96,338,49,419,1548,24.7,Alluvial,Gandhinagar,Annual,Sugarcane
7.56,0.56,1.08,384,58,468,1587,24.1,Alluvial,Amreli,Annual,Sugarcane
6.94,0.52,0.85,340,54,305,1091,31.9,Alluvial,Surendranagar,Annual,Sugarcane
7.56,0.79,0.66,309,72,334,1054,26.8,Alluvial,Amreli,Annual,Sugarcane
7.57,0.72,1.08,323,51,448,1430,28.8,Alluvial,Mehsana,Annual,Sugarcane
6.91,0.4,0.76,363,46,438,1418,33.5,Alluvial,Rajkot,Annual,Sugarcane
7.08,0.66,1.16,422,46,474,1540,25.8,Alluvial,Navsari,Annual,Sugarcane
6.85,0.54,0.91,384,58,393,1460,25.7,Alluvial,Amreli,Annual,Sugarcane
7.2,0.4,0.94,404,47,494,992,29.2,Alluvial,Amreli,Annual,Sugarcane
6.67,0.72,0.64,357,43,389,1173,26.5,Alluvial,Kutch,Annual,Sugarcane
7.35,0.21,0.77,395,47,335,1233,29.5,Alluvial,Navsari,Annual,Sugarcane
7.01,0.29,0.63,363,58,528,920,32.3,Alluvial,Junagadh,Annual,Sugarcane
6.68,0.58,1.06,379,78,456,1399,27.9,Alluvial,Navsari,Annual,Sugarcane
7.02,0.63,0.93,425,72,486,1000,30.6,Alluvial,Vadodara,Annual,Sugarcane
6.93,0.22,1.14,412,72,448,1214,30.3,Alluvial,Mehsana,Annual,Sugarcane
6.78,0.72,0.68,384,54,434,1385,32.8,Alluvial,Surat,Annual,Sugarcane
7.24,0.21,1,416,70,464,1068,28.9,Alluvial,Anand,Annual,Sugarcane
7.34,0.6,0.61,327,47,505,1349,32.5,Alluvial,Kutch,Annual,Sugarcane
7.08,0.34,0.89,430,79,346,1555,24.1,Alluvial,Kutch,Annual,Sugarcane
6.52,0.56,1.17,378,41,448,1095,31.7,Alluvial,Bharuch,Annual,Sugarcane
7.76,0.4,0.74,437,50,426,1105,26.7,Alluvial,Kutch,Annual,Sugarcane
7.36,0.39,1.19,367,53,486,1506,29.9,Alluvial,Anand,Annual,Sugarcane
7.42,0.63,1.1,421,73,308,1192,29.5,Alluvial,Anand,Annual,Sugarcane
6.52,0.74,1.16,408,62,376,1287,26.3,Alluvial,Rajkot,Annual,Sugarcane
7.8,0.57,0.84,375,63,393,1558,26.8,Alluvial,Ahmedabad,Annual,Sugarcane
7.93,0.71,0.89,312,71,422,908,25.2,Alluvial,Junagadh,Annual,Sugarcane
6.62,0.26,0.71,368,59,472,1326,27.8,Alluvial,Amreli,Annual,Sugarcane
6.8,0.53,1.19,416,51,416,1306,31.9,Alluvial,Ahmedabad,Annual,Sugarcane
7.21,0.51,0.77,328,49,504,1155,25.1,Alluvial,Ahmedabad,Annual,Sugarcane
6.66,0.57,1.18,357,54,371,1447,27.1,Alluvial,Bharuch,Annual,Sugarcane
7.17,0.75,0.62,367,66,369,997,32.1,Alluvial,Mehsana,Annual,Sugarcane
8,0.73,1.17,398,59,360,1507,31.1,Alluvial,Rajkot,Annual,Sugarcane
7.38,0.26,0.73,328,79,477,953,27.9,Alluvial,Navsari,Annual,Sugarcane
7.07,0.63,1.13,351,78,300,1386,30.4,Alluvial,Ahmedabad,Annual,Sugarcane
7.86,0.27,0.73,447,42,470,1581,27.1,Alluvial,Ahmedabad,Annual,Sugarcane
6.72,0.77,1.15,450,45,413,1185,30.9,Alluvial,Vadodara,Annual,Sugarcane
6.93,0.51,1.07,383,68,524,1306,30.2,Alluvial,Vadodara,Annual,Sugarcane
7.27,0.45,0.83,308,56,486,1494,28.3,Alluvial,Bhavnagar,Annual,Sugarcane
6.65,0.58,1.09,314,54,504,1053,33.2,Alluvial,Surat,Annual,Sugarcane
7.59,0.43,0.78,308,72,387,1417,31,Alluvial,Banaskantha,Annual,Sugarcane
6.89,0.25,0.78,310,41,432,1120,24.3,Alluvial,Surendranagar,Annual,Sugarcane
7.33,0.75,1.19,417,66,375,1295,24.9,Alluvial,Amreli,Annual,Sugarcane
7.96,0.51,0.73,356,67,525,1025,28.1,Alluvial,Junagadh,Annual,Sugarcane
7.82,0.77,0.98,316,45,488,1390,28.4,Alluvial,Anand,Annual,Sugarcane
7.26,0.72,1.09,326,74,525,1438,31.7,Alluvial,Amreli,Annual,Sugarcane
7.5,0.54,1.1,436,40,404,1494,32.1,Alluvial,Bharuch,Annual,Sugarcane
6.64,0.25,0.97,328,45,425,1308,30,Alluvial,Rajkot,Annual,Sugarcane
7.81,0.22,0.67,303,41,343,1299,28.7,Alluvial,Vadodara,Annual,Sugarcane
7.54,0.22,1,414,67,550,1113,24.8,Alluvial,Ahmedabad,Annual,Sugarcane
6.61,0.51,1.09,446,43,550,1287,24.2,Alluvial,Bharuch,Annual,Sugarcane
7.72,0.38,0.96,399,48,449,1447,24.9,Alluvial,Rajkot,Annual,Sugarcane
6.56,0.55,1.08,388,57,469,1208,33,Alluvial,Mehsana,Annual,Sugarcane
7.46,0.53,0.64,428,72,367,1460,24.2,Alluvial,Navsari,Annual,Sugarcane
6.58,0.22,0.96,317,48,471,1237,24.1,Alluvial,Vadodara,Annual,Sugarcane
6.95,0.23,0.93,443,43,327,1240,27.7,Alluvial,Vadodara,Annual,Sugarcane
7.45,0.35,0.63,350,56,425,1479,32.3,Alluvial,Gandhinagar,Annual,Sugarcane
7.18,0.37,0.84,426,70,524,1051,25.4,Alluvial,Vadodara,Annual,Sugarcane
7.66,0.67,0.99,419,68,400,1146,33.7,Alluvial,Banaskantha,Annual,Sugarcane
6.86,0.78,0.8,329,45,364,1006,25.3,Alluvial,Surendranagar,Annual,Sugarcane
6.85,0.48,0.73,355,65,460,1201,32.6,Alluvial,Kutch,Annual,Sugarcane
7.81,0.5,1.08,382,45,381,1129,30.5,Alluvial,Bharuch,Annual,Sugarcane
7.14,0.32,1.03,427,55,520,1004,29.5,Alluvial,Kutch,Annual,Sugarcane
6.8,0.64,0.92,357,72,474,1210,34,Alluvial,Mehsana,Annual,Sugarcane
6.82,0.66,0.78,390,44,323,1359,30.3,Alluvial,Surendranagar,Annual,Sugarcane
7.81,0.51,1.01,417,60,542,1400,28.6,Alluvial,Kutch,Annual,Sugarcane
7.2,0.39,0.7,301,64,300,1562,29.9,Alluvial,Junagadh,Annual,Sugarcane
7.79,0.69,0.97,390,74,496,1279,24.1,Alluvial,Bhavnagar,Annual,Sugarcane
6.66,0.72,0.72,336,70,398,1563,30.6,Alluvial,Surat,Annual,Sugarcane
6.96,0.36,1.2,435,72,312,912,26.6,Alluvial,Kutch,Annual,Sugarcane
7.57,0.75,0.82,318,51,461,1307,28.9,Alluvial,Mehsana,Annual,Sugarcane
6.51,0.64,1.16,313,43,511,1513,24.5,Alluvial,Navsari,Annual,Sugarcane
7.15,0.63,0.93,424,78,416,1456,26.6,Alluvial,Vadodara,Annual,Sugarcane
6.81,0.55,0.84,321,65,499,1462,32.1,Alluvial,Anand,Annual,Sugarcane
7.75,0.75,0.91,379,40,390,1386,25.8,Alluvial,Bharuch,Annual,Sugarcane
7.66,0.4,0.95,377,46,452,1307,30.3,Alluvial,Surat,Annual,Sugarcane
7.21,0.49,0.96,365,48,524,1287,27.8,Alluvial,Banaskantha,Annual,Sugarcane
7.41,0.42,0.92,356,55,301,1275,30.8,Alluvial,Kutch,Annual,Sugarcane
7.55,0.75,0.87,331,70,390,1537,31.2,Alluvial,Anand,Annual,Sugarcane
7.52,0.75,1.04,377,68,498,1503,25.9,Alluvial,Amreli,Annual,Sugarcane
7.55,0.33,1.04,392,77,379,1065,26.2,Alluvial,Surat,Annual,Sugarcane
7.08,0.59,0.87,431,79,499,1286,32.5,Alluvial,Navsari,Annual,Sugarcane
6.62,0.76,0.77,410,58,378,1239,33.8,Alluvial,Junagadh,Annual,Sugarcane
7.47,0.42,0.68,436,62,310,1488,26.2,Alluvial,Junagadh,Annual,Sugarcane
7.69,0.4,0.87,341,71,362,1409,32.1,Alluvial,Navsari,Annual,Sugarcane
7.41,0.79,0.99,341,76,322,1394,30.1,Alluvial,Anand,Annual,Sugarcane
7.51,0.51,1,314,66,476,1397,31,Alluvial,Bharuch,Annual,Sugarcane
7.16,0.5,1.15,342,44,449,1472,28.5,Alluvial,Ahmedabad,Annual,Sugarcane
7.65,0.24,0.68,316,57,483,1227,30.3,Alluvial,Vadodara,Annual,Sugarcane
7.84,0.65,0.77,343,48,476,1449,29.7,Alluvial,Rajkot,Annual,Sugarcane
6.91,0.42,0.9,329,62,350,1010,30.8,Alluvial,Surendranagar,Annual,Sugarcane
7.23,0.21,0.81,445,41,431,1255,32.7,Alluvial,Rajkot,Annual,Sugarcane
7.16,0.76,0.77,410,63,520,1450,26.7,Alluvial,Rajkot,Annual,Sugarcane
6.96,0.28,0.61,325,51,468,1486,29.7,Alluvial,Bharuch,Annual,Sugarcane
7.22,0.39,0.85,404,50,405,1268,31,Alluvial,Rajkot,Annual,Sugarcane
6.73,0.71,0.96,311,70,534,1564,24.3,Alluvial,Anand,Annual,Sugarcane
7.73,0.73,1.07,428,48,510,1154,25.7,Alluvial,Surendranagar,Annual,Sugarcane
6.69,0.44,1.13,447,40,363,1143,25.4,Alluvial,Rajkot,Annual,Sugarcane
7.83,0.47,1.11,409,64,371,988,33.5,Alluvial,Navsari,Annual,Sugarcane
6.71,0.32,0.98,415,73,331,1018,33.4,Alluvial,Vadodara,Annual,Sugarcane
6.89,0.36,0.92,438,70,358,1296,24.7,Alluvial,Anand,Annual,Sugarcane
6.65,0.63,1.08,447,73,349,1102,27.7,Alluvial,Anand,Annual,Sugarcane
7.57,0.33,0.88,418,67,354,1522,29.4,Alluvial,Anand,Annual,Sugarcane
7.95,0.46,0.85,395,67,317,1179,25.2,Alluvial,Surat,Annual,Sugarcane
6.95,0.58,0.64,448,80,404,1068,29.7,Alluvial,Mehsana,Annual,Sugarcane
7.51,0.39,0.69,312,73,502,1395,28.2,Alluvial,Bharuch,Annual,Sugarcane
7.81,0.26,1.02,329,42,361,1126,29,Alluvial,Mehsana,Annual,Sugarcane
7.69,0.5,1.16,371,47,459,1378,33.9,Alluvial,Bhavnagar,Annual,Sugarcane
7.92,0.71,0.77,385,44,448,1493,25.1,Alluvial,Surendranagar,Annual,Sugarcane
7.39,0.24,0.95,367,66,516,1074,28.6,Alluvial,Gandhinagar,Annual,Sugarcane
7.97,0.57,1.12,322,72,486,1072,33.3,Alluvial,Kutch,Annual,Sugarcane
7.37,0.22,0.87,385,53,360,1310,26.2,Alluvial,Anand,Annual,Sugarcane
6.53,0.54,1.17,409,63,412,1084,27,Alluvial,Bhavnagar,Annual,Sugarcane
7.74,0.37,1.07,435,72,393,935,31.2,Alluvial,Amreli,Annual,Sugarcane
7.48,0.24,1.17,431,47,380,1038,31.1,Alluvial,Anand,Annual,Sugarcane
7.28,0.23,0.71,318,71,391,950,30.1,Alluvial,Amreli,Annual,Sugarcane
6.7,0.4,1.11,386,71,364,1174,33.7,Alluvial,Junagadh,Annual,Sugarcane
7.53,0.57,0.83,316,75,441,939,32.7,Alluvial,Vadodara,Annual,Sugarcane
7.66,0.76,1.15,385,69,417,1395,33.1,Alluvial,Bharuch,Annual,Sugarcane
6.99,0.39,0.84,328,60,380,1495,32.1,Alluvial,Gandhinagar,Annual,Sugarcane
7.85,0.22,1.1,442,75,523,1399,26.6,Alluvial,Surat,Annual,Sugarcane
7.85,0.42,0.85,393,76,374,1560,29.1,Alluvial,Gandhinagar,Annual,Sugarcane
7.02,0.42,1.07,324,55,484,1595,25.9,Alluvial,Anand,Annual,Sugarcane
6.52,0.38,0.96,374,54,524,1221,25.5,Alluvial,Surat,Annual,Sugarcane
6.59,0.39,0.64,325,62,345,1399,25.4,Alluvial,Surat,Annual,Sugarcane
7.28,0.73,0.69,402,56,306,1377,33.4,Alluvial,Anand,Annual,Sugarcane
7.03,0.64,1.12,309,54,459,1440,27.3,Alluvial,Amreli,Annual,Sugarcane
7.46,0.74,0.61,347,53,495,1193,24.9,Alluvial,Amreli,Annual,Sugarcane
6.8,0.33,1.11,390,80,413,1271,27.5,Alluvial,Bhavnagar,Annual,Sugarcane
6.71,0.21,0.74,439,55,358,1395,30,Alluvial,Ahmedabad,Annual,Sugarcane
6.52,0.62,1.09,406,68,380,1422,30.8,Alluvial,Vadodara,Annual,Sugarcane
7.63,0.62,1.12,410,77,378,983,32.4,Alluvial,Mehsana,Annual,Sugarcane
7.12,0.48,0.85,390,46,325,1541,24.8,Alluvial,Rajkot,Annual,Sugarcane
6.66,0.66,0.7,429,71,317,1290,30,Alluvial,Anand,Annual,Sugarcane
7.01,0.69,0.77,324,48,478,1195,26.8,Alluvial,Amreli,Annual,Sugarcane
6.75,0.63,1.14,305,80,466,1441,33.5,Alluvial,Kutch,Annual,Sugarcane
7.02,0.44,1.02,449,64,452,1123,32.2,Alluvial,Amreli,Annual,Sugarcane
6.64,0.79,1.07,435,57,337,1013,26.5,Alluvial,Junagadh,Annual,Sugarcane
7.66,0.56,1.04,353,60,345,914,24.4,Alluvial,Surat,Annual,Sugarcane
7.85,0.35,1,438,70,519,908,24.6,Alluvial,Gandhinagar,Annual,Sugarcane
7.74,0.65,0.65,354,47,458,1471,27.7,Alluvial,Navsari,Annual,Sugarcane
7.06,0.68,1.08,405,46,439,1373,30.3,Alluvial,Surendranagar,Annual,Sugarcane
7.79,0.53,1.06,390,58,427,1215,27.9,Alluvial,Gandhinagar,Annual,Sugarcane
6.87,0.75,1.06,427,62,307,1538,32.4,Alluvial,Bharuch,Annual,Sugarcane
7.86,0.59,0.63,335,72,469,1439,26,Alluvial,Amreli,Annual,Sugarcane
7.61,0.68,0.88,418,49,313,1134,26.2,Alluvial,Mehsana,Annual,Sugarcane
7.83,0.57,0.66,436,50,424,1347,30.2,Alluvial,Amreli,Annual,Sugarcane
6.75,0.37,0.85,305,47,468,1505,26.5,Alluvial,Mehsana,Annual,Sugarcane
6.88,0.61,1.17,302,76,377,1280,25.4,Alluvial,Anand,Annual,Sugarcane
6.99,0.69,1.09,370,71,405,1458,26.9,Alluvial,Bhavnagar,Annual,Sugarcane
7.31,0.53,0.61,319,63,375,1145,26.2,Alluvial,Junagadh,Annual,Sugarcane
6.97,0.38,0.75,342,77,342,1381,29.6,Alluvial,Amreli,Annual,Sugarcane
6.6,0.7,0.91,385,44,501,1579,26.3,Alluvial,Kutch,Annual,Sugarcane
7.41,0.78,0.73,440,52,366,1104,30.8,Alluvial,Anand,Annual,Sugarcane
6.98,0.49,1.16,435,53,497,1203,31.8,Alluvial,Navsari,Annual,Sugarcane
7.72,0.79,0.96,405,46,458,1218,31.2,Alluvial,Surat,Annual,Sugarcane
7.28,0.64,0.74,418,49,326,950,25.6,Alluvial,Bharuch,Annual,Sugarcane
7.05,0.72,0.89,381,41,384,1365,28.3,Alluvial,Surat,Annual,Sugarcane
7.65,0.38,1.18,399,70,364,1464,29.3,Alluvial,Amreli,Annual,Sugarcane
7.9,0.29,1.08,396,50,386,1300,24.9,Alluvial,Ahmedabad,Annual,Sugarcane
7.64,0.51,1.09,336,56,446,1447,25.8,Alluvial,Gandhinagar,Annual,Sugarcane
7.06,0.55,0.94,303,40,354,1588,27,Alluvial,Ahmedabad,Annual,Sugarcane
6.91,0.67,0.97,325,80,375,1057,26.8,Alluvial,Navsari,Annual,Sugarcane
7.2,0.35,0.64,304,63,404,1003,28.1,Alluvial,Ahmedabad,Annual,Sugarcane
6.94,0.52,0.61,412,80,313,1373,29.5,Alluvial,Bharuch,Annual,Sugarcane
6.57,0.42,1.19,339,54,332,1526,33.1,Alluvial,Kutch,Annual,Sugarcane
6.83,0.58,1.16,328,40,366,1308,25.7,Alluvial,Mehsana,Annual,Sugarcane
7.84,0.42,0.62,389,42,454,1199,26.4,Alluvial,Ahmedabad,Annual,Sugarcane
7.72,0.66,1.15,370,74,403,1478,25.9,Alluvial,Gandhinagar,Annual,Sugarcane
6.77,0.66,0.88,402,58,530,1309,33.3,Alluvial,Surendranagar,Annual,Sugarcane
6.51,0.57,0.9,383,76,446,1016,25,Alluvial,Banaskantha,Annual,Sugarcane
7.13,0.28,1,351,52,355,1009,28.4,Alluvial,Rajkot,Annual,Sugarcane
7.71,0.31,0.89,430,71,367,1329,31.2,Alluvial,Amreli,Annual,Sugarcane
7.63,0.3,0.76,446,68,449,1246,33.5,Alluvial,Amreli,Annual,Sugarcane
7.58,0.67,0.74,344,52,409,1247,28.1,Alluvial,Anand,Annual,Sugarcane
7.88,0.34,1.12,380,52,397,1440,27.6,Alluvial,Vadodara,Annual,Sugarcane
7.82,0.31,1,420,68,333,1199,29,Alluvial,Surat,Annual,Sugarcane
7.82,0.4,0.94,380,62,354,1542,26.8,Alluvial,Rajkot,Annual,Sugarcane
6.79,0.63,0.96,320,56,521,946,26.1,Alluvial,Amreli,Annual,Sugarcane
7.38,0.62,0.84,319,61,410,1248,29.1,Alluvial,Kutch,Annual,Sugarcane
7.72,0.35,0.84,362,49,434,1532,33.3,Alluvial,Mehsana,Annual,Sugarcane
6.68,0.43,0.74,399,60,339,1426,24,Alluvial,Gandhinagar,Annual,Sugarcane
7.84,0.42,1.16,306,45,550,1385,25.8,Alluvial,Gandhinagar,Annual,Sugarcane
6.53,0.3,0.88,362,45,518,1012,26.4,Alluvial,Banaskantha,Annual,Sugarcane
7,0.44,1.01,374,54,336,1185,27,Alluvial,Banaskantha,Annual,Sugarcane
7.1,0.67,0.87,409,47,473,1346,32.3,Alluvial,Vadodara,Annual,Sugarcane
6.58,0.68,0.67,395,50,485,1005,32.7,Alluvial,Amreli,Annual,Sugarcane
6.88,0.65,1.15,418,80,329,914,27.8,Alluvial,Vadodara,Annual,Sugarcane
6.59,0.51,0.97,327,69,431,1534,24.2,Alluvial,Kutch,Annual,Sugarcane
7.77,0.55,1.09,325,64,313,1158,30.9,Alluvial,Surendranagar,Annual,Sugarcane
7.99,0.49,0.85,304,75,338,1443,33.9,Alluvial,Mehsana,Annual,Sugarcane
7.51,0.25,0.68,343,64,484,1322,30.1,Alluvial,Banaskantha,Annual,Sugarcane
7.02,0.65,0.74,436,49,303,909,25.8,Alluvial,Navsari,Annual,Sugarcane
6.86,0.67,0.74,333,42,376,1379,30.5,Alluvial,Bharuch,Annual,Sugarcane
7.89,0.31,1.16,358,65,361,1316,27,Alluvial,Bharuch,Annual,Sugarcane
7.96,0.29,0.61,402,43,505,1165,31.4,Alluvial,Ahmedabad,Annual,Sugarcane
7.96,0.3,0.76,426,45,417,1332,33.5,Alluvial,Bharuch,Annual,Sugarcane
7.77,0.32,1.05,376,56,386,1207,24.5,Alluvial,Gandhinagar,Annual,Sugarcane
6.73,0.31,0.95,416,49,521,1448,25.3,Alluvial,Rajkot,Annual,Sugarcane
7.41,0.35,0.93,419,74,344,1341,33.5,Alluvial,Bhavnagar,Annual,Sugarcane
7.06,0.29,1.08,432,75,341,904,26.8,Alluvial,Gandhinagar,Annual,Sugarcane
7.09,0.5,0.67,403,73,365,1328,27.7,Alluvial,Rajkot,Annual,Sugarcane
6.59,0.57,1.18,417,64,534,1162,24.9,Alluvial,Rajkot,Annual,Sugarcane
7.35,0.78,0.64,413,73,329,1590,33.9,Alluvial,Surendranagar,Annual,Sugarcane
7.52,0.44,0.94,358,42,394,1021,24.7,Alluvial,Surendranagar,Annual,Sugarcane
6.51,0.48,0.72,317,74,380,1501,27.2,Alluvial,Bhavnagar,Annual,Sugarcane
7.67,0.66,0.66,327,49,422,1217,30,Alluvial,Bhavnagar,Annual,Sugarcane
7.72,0.27,0.92,358,41,385,939,32.6,Alluvial,Anand,Annual,Sugarcane
7.83,0.41,1.18,405,65,538,1400,33.3,Alluvial,Banaskantha,Annual,Sugarcane
6.97,0.25,1.12,423,71,303,1132,24.7,Alluvial,Amreli,Annual,Sugarcane
7.21,0.23,0.85,424,78,503,1253,25,Alluvial,Mehsana,Annual,Sugarcane
7.24,0.79,0.69,390,73,533,915,24.9,Alluvial,Gandhinagar,Annual,Sugarcane
7.36,0.72,1.17,399,64,413,1288,29.1,Alluvial,Bharuch,Annual,Sugarcane
7.85,0.53,0.66,448,62,474,1359,31.7,Alluvial,Amreli,Annual,Sugarcane
6.65,0.26,0.95,337,41,474,1345,27.7,Alluvial,Anand,Annual,Sugarcane
7.69,0.69,1,428,72,484,1168,30.1,Alluvial,Junagadh,Annual,Sugarcane
7,0.32,0.81,300,64,431,1519,26.9,Alluvial,Navsari,Annual,Sugarcane
7.56,0.55,0.89,353,47,471,1347,26.4,Alluvial,Amreli,Annual,Sugarcane
7.89,0.47,1.01,362,49,512,1532,25.5,Alluvial,Junagadh,Annual,Sugarcane
6.61,0.62,0.77,352,67,513,1171,27.4,Alluvial,Amreli,Annual,Sugarcane
7.61,0.39,0.72,376,56,467,1186,29.5,Alluvial,Amreli,Annual,Sugarcane
6.94,0.53,0.75,335,40,447,1585,25.3,Alluvial,Navsari,Annual,Sugarcane
7.4,0.43,0.65,300,59,494,1332,31.6,Alluvial,Anand,Annual,Sugarcane
7.23,0.28,1.04,343,40,423,1508,27.2,Alluvial,Banaskantha,Annual,Sugarcane
7.87,0.36,0.94,416,53,345,1087,32.6,Alluvial,Bhavnagar,Annual,Sugarcane
7.78,0.67,0.79,314,41,488,1513,24.4,Alluvial,Gandhinagar,Annual,Sugarcane
7.9,0.58,0.86,409,71,305,1159,25.5,Alluvial,Anand,Annual,Sugarcane
7.69,0.72,0.82,430,40,399,1304,26.8,Alluvial,Junagadh,Annual,Sugarcane
6.74,0.67,0.66,443,65,496,1188,25.8,Alluvial,Navsari,Annual,Sugarcane
7.57,0.42,0.69,391,56,334,1064,27.9,Alluvial,Ahmedabad,Annual,Sugarcane
6.83,0.38,0.66,403,69,537,1566,25.7,Alluvial,Banaskantha,Annual,Sugarcane
7.89,0.4,1.07,334,80,384,1317,30.4,Alluvial,Junagadh,Annual,Sugarcane
7.71,0.34,0.96,403,48,431,1461,31.6,Alluvial,Vadodara,Annual,Sugarcane
6.55,0.52,1.1,391,42,405,1081,33.8,Alluvial,Kutch,Annual,Sugarcane
7.73,0.28,0.98,425,63,490,910,32,Alluvial,Junagadh,Annual,Sugarcane
7.09,0.49,0.75,374,76,399,1373,28.9,Alluvial,Rajkot,Annual,Sugarcane
7.01,0.57,0.93,351,49,379,932,32.6,Alluvial,Rajkot,Annual,Sugarcane
7.33,0.32,0.79,393,47,497,1483,26.7,Alluvial,Bhavnagar,Annual,Sugarcane
7.8,0.28,0.92,330,42,544,940,32.8,Alluvial,Surat,Annual,Sugarcane
7.37,0.76,1.04,343,43,322,1074,33.5,Alluvial,Gandhinagar,Annual,Sugarcane
7.73,0.66,0.69,367,55,475,991,27.4,Alluvial,Bharuch,Annual,Sugarcane
7.43,0.41,0.64,358,57,509,1114,27.8,Alluvial,Bhavnagar,Annual,Sugarcane
7.92,0.43,0.89,331,53,317,1133,24.8,Alluvial,Gandhinagar,Annual,Sugarcane
7.15,0.75,0.68,410,54,492,1127,32.1,Alluvial,Kutch,Annual,Sugarcane
7.62,0.4,1.14,344,65,409,1364,27.5,Alluvial,Surat,Annual,Sugarcane
7.82,0.25,0.79,302,54,308,902,33.6,Alluvial,Ahmedabad,Annual,Sugarcane
7.16,0.23,0.63,418,52,336,1410,25.7,Alluvial,Amreli,Annual,Sugarcane
7.53,0.22,0.72,386,80,320,1036,26.8,Alluvial,Rajkot,Annual,Sugarcane
7.49,0.49,1.02,360,65,395,1541,26.8,Alluvial,Banaskantha,Annual,Sugarcane
7.92,0.57,0.9,386,40,528,1474,33.2,Alluvial,Gandhinagar,Annual,Sugarcane
6.87,0.58,0.87,441,76,504,1256,33.9,Alluvial,Junagadh,Annual,Sugarcane
7.36,0.31,0.9,310,46,305,956,26.8,Alluvial,Junagadh,Annual,Sugarcane
6.71,0.4,0.82,361,66,385,1167,26.5,Alluvial,Anand,Annual,Sugarcane
7.36,0.72,1.13,391,55,459,1348,31.3,Alluvial,Amreli,Annual,Sugarcane
6.71,0.33,0.77,425,56,494,1096,29.7,Alluvial,Rajkot,Annual,Sugarcane
7.64,0.61,0.66,376,52,352,1508,26.4,Alluvial,Anand,Annual,Sugarcane
6.88,0.6,0.73,354,77,507,1422,26.2,Alluvial,Surat,Annual,Sugarcane
7.64,0.29,0.71,323,63,413,1377,29.8,Alluvial,Bharuch,Annual,Sugarcane
7.36,0.21,0.98,404,78,304,1125,31.9,Alluvial,Rajkot,Annual,Sugarcane
6.82,0.55,0.6,396,72,363,1459,27.1,Alluvial,Bhavnagar,Annual,Sugarcane
6.79,0.27,0.65,353,67,456,1562,28.8,Alluvial,Mehsana,Annual,Sugarcane
7.89,0.22,0.84,318,79,499,947,24.9,Alluvial,Bharuch,Annual,Sugarcane
7.02,0.28,0.85,439,70,411,1389,27,Alluvial,Navsari,Annual,Sugarcane
6.88,0.69,0.72,416,43,393,1595,29.2,Alluvial,Surat,Annual,Sugarcane
7.08,0.65,0.81,424,68,398,1059,26.3,Alluvial,Vadodara,Annual,Sugarcane
7.81,0.31,0.8,328,43,314,943,24.8,Alluvial,Vadodara,Annual,Sugarcane
6.81,0.41,0.66,406,52,537,1598,26.3,Alluvial,Bharuch,Annual,Sugarcane
7.24,0.45,0.74,315,80,417,1025,30.7,Alluvial,Mehsana,Annual,Sugarcane
6.79,0.5,0.93,447,40,334,1267,26.9,Alluvial,Junagadh,Annual,Sugarcane
7.08,0.63,1.14,418,55,468,1517,31.3,Alluvial,Surat,Annual,Sugarcane
6.56,0.73,0.64,417,76,345,1201,33.2,Alluvial,Rajkot,Annual,Sugarcane
7.24,0.71,1.15,356,73,499,1208,29.4,Alluvial,Gandhinagar,Annual,Sugarcane
6.89,0.67,1.06,316,56,549,1225,25.8,Alluvial,Bharuch,Annual,Sugarcane
6.59,0.35,0.66,358,56,482,975,32.1,Alluvial,Vadodara,Annual,Sugarcane
7.75,0.27,1.09,310,47,417,1289,26.7,Alluvial,Kutch,Annual,Sugarcane
7.69,0.48,1.07,374,56,313,1246,33.4,Alluvial,Navsari,Annual,Sugarcane
7.6,0.73,1.06,431,71,540,1108,27.7,Alluvial,Surendranagar,Annual,Sugarcane
7.9,0.3,1.01,347,68,378,1032,27.6,Alluvial,Navsari,Annual,Sugarcane
6.72,0.31,0.75,332,43,404,1503,24.5,Alluvial,Bharuch,Annual,Sugarcane
6.51,0.23,0.92,386,42,515,1538,24.2,Alluvial,Kutch,Annual,Sugarcane
6.52,0.53,0.84,335,40,341,1593,29.3,Alluvial,Mehsana,Annual,Sugarcane
7.72,0.69,0.68,432,47,322,1471,29.3,Alluvial,Ahmedabad,Annual,Sugarcane
7.43,0.56,0.88,416,50,401,1177,29.7,Alluvial,Junagadh,Annual,Sugarcane
7.82,0.66,0.91,436,52,403,1494,27.1,Alluvial,Surat,Annual,Sugarcane
7.21,0.27,0.77,328,45,476,1420,33.8,Alluvial,Ahmedabad,Annual,Sugarcane
7.05,0.34,1.02,394,51,485,1123,26.4,Alluvial,Kutch,Annual,Sugarcane
6.89,0.51,0.97,401,54,482,1121,26.5,Alluvial,Surendranagar,Annual,Sugarcane
7.84,0.71,1.12,425,67,372,1265,33.5,Alluvial,Mehsana,Annual,Sugarcane
7.13,0.23,0.87,412,69,418,1176,28.9,Alluvial,Bharuch,Annual,Sugarcane
7.78,0.28,1,371,56,530,1504,25.2,Alluvial,Ahmedabad,Annual,Sugarcane
6.75,0.32,0.61,327,55,402,1265,32.2,Alluvial,Ahmedabad,Annual,Sugarcane
7.71,0.48,1.18,423,53,455,1591,27.6,Alluvial,Junagadh,Annual,Sugarcane
7.74,0.59,1.2,425,43,497,1248,25.2,Alluvial,Bhavnagar,Annual,Sugarcane
7.17,0.73,1.13,409,46,523,1144,25.4,Alluvial,Banaskantha,Annual,Sugarcane
7.79,0.24,0.96,423,43,461,922,25.3,Alluvial,Kutch,Annual,Sugarcane
6.91,0.56,1.2,449,58,413,1466,30.6,Alluvial,Bhavnagar,Annual,Sugarcane
7.1,0.32,1.01,441,64,514,1033,29.3,Alluvial,Amreli,Annual,Sugarcane
7.55,0.33,1.16,321,77,539,982,28,Alluvial,Ahmedabad,Annual,Sugarcane
7.22,0.69,0.84,431,51,454,1044,26.5,Alluvial,Vadodara,Annual,Sugarcane
7.81,0.76,0.77,329,49,527,936,25.6,Alluvial,Surat,Annual,Sugarcane
6.82,0.52,0.62,343,56,470,1210,31.3,Alluvial,Vadodara,Annual,Sugarcane
6.96,0.68,0.85,338,79,448,1499,33.5,Alluvial,Rajkot,Annual,Sugarcane
7.76,0.43,0.84,340,51,366,1258,32.1,Alluvial,Surendranagar,Annual,Sugarcane
7.78,0.2,0.91,383,71,416,1446,31.9,Alluvial,Kutch,Annual,Sugarcane
7.75,0.6,0.9,359,61,329,987,32.1,Alluvial,Bharuch,Annual,Sugarcane
7.39,0.56,0.91,392,65,496,1406,31.3,Alluvial,Amreli,Annual,Sugarcane
7.74,0.62,0.95,304,75,407,1336,24,Alluvial,Vadodara,Annual,Sugarcane
7.57,0.75,1.14,393,68,409,1089,28.8,Alluvial,Kutch,Annual,Sugarcane
6.64,0.3,0.86,343,48,345,1061,24.3,Alluvial,Amreli,Annual,Sugarcane
7.38,0.65,0.89,441,77,438,1086,31.5,Alluvial,Ahmedabad,Annual,Sugarcane
7.45,0.49,0.63,372,42,500,1334,33.5,Alluvial,Gandhinagar,Annual,Sugarcane
6.88,0.66,0.83,437,60,547,1564,32.8,Alluvial,Amreli,Annual,Sugarcane
7.73,0.38,1.12,377,46,545,1182,25,Alluvial,Gandhinagar,Annual,Sugarcane
7.16,0.59,0.62,380,77,317,1144,32.1,Alluvial,Rajkot,Annual,Sugarcane
7.73,0.39,1.02,345,40,323,1448,28.1,Alluvial,Navsari,Annual,Sugarcane
7.45,0.27,1.07,420,48,520,1291,31,Alluvial,Vadodara,Annual,Sugarcane
7.88,0.43,0.85,380,43,345,1130,25.5,Alluvial,Navsari,Annual,Sugarcane
6.74,0.32,0.78,310,44,368,1529,28,Alluvial,Kutch,Annual,Sugarcane
6.96,0.48,0.81,432,40,492,1224,30.6,Alluvial,Rajkot,Annual,Sugarcane
7.58,0.68,0.74,333,75,356,1174,29.5,Alluvial,Junagadh,Annual,Sugarcane
7.37,0.75,1.12,319,74,511,1213,29.3,Alluvial,Surendranagar,Annual,Sugarcane
6.53,0.74,0.92,393,66,387,1162,27.6,Alluvial,Amreli,Annual,Sugarcane
7.14,0.59,1.12,426,40,490,1098,31.4,Alluvial,Surendranagar,Annual,Sugarcane
7.07,0.73,0.93,339,57,375,1286,27.8,Alluvial,Rajkot,Annual,Sugarcane
7.91,0.69,1.13,325,45,469,1116,33.4,Alluvial,Rajkot,Annual,Sugarcane
6.91,0.61,1.07,420,52,472,1203,29.9,Alluvial,Anand,Annual,Sugarcane
7.01,0.77,0.75,347,45,352,1084,31.1,Alluvial,Bharuch,Annual,Sugarcane
6.7,0.73,0.88,351,58,517,1331,29.5,Alluvial,Kutch,Annual,Sugarcane
7.92,0.74,0.97,326,42,305,1057,25.8,Alluvial,Bharuch,Annual,Sugarcane
7.53,0.55,0.61,387,47,439,984,26.5,Alluvial,Anand,Annual,Sugarcane
7.6,0.31,0.76,332,57,539,1216,31.5,Alluvial,Navsari,Annual,Sugarcane
7.46,0.25,0.91,397,54,549,1341,33.1,Alluvial,Kutch,Annual,Sugarcane
6.98,0.3,1.11,319,51,328,1149,28.1,Alluvial,Kutch,Annual,Sugarcane
6.6,0.77,0.9,405,58,517,1549,26.2,Alluvial,Gandhinagar,Annual,Sugarcane
7.61,0.29,0.93,419,76,528,1235,30.3,Alluvial,Mehsana,Annual,Sugarcane
7.2,0.72,0.83,412,77,334,1591,26.3,Alluvial,Bhavnagar,Annual,Sugarcane
6.69,0.67,0.86,439,63,442,1028,25.5,Alluvial,Vadodara,Annual,Sugarcane
6.84,0.28,0.84,379,58,407,928,30.5,Alluvial,Rajkot,Annual,Sugarcane
6.87,0.28,0.75,305,51,547,992,26.1,Alluvial,Amreli,Annual,Sugarcane
6.95,0.6,1.12,388,79,498,1521,31.3,Alluvial,Surendranagar,Annual,Sugarcane
7.18,0.58,1,415,66,541,1409,32,Alluvial,Banaskantha,Annual,Sugarcane
7.9,0.38,0.62,438,43,335,1557,29.1,Alluvial,Rajkot,Annual,Sugarcane
6.53,0.34,0.72,323,64,385,1154,30.2,Alluvial,Bharuch,Annual,Sugarcane
6.62,0.8,0.7,406,77,317,1120,30.5,Alluvial,Surat,Annual,Sugarcane
6.78,0.21,0.91,368,63,427,1533,32.6,Alluvial,Junagadh,Annual,Sugarcane
7.08,0.2,0.81,303,64,441,1304,31,Alluvial,Gandhinagar,Annual,Sugarcane
6.83,0.4,1.01,300,77,312,1325,32,Alluvial,Surat,Annual,Sugarcane
7.47,0.43,1.18,444,80,537,1391,27.3,Alluvial,Junagadh,Annual,Sugarcane
7.8,0.32,0.97,309,79,397,1373,29.9,Alluvial,Banaskantha,Annual,Sugarcane
7.71,0.73,0.95,356,65,430,1044,26.8,Alluvial,Navsari,Annual,Sugarcane
7.77,0.8,0.66,302,51,318,1597,25.9,Alluvial,Vadodara,Annual,Sugarcane
7.15,0.75,1.12,398,55,324,1411,30.7,Alluvial,Navsari,Annual,Sugarcane
6.86,0.6,0.86,423,53,310,1097,25.2,Alluvial,Surat,Annual,Sugarcane
7.84,0.66,0.95,327,72,459,1479,33,Alluvial,Mehsana,Annual,Sugarcane
6.96,0.32,0.7,450,53,534,946,28.9,Alluvial,Junagadh,Annual,Sugarcane
6.57,0.44,1.09,349,54,394,1298,30.6,Alluvial,Amreli,Annual,Sugarcane
6.94,0.8,1.12,430,75,448,1070,33.5,Alluvial,Surendranagar,Annual,Sugarcane
7.36,0.27,1.05,403,40,458,1011,32.8,Alluvial,Surendranagar,Annual,Sugarcane
7.72,0.21,0.97,402,62,367,1096,24.9,Alluvial,Vadodara,Annual,Sugarcane
6.85,0.77,0.8,426,71,397,1516,29.5,Alluvial,Anand,Annual,Sugarcane
7.59,0.23,1.18,417,52,391,1533,24.2,Alluvial,Navsari,Annual,Sugarcane
6.58,0.27,0.69,408,64,526,1289,33.5,Alluvial,Anand,Annual,Sugarcane
7.63,0.55,0.87,434,51,311,1323,33.8,Alluvial,Ahmedabad,Annual,Sugarcane
6.62,0.5,0.9,431,76,367,1292,27.5,Alluvial,Navsari,Annual,Sugarcane
7.8,0.78,0.85,413,75,485,1039,24.6,Alluvial,Gandhinagar,Annual,Sugarcane
7.76,0.74,0.99,435,69,434,1329,32.6,Alluvial,Ahmedabad,Annual,Sugarcane
7.16,0.23,0.69,330,52,466,1093,27,Alluvial,Kutch,Annual,Sugarcane
7.02,0.69,0.85,420,70,384,1227,31.9,Alluvial,Amreli,Annual,Sugarcane
7.8,0.31,0.89,343,68,546,1386,30.1,Alluvial,Mehsana,Annual,Sugarcane
7.27,0.2,0.77,379,78,318,1137,25.6,Alluvial,Bhavnagar,Annual,Sugarcane
6.83,0.63,1.1,394,73,414,1301,31.6,Alluvial,Ahmedabad,Annual,Sugarcane
6.52,0.79,1.13,318,79,439,1057,24.7,Alluvial,Banaskantha,Annual,Sugarcane
7.15,0.28,1.17,411,61,529,1411,32.6,Alluvial,Kutch,Annual,Sugarcane
7.5,0.33,0.87,414,65,460,980,25.1,Alluvial,Kutch,Annual,Sugarcane
6.62,0.72,0.6,385,79,427,1419,24.7,Alluvial,Anand,Annual,Sugarcane
7.26,0.65,0.7,380,54,546,1162,31.7,Alluvial,Kutch,Annual,Sugarcane
7.15,0.4,0.63,364,40,344,1245,25.4,Alluvial,Navsari,Annual,Sugarcane
7.03,0.55,0.87,373,80,429,986,32.8,Alluvial,Ahmedabad,Annual,Sugarcane
6.64,0.29,0.95,427,44,412,1459,33.2,Alluvial,Surendranagar,Annual,Sugarcane
7.44,0.72,0.96,377,58,379,1367,28.8,Alluvial,Surat,Annual,Sugarcane
6.81,0.36,0.91,373,57,492,1033,26.3,Alluvial,Anand,Annual,Sugarcane
7.53,0.68,0.89,429,62,339,1324,30.7,Alluvial,Ahmedabad,Annual,Sugarcane
7.85,0.53,0.97,334,76,430,1537,32,Alluvial,Rajkot,Annual,Sugarcane
6.87,0.68,0.62,348,62,456,1410,30.7,Alluvial,Kutch,Annual,Sugarcane
7.41,0.7,0.91,346,70,393,1279,28.6,Alluvial,Anand,Annual,Sugarcane
7.42,0.73,0.62,340,78,455,1048,27.3,Alluvial,Navsari,Annual,Sugarcane
7.15,0.75,1.1,375,75,503,1454,27.7,Alluvial,Banaskantha,Annual,Sugarcane
6.84,0.61,1.11,347,69,483,1077,29.5,Alluvial,Amreli,Annual,Sugarcane
7.19,0.74,0.71,382,59,409,1097,30,Alluvial,Ahmedabad,Annual,Sugarcane
6.64,0.61,1.07,391,73,331,1027,25.9,Alluvial,Gandhinagar,Annual,Sugarcane
7.96,0.55,0.89,357,41,323,946,26.5,Alluvial,Mehsana,Annual,Sugarcane
7.54,0.72,0.96,316,49,547,961,31,Alluvial,Bhavnagar,Annual,Sugarcane
7.92,0.58,0.73,388,76,532,1372,24.3,Alluvial,Surat,Annual,Sugarcane
7.02,0.33,0.89,318,69,419,1220,24.5,Alluvial,Surendranagar,Annual,Sugarcane
7.37,0.33,0.9,420,48,500,1172,29.5,Alluvial,Vadodara,Annual,Sugarcane
6.57,0.46,0.85,407,47,462,1161,24,Alluvial,Vadodara,Annual,Sugarcane
6.72,0.71,1.09,306,80,436,1066,32.8,Alluvial,Ahmedabad,Annual,Sugarcane
7.35,0.39,1.05,359,62,358,1127,30.9,Alluvial,Surendranagar,Annual,Sugarcane
7.8,0.49,1.13,362,75,461,1158,24.9,Alluvial,Navsari,Annual,Sugarcane
6.65,0.74,1.14,346,73,505,1368,32.2,Alluvial,Surendranagar,Annual,Sugarcane
6.86,0.3,0.92,414,60,352,1063,24.3,Alluvial,Junagadh,Annual,Sugarcane
7.16,0.57,0.93,375,70,331,1581,29.4,Alluvial,Surendranagar,Annual,Sugarcane
6.55,0.47,0.78,313,48,474,1227,24.5,Alluvial,Amreli,Annual,Sugarcane
7.24,0.61,0.88,398,73,392,1192,24.2,Alluvial,Navsari,Annual,Sugarcane
7.55,0.41,0.72,349,45,352,1103,30.3,Alluvial,Anand,Annual,Sugarcane
7.75,0.57,0.65,340,79,437,1396,31.5,Alluvial,Bhavnagar,Annual,Sugarcane
7.45,0.4,0.9,430,74,378,1369,31.1,Alluvial,Rajkot,Annual,Sugarcane
7.53,0.49,0.85,345,70,463,990,27.6,Alluvial,Kutch,Annual,Sugarcane
6.61,0.26,1.05,422,71,316,924,28.8,Alluvial,Gandhinagar,Annual,Sugarcane
7.62,0.26,0.83,345,72,327,1577,30.7,Alluvial,Mehsana,Annual,Sugarcane
7.17,0.6,1.07,401,46,458,1033,24,Alluvial,Junagadh,Annual,Sugarcane
6.6,0.3,1.02,375,53,455,1023,27.3,Alluvial,Bharuch,Annual,Sugarcane
6.57,0.72,1.18,314,69,449,1403,29,Alluvial,Navsari,Annual,Sugarcane
7.01,0.21,1.05,327,69,311,1352,30.5,Alluvial,Surendranagar,Annual,Sugarcane
7.37,0.38,0.97,398,73,338,1356,28.4,Alluvial,Vadodara,Annual,Sugarcane
6.89,0.79,1.02,430,54,308,1367,33.5,Alluvial,Ahmedabad,Annual,Sugarcane
7.02,0.71,0.71,423,76,490,1518,26.6,Alluvial,Bhavnagar,Annual,Sugarcane
6.96,0.46,1,393,62,410,1575,26.1,Alluvial,Vadodara,Annual,Sugarcane
7.03,0.29,0.73,392,51,502,915,32.9,Alluvial,Kutch,Annual,Sugarcane
7.21,0.34,1.1,357,52,433,1435,27.9,Alluvial,Rajkot,Annual,Sugarcane
6.66,0.4,0.85,323,61,352,1208,26.6,Alluvial,Gandhinagar,Annual,Sugarcane
6.53,0.65,1.1,426,52,303,1231,25.5,Alluvial,Vadodara,Annual,Sugarcane
6.72,0.38,1.2,360,61,306,1572,33.2,Alluvial,Kutch,Annual,Sugarcane
7.6,0.66,1.12,404,52,522,1050,33.7,Alluvial,Bharuch,Annual,Sugarcane
6.58,0.48,0.84,347,43,470,956,24.2,Alluvial,Ahmedabad,Annual,Sugarcane
7.68,0.27,1,307,78,466,1211,29.5,Alluvial,Junagadh,Annual,Sugarcane
7.57,0.77,1.18,380,50,328,1031,25.8,Alluvial,Anand,Annual,Sugarcane
7.03,0.31,0.65,399,60,511,1277,29.3,Alluvial,Ahmedabad,Annual,Sugarcane
6.74,0.56,1.16,304,54,316,1138,25.5,Alluvial,Kutch,Annual,Sugarcane
6.82,0.79,0.68,304,77,498,1420,27.3,Alluvial,Navsari,Annual,Sugarcane
